Prognosemodell-Auswertung
==================================================
Prognoseprüfungen gesamt: 6.327
Richtig (+/-30 % oder +/-5 min): 5.230
Trefferquote: 82,66 %
Prognose-Abbrüche: 108
Aufnahmeprognose-Abweisungen: 57
Mittlere geschaetzte Restzeit: 59,37 min
Mittlere tatsaechliche Restzeit: 66,63 min
Mittlere absolute Abweichung: 19,59 min
Mittlere prognostizierte Bearbeitungs-Restzeit: 8,15 min
Mittlere gesampelte Bearbeitungs-Restzeit: 8,15 min
Mittlere absolute Bearbeitungs-Abweichung: 0,00 min

Trefferquote je Phase
--------------------------------------------------
Ankunft: 975/1357 (71,85 %) | Prognose 99,31 min | Ist 98,04 min | abs. Abw. 41,30 min
  Bearbeitung: Prognose 11,86 min | Sample 11,86 min | abs. Abw. 0,00 min
NachArzt: 1234/1235 (99,92 %) | Prognose 22,00 min | Ist 22,03 min | abs. Abw. 0,03 min
  Bearbeitung: Prognose 1,22 min | Sample 1,22 min | abs. Abw. 0,00 min
NachRezeption: 1021/1259 (81,10 %) | Prognose 60,38 min | Ist 72,82 min | abs. Abw. 19,08 min
  Bearbeitung: Prognose 9,90 min | Sample 9,90 min | abs. Abw. 0,00 min
NachSchwester: 505/612 (82,52 %) | Prognose 65,75 min | Ist 80,36 min | abs. Abw. 20,17 min
  Bearbeitung: Prognose 7,87 min | Sample 7,87 min | abs. Abw. 0,00 min
VorArzt: 1011/1252 (80,75 %) | Prognose 44,69 min | Ist 54,63 min | abs. Abw. 14,33 min
  Bearbeitung: Prognose 7,73 min | Sample 7,73 min | abs. Abw. 0,00 min
VorSchwester: 484/612 (79,08 %) | Prognose 67,77 min | Ist 85,05 min | abs. Abw. 22,19 min
  Bearbeitung: Prognose 12,31 min | Sample 12,31 min | abs. Abw. 0,00 min


Details
PatientId;Phase;ZeitpunktMin;PrognoseRestMin;IstRestMin;AbweichungMin;AbweichungProzent;PrognoseBearbeitungsRestMin;GesampelteBearbeitungsRestMin;AbweichungBearbeitungMin;AbweichungBearbeitungProzent;Korrekt;PrognoseFertigBisSchichtende
1;Ankunft;0.00;14.57;18.81;-4.23;-22.51;13.38;13.38;0.00;0.00;1;1
1;NachRezeption;1.52;13.05;17.28;-4.23;-24.49;11.94;11.94;0.00;0.00;1;1
1;VorArzt;2.22;13.36;16.59;-3.23;-19.46;11.94;11.94;0.00;0.00;1;1
1;NachArzt;11.73;7.08;7.08;0.00;0.00;2.60;2.60;0.00;0.00;1;1
3;Ankunft;7.85;27.65;29.60;-1.95;-6.60;25.83;25.83;0.00;0.00;1;1
3;NachRezeption;13.42;27.06;24.02;3.04;12.66;20.33;20.33;0.00;0.00;1;1
3;VorSchwester;13.42;27.06;24.02;3.04;12.66;20.33;20.33;0.00;0.00;1;1
3;NachSchwester;18.39;17.14;19.06;-1.92;-10.07;15.54;15.54;0.00;0.00;1;1
3;VorArzt;19.24;15.95;18.21;-2.26;-12.39;15.54;15.54;0.00;0.00;1;1
3;NachArzt;30.32;7.13;7.13;0.00;0.00;4.62;4.62;-0.00;-0.00;1;1
7;Ankunft;27.39;10.95;11.29;-0.33;-2.95;7.88;7.88;0.00;0.00;1;1
7;NachRezeption;28.16;10.36;10.52;-0.17;-1.58;7.20;7.20;0.00;0.00;1;1
7;VorSchwester;28.16;10.36;10.52;-0.17;-1.58;7.20;7.20;0.00;0.00;1;1
7;NachSchwester;32.38;6.30;6.30;0.00;0.00;3.14;3.14;0.00;0.00;1;1
7;VorArzt;32.63;6.05;6.05;0.00;0.00;3.14;3.14;0.00;0.00;1;1
7;NachArzt;38.43;0.25;0.25;0.00;0.00;0.00;0.00;0.00;;1;1
4;Ankunft;9.71;20.45;31.28;-10.83;-34.61;7.15;7.15;0.00;0.00;0;1
4;NachRezeption;16.13;12.91;24.86;-11.95;-48.06;4.45;4.45;0.00;0.00;0;1
4;VorArzt;21.58;15.44;19.41;-3.97;-20.46;4.45;4.45;0.00;0.00;1;1
4;NachArzt;32.19;8.79;8.79;0.00;0.00;2.74;2.74;0.00;0.00;1;1
5;Ankunft;19.54;17.88;23.20;-5.33;-22.96;10.96;10.96;0.00;0.00;1;1
5;NachRezeption;23.41;15.39;19.34;-3.95;-20.42;7.18;7.18;0.00;0.00;1;1
5;VorSchwester;23.41;15.39;19.34;-3.95;-20.42;7.18;7.18;0.00;0.00;1;1
5;NachSchwester;26.23;10.74;16.52;-5.78;-34.98;4.52;4.52;0.00;0.00;0;1
5;VorArzt;26.82;10.14;15.92;-5.78;-36.29;4.52;4.52;0.00;0.00;0;1
5;NachArzt;35.12;7.62;7.62;0.00;0.00;1.76;1.76;0.00;0.00;1;1
2;Ankunft;1.72;88.03;41.95;46.08;109.86;33.02;33.02;0.00;0.00;0;1
2;NachRezeption;3.22;35.84;40.44;-4.60;-11.39;31.60;31.60;0.00;0.00;1;1
2;VorSchwester;3.22;35.84;40.44;-4.60;-11.39;31.60;31.60;0.00;0.00;1;1
2;NachSchwester;12.67;32.45;31.00;1.45;4.68;22.32;22.32;0.00;0.00;1;1
2;VorArzt;16.32;25.14;27.34;-2.20;-8.06;22.32;22.32;0.00;0.00;1;1
2;NachArzt;37.89;5.78;5.78;0.00;0.00;0.92;0.92;0.00;0.00;1;1
6;Ankunft;22.74;20.97;21.40;-0.44;-2.04;7.49;7.49;0.00;0.00;1;1
6;NachRezeption;25.07;18.63;19.07;-0.44;-2.29;5.83;5.83;0.00;0.00;1;1
6;VorArzt;37.45;6.69;6.69;0.00;0.00;5.83;5.83;0.00;0.00;1;1
6;NachArzt;43.89;0.25;0.25;0.00;0.00;0.00;0.00;0.00;;1;1
10;Ankunft;40.02;17.25;16.89;0.36;2.14;12.46;12.46;0.00;0.00;1;1
10;NachRezeption;45.04;11.87;11.87;0.00;0.00;11.01;11.01;0.00;0.00;1;1
10;VorSchwester;45.04;11.87;11.87;0.00;0.00;11.01;11.01;0.00;0.00;1;1
10;NachSchwester;50.11;6.79;6.79;0.00;0.00;6.09;6.09;-0.00;-0.00;1;1
10;VorArzt;50.40;6.51;6.51;0.00;0.00;6.09;6.09;-0.00;-0.00;1;1
10;NachArzt;56.66;0.25;0.25;0.00;0.00;0.00;0.00;0.00;;1;1
11;Ankunft;42.92;18.03;14.18;3.86;27.20;9.13;9.13;0.00;0.00;1;1
11;NachRezeption;50.10;8.82;7.00;1.82;25.99;4.07;4.07;0.00;0.00;1;1
11;VorSchwester;50.10;8.82;7.00;1.82;25.99;4.07;4.07;0.00;0.00;1;1
11;NachSchwester;51.79;6.06;5.30;0.76;14.26;2.55;2.55;0.00;0.00;1;1
11;VorArzt;54.13;2.96;2.96;0.00;0.00;2.55;2.55;0.00;0.00;1;1
11;NachArzt;55.69;1.41;1.41;0.00;0.00;1.16;1.16;0.00;0.00;1;1
12;Ankunft;44.19;27.21;21.10;6.11;28.94;13.36;13.36;0.00;0.00;1;1
12;NachRezeption;50.33;16.53;14.95;1.58;10.57;13.12;13.12;-0.00;-0.00;1;1
12;VorSchwester;50.33;16.53;14.95;1.58;10.57;13.12;13.12;-0.00;-0.00;1;1
12;NachSchwester;56.20;9.89;9.09;0.81;8.91;7.42;7.42;-0.00;-0.00;1;1
12;VorArzt;57.45;10.19;7.84;2.35;30.02;7.42;7.42;-0.00;-0.00;1;1
12;NachArzt;62.96;2.33;2.33;0.00;0.00;2.08;2.08;-0.00;-0.00;1;1
13;Ankunft;45.90;23.04;22.08;0.96;4.33;11.39;11.39;0.00;0.00;1;1
13;NachRezeption;51.92;14.47;16.07;-1.60;-9.97;9.81;9.81;0.00;0.00;1;1
13;VorArzt;54.28;11.61;13.71;-2.09;-15.27;9.81;9.81;0.00;0.00;1;1
13;NachArzt;64.85;3.13;3.13;0.00;0.00;0.81;0.81;0.00;0.00;1;1
19;Ankunft;70.72;4.85;4.85;0.00;0.00;2.45;2.45;0.00;0.00;1;1
19;NachRezeption;71.66;3.91;3.91;0.00;0.00;1.60;1.60;0.00;0.00;1;1
19;VorArzt;73.55;2.01;2.01;0.00;0.00;1.60;1.60;0.00;0.00;1;1
19;NachArzt;75.31;0.25;0.25;0.00;0.00;0.00;0.00;0.00;;1;1
20;Ankunft;70.73;6.37;6.37;0.00;0.00;3.51;3.51;0.00;0.00;1;1
20;NachRezeption;72.50;4.60;4.60;0.00;0.00;2.67;2.67;0.00;0.00;1;1
20;VorArzt;74.01;3.08;3.08;0.00;0.00;2.67;2.67;0.00;0.00;1;1
20;NachArzt;76.85;0.25;0.25;0.00;0.00;0.00;0.00;0.00;;1;1
17;Ankunft;63.15;20.35;19.28;1.07;5.53;8.34;8.34;0.00;0.00;1;1
17;NachRezeption;67.09;15.17;15.35;-0.18;-1.15;6.46;6.46;0.00;0.00;1;1
17;VorArzt;74.56;7.63;7.87;-0.24;-3.03;6.46;6.46;0.00;0.00;1;1
17;NachArzt;78.93;3.50;3.50;0.00;0.00;3.02;3.02;0.00;0.00;1;1
21;Ankunft;73.37;18.69;17.08;1.60;9.39;16.05;16.05;0.00;0.00;1;1
21;NachRezeption;74.01;16.45;16.45;0.00;0.00;15.49;15.49;0.00;0.00;1;1
21;VorSchwester;74.01;16.45;16.45;0.00;0.00;15.49;15.49;0.00;0.00;1;1
21;NachSchwester;78.27;12.19;12.19;0.00;0.00;11.40;11.40;0.00;0.00;1;1
21;VorArzt;78.64;11.82;11.82;0.00;0.00;11.40;11.40;0.00;0.00;1;1
21;NachArzt;90.21;0.25;0.25;0.00;0.00;0.00;0.00;0.00;;1;1
18;Ankunft;69.60;23.71;21.88;1.83;8.36;12.13;12.13;0.00;0.00;1;1
18;NachRezeption;70.14;21.34;21.34;0.00;0.00;11.68;11.68;0.00;0.00;1;1
18;VorSchwester;70.14;21.34;21.34;0.00;0.00;11.68;11.68;0.00;0.00;1;1
18;NachSchwester;74.93;16.55;16.55;0.00;0.00;7.05;7.05;0.00;0.00;1;1
18;VorArzt;84.01;7.47;7.47;0.00;0.00;7.05;7.05;0.00;0.00;1;1
18;NachArzt;91.23;0.25;0.25;0.00;0.00;0.00;0.00;0.00;;1;1
23;Ankunft;79.13;23.76;20.87;2.89;13.83;16.43;16.43;0.00;0.00;1;1
23;NachRezeption;84.74;15.34;15.26;0.08;0.53;14.04;14.04;0.00;0.00;1;1
23;VorSchwester;84.74;15.34;15.26;0.08;0.53;14.04;14.04;0.00;0.00;1;1
23;NachSchwester;90.68;9.32;9.32;0.00;0.00;8.27;8.27;0.00;0.00;1;1
23;VorArzt;91.31;8.69;8.69;0.00;0.00;8.27;8.27;0.00;0.00;1;1
23;NachArzt;99.75;0.25;0.25;0.00;0.00;0.00;0.00;0.00;;1;1
9;Ankunft;31.78;69.64;80.32;-10.68;-13.29;7.91;7.91;0.00;0.00;1;1
9;NachRezeption;38.16;59.09;73.93;-14.85;-20.08;7.11;7.11;-0.00;-0.00;1;1
9;VorSchwester;38.16;59.09;73.93;-14.85;-20.08;7.11;7.11;-0.00;-0.00;1;1
9;NachSchwester;41.01;54.84;71.08;-16.24;-22.85;4.43;4.43;0.00;0.00;1;1
9;VorArzt;86.98;27.63;25.11;2.52;10.05;4.43;4.43;0.00;0.00;1;1
9;NachArzt;93.33;18.77;18.77;0.00;0.00;1.47;1.47;0.00;0.00;1;1
28;Ankunft;89.18;29.66;29.12;0.54;1.87;7.91;7.91;0.00;0.00;1;1
28;NachRezeption;110.54;7.75;7.75;0.00;0.00;6.91;6.91;0.00;0.00;1;1
28;VorArzt;110.97;7.33;7.33;0.00;0.00;6.91;6.91;0.00;0.00;1;1
28;NachArzt;118.04;0.25;0.25;0.00;0.00;0.00;0.00;0.00;;1;1
25;Ankunft;82.55;23.19;36.48;-13.29;-36.44;9.80;9.80;0.00;0.00;0;1
25;NachRezeption;88.63;31.71;30.41;1.31;4.29;7.27;7.27;-0.00;-0.00;1;1
25;VorArzt;91.74;28.08;27.30;0.79;2.88;7.27;7.27;-0.00;-0.00;1;1
25;NachArzt;100.29;18.75;18.75;0.00;0.00;0.48;0.48;-0.00;-0.00;1;1
30;Ankunft;94.41;25.18;24.81;0.37;1.48;5.08;5.08;0.00;0.00;1;1
30;NachRezeption;116.78;2.44;2.44;0.00;0.00;1.11;1.11;0.00;0.00;1;1
30;VorArzt;117.70;1.53;1.53;0.00;0.00;1.11;1.11;0.00;0.00;1;1
30;NachArzt;118.97;0.25;0.25;0.00;0.00;0.00;0.00;0.00;;1;1
16;Ankunft;57.06;51.28;63.70;-12.42;-19.49;12.99;12.99;0.00;0.00;1;1
16;NachRezeption;59.81;44.90;60.95;-16.04;-26.32;10.32;10.32;0.00;0.00;1;1
16;VorSchwester;59.81;44.90;60.95;-16.04;-26.32;10.32;10.32;0.00;0.00;1;1
16;NachSchwester;63.99;43.82;56.77;-12.94;-22.80;6.31;6.31;0.00;0.00;1;1
16;VorArzt;97.99;28.98;22.77;6.21;27.28;6.31;6.31;0.00;0.00;1;1
16;NachArzt;105.34;15.41;15.41;0.00;0.00;0.88;0.88;0.00;0.00;1;1
55;Ankunft;131.45;376.24;0.00;376.24;;13.16;;;;0;0
34;Ankunft;106.19;25.77;25.77;0.00;0.00;6.30;6.30;0.00;0.00;1;1
34;NachRezeption;124.06;7.90;7.90;0.00;0.00;4.53;4.53;0.00;0.00;1;1
34;VorArzt;127.02;4.94;4.94;0.00;0.00;4.53;4.53;0.00;0.00;1;1
34;NachArzt;131.71;0.25;0.25;0.00;0.00;0.00;0.00;0.00;;1;1
33;Ankunft;105.57;24.92;27.00;-2.07;-7.68;7.56;7.56;0.00;0.00;1;1
33;NachRezeption;122.30;10.10;10.27;-0.17;-1.62;5.93;5.93;0.00;0.00;1;1
33;VorArzt;124.14;8.42;8.42;0.00;0.00;5.93;5.93;0.00;0.00;1;1
33;NachArzt;132.32;0.25;0.25;0.00;0.00;0.00;0.00;0.00;;1;1
22;Ankunft;78.79;45.23;58.75;-13.52;-23.01;12.25;12.25;0.00;0.00;1;1
22;NachRezeption;79.33;43.68;58.20;-14.52;-24.95;11.79;11.79;0.00;0.00;1;1
22;VorSchwester;79.33;43.68;58.20;-14.52;-24.95;11.79;11.79;0.00;0.00;1;1
22;NachSchwester;83.32;39.60;54.22;-14.62;-26.97;7.97;7.97;0.00;0.00;1;1
22;VorArzt;109.21;28.64;28.32;0.32;1.14;7.97;7.97;0.00;0.00;1;1
22;NachArzt;112.11;25.43;25.43;0.00;0.00;5.24;5.24;0.00;0.00;1;1
14;Ankunft;50.85;77.72;89.82;-12.09;-13.47;10.00;10.00;0.00;0.00;1;1
14;NachRezeption;52.55;64.09;88.11;-24.03;-27.27;9.37;9.37;0.00;0.00;1;1
14;VorSchwester;52.55;64.09;88.11;-24.03;-27.27;9.37;9.37;0.00;0.00;1;1
14;NachSchwester;57.48;61.48;83.18;-21.70;-26.09;4.60;4.60;-0.00;-0.00;1;1
14;VorArzt;111.62;26.10;29.05;-2.94;-10.13;4.60;4.60;-0.00;-0.00;1;1
14;NachArzt;116.65;24.01;24.01;0.00;0.00;0.23;0.23;-0.00;-0.00;1;1
35;Ankunft;108.06;32.47;34.64;-2.17;-6.26;15.37;15.37;0.00;0.00;1;1
35;NachRezeption;129.47;13.22;13.22;0.00;0.00;9.96;9.96;0.00;0.00;1;1
35;VorArzt;130.15;12.55;12.55;0.00;0.00;9.96;9.96;0.00;0.00;1;1
35;NachArzt;142.45;0.25;0.25;0.00;0.00;0.00;0.00;0.00;;1;1
40;Ankunft;115.78;29.83;34.62;-4.79;-13.83;4.43;4.43;0.00;0.00;1;1
40;NachRezeption;140.35;10.05;10.05;0.00;0.00;3.77;3.77;0.00;0.00;1;1
40;VorSchwester;140.35;10.05;10.05;0.00;0.00;3.77;3.77;0.00;0.00;1;1
40;NachSchwester;142.49;9.65;7.91;1.73;21.88;1.81;1.81;0.00;0.00;1;1
40;VorArzt;142.89;9.37;7.51;1.86;24.75;1.81;1.81;0.00;0.00;1;1
40;NachArzt;150.15;0.25;0.25;0.00;0.00;0.00;0.00;0.00;;1;1
39;Ankunft;114.47;31.25;37.95;-6.70;-17.66;4.58;4.58;0.00;0.00;1;1
39;NachRezeption;139.69;10.76;12.74;-1.97;-15.48;3.59;3.59;-0.00;-0.00;1;1
39;VorSchwester;139.69;10.76;12.74;-1.97;-15.48;3.59;3.59;-0.00;-0.00;1;1
39;NachSchwester;141.58;8.70;10.84;-2.14;-19.73;1.86;1.86;-0.00;-0.00;1;1
39;VorArzt;143.20;7.25;9.23;-1.97;-21.38;1.86;1.86;-0.00;-0.00;1;1
39;NachArzt;152.18;0.25;0.25;0.00;0.00;0.00;0.00;0.00;;1;1
37;Ankunft;110.77;53.19;60.45;-7.25;-12.00;11.47;11.47;0.00;0.00;1;1
37;NachRezeption;132.21;26.88;39.01;-12.13;-31.09;9.40;9.40;0.00;0.00;0;1
37;VorSchwester;132.21;26.88;39.01;-12.13;-31.09;9.40;9.40;0.00;0.00;0;1
37;NachSchwester;135.55;23.54;35.67;-12.13;-34.00;6.23;6.23;0.00;0.00;0;1
37;VorArzt;152.44;19.75;18.77;0.97;5.19;6.23;6.23;0.00;0.00;1;1
37;NachArzt;170.97;0.25;0.25;0.00;0.00;0.00;0.00;0.00;;1;1
43;Ankunft;118.35;54.72;60.66;-5.94;-9.79;6.21;6.21;0.00;0.00;1;1
43;NachRezeption;169.49;9.51;9.51;0.00;0.00;2.89;2.89;0.00;0.00;1;1
43;VorArzt;169.76;9.24;9.24;0.00;0.00;2.89;2.89;0.00;0.00;1;1
43;NachArzt;178.75;0.25;0.25;0.00;0.00;0.00;0.00;0.00;;1;1
44;Ankunft;119.67;60.22;67.68;-7.46;-11.02;9.12;9.12;0.00;0.00;1;1
44;NachRezeption;170.42;16.77;16.93;-0.17;-0.98;8.19;8.19;0.00;0.00;1;1
44;VorArzt;171.29;15.89;16.06;-0.17;-1.04;8.19;8.19;0.00;0.00;1;1
44;NachArzt;187.10;0.25;0.25;0.00;0.00;0.00;0.00;0.00;;1;1
48;Ankunft;123.76;62.26;65.85;-3.59;-5.45;9.89;9.89;0.00;0.00;1;1
48;NachRezeption;178.00;11.61;11.61;0.00;0.00;7.13;7.13;0.00;0.00;1;1
48;VorArzt;178.47;11.14;11.14;0.00;0.00;7.13;7.13;0.00;0.00;1;1
48;NachArzt;189.36;0.25;0.25;0.00;0.00;0.00;0.00;0.00;;1;1
31;Ankunft;96.83;69.00;97.62;-28.62;-29.32;12.43;12.43;0.00;0.00;1;1
31;NachRezeption;118.47;64.75;75.98;-11.23;-14.78;10.74;10.74;0.00;0.00;1;1
31;VorSchwester;118.47;64.75;75.98;-11.23;-14.78;10.74;10.74;0.00;0.00;1;1
31;NachSchwester;120.51;61.62;73.95;-12.33;-16.67;8.87;8.87;0.00;0.00;1;1
31;VorArzt;122.92;61.60;71.53;-9.93;-13.88;8.87;8.87;0.00;0.00;1;1
31;NachArzt;126.21;68.24;68.24;0.00;0.00;5.74;5.74;0.00;0.00;1;1
32;Ankunft;104.85;36.50;89.97;-53.47;-59.43;4.97;4.97;0.00;0.00;0;1
32;NachRezeption;119.79;58.10;75.04;-16.94;-22.57;4.13;4.13;0.00;0.00;1;1
32;VorArzt;122.70;54.59;72.12;-17.53;-24.31;4.13;4.13;0.00;0.00;1;1
32;NachArzt;126.63;68.19;68.19;0.00;0.00;0.37;0.37;0.00;0.00;1;1
15;Ankunft;53.13;81.05;145.69;-64.65;-44.37;7.31;7.31;0.00;0.00;0;1
15;NachRezeption;54.11;80.07;144.72;-64.65;-44.67;6.42;6.42;0.00;0.00;0;1
15;VorArzt;127.34;79.69;71.48;8.20;11.48;6.42;6.42;0.00;0.00;1;1
15;NachArzt;136.91;61.92;61.92;0.00;0.00;1.39;1.39;0.00;0.00;1;1
92;Ankunft;202.97;327.07;0.00;327.07;;12.39;;;;0;0
26;Ankunft;84.49;75.52;118.59;-43.07;-36.32;28.39;28.39;0.00;0.00;0;1
26;NachRezeption;106.55;59.65;96.53;-36.88;-38.21;10.46;10.46;-0.00;-0.00;0;1
26;VorSchwester;106.55;59.65;96.53;-36.88;-38.21;10.46;10.46;-0.00;-0.00;0;1
26;NachSchwester;110.69;57.44;92.39;-34.94;-37.82;6.49;6.49;-0.00;-0.00;0;1
26;VorArzt;141.78;67.87;61.30;6.57;10.71;6.49;6.49;-0.00;-0.00;1;1
26;NachArzt;148.18;54.90;54.90;0.00;0.00;0.93;0.93;-0.00;-0.00;1;1
36;Ankunft;110.48;56.55;93.37;-36.82;-39.43;16.06;16.06;0.00;0.00;0;1
36;NachRezeption;130.14;88.09;73.71;14.38;19.51;15.39;15.39;0.00;0.00;1;1
36;VorArzt;132.23;84.74;71.62;13.12;18.32;15.39;15.39;0.00;0.00;1;1
36;NachArzt;152.24;51.61;51.61;0.00;0.00;0.23;0.23;0.00;0.00;1;1
98;Ankunft;213.23;314.55;0.00;314.55;;17.10;;;;0;0
38;Ankunft;112.22;70.78;101.89;-31.11;-30.53;15.08;15.08;0.00;0.00;0;1
38;NachRezeption;138.70;86.93;75.40;11.53;15.29;13.83;13.83;0.00;0.00;1;1
38;VorArzt;143.51;81.14;70.59;10.55;14.94;13.83;13.83;0.00;0.00;1;1
38;NachArzt;164.57;49.54;49.54;0.00;0.00;1.61;1.61;0.00;0.00;1;1
41;Ankunft;116.78;76.70;99.08;-22.38;-22.59;25.18;25.18;0.00;0.00;1;1
41;NachRezeption;141.67;86.44;74.19;12.25;16.52;24.10;24.10;0.00;0.00;1;1
41;VorSchwester;141.67;86.44;74.19;12.25;16.52;24.10;24.10;0.00;0.00;1;1
41;NachSchwester;151.04;68.47;64.82;3.65;5.63;14.89;14.89;0.00;0.00;1;1
41;VorArzt;151.32;67.91;64.54;3.37;5.22;14.89;14.89;0.00;0.00;1;1
41;NachArzt;165.54;50.32;50.32;0.00;0.00;1.76;1.76;0.00;0.00;1;1
66;Ankunft;159.26;58.91;57.57;1.34;2.32;4.54;4.54;0.00;0.00;1;1
66;NachRezeption;211.28;5.44;5.56;-0.11;-2.04;2.90;2.90;0.00;0.00;1;1
66;VorArzt;211.51;5.33;5.33;0.00;0.00;2.90;2.90;0.00;0.00;1;1
66;NachArzt;216.59;0.25;0.25;0.00;0.00;0.00;0.00;0.00;;1;1
56;Ankunft;132.30;75.20;91.40;-16.20;-17.73;6.95;6.95;0.00;0.00;1;1
56;NachRezeption;197.35;22.53;26.36;-3.82;-14.50;6.09;6.09;0.00;0.00;1;1
56;VorArzt;199.10;18.46;24.60;-6.15;-24.98;6.09;6.09;0.00;0.00;1;1
56;NachArzt;223.46;0.25;0.25;0.00;0.00;0.00;0.00;0.00;;1;1
8;Ankunft;29.24;153.32;197.54;-44.22;-22.38;19.01;19.01;0.00;0.00;1;1
8;NachRezeption;32.74;141.47;194.03;-52.57;-27.09;15.59;15.59;-0.00;-0.00;1;1
8;VorSchwester;32.74;141.47;194.03;-52.57;-27.09;15.59;15.59;-0.00;-0.00;1;1
8;NachSchwester;37.08;134.56;189.70;-55.14;-29.07;11.42;11.42;-0.00;-0.00;1;1
8;VorArzt;154.21;72.75;72.56;0.19;0.26;11.42;11.42;-0.00;-0.00;1;1
8;NachArzt;175.70;51.08;51.08;0.00;0.00;1.43;1.43;-0.00;-0.00;1;1
104;Ankunft;229.65;315.77;0.00;315.77;;7.00;;;;0;0
75;Ankunft;180.68;53.75;56.30;-2.54;-4.52;3.66;3.66;0.00;0.00;1;1
75;NachRezeption;229.89;7.09;7.09;0.00;0.00;3.25;3.25;0.00;0.00;1;1
75;VorArzt;230.68;6.30;6.30;0.00;0.00;3.25;3.25;0.00;0.00;1;1
75;NachArzt;236.73;0.25;0.25;0.00;0.00;0.00;0.00;0.00;;1;1
42;Ankunft;116.93;90.62;126.69;-36.07;-28.47;39.47;39.47;0.00;0.00;1;1
42;NachRezeption;166.17;69.80;77.46;-7.66;-9.89;14.97;14.97;-0.00;-0.00;1;1
42;VorArzt;167.42;70.11;76.20;-6.09;-8.00;14.97;14.97;-0.00;-0.00;1;1
42;NachArzt;182.06;58.70;61.56;-2.87;-4.65;4.05;4.05;0.00;0.00;1;1
81;Ankunft;185.40;288.69;61.91;226.77;366.27;9.12;;;;0;1
81;NachRezeption;247.23;242.73;0.08;242.65;291181.93;7.92;;;;0;0
111;Ankunft;250.37;277.86;0.00;277.86;;7.49;;;;0;0
113;Ankunft;261.47;222.82;0.00;222.82;;6.67;;;;0;0
115;Ankunft;263.91;227.79;0.00;227.79;;9.94;;;;0;0
47;Ankunft;122.83;129.69;142.34;-12.65;-8.89;11.29;11.29;0.00;0.00;1;1
47;NachRezeption;175.24;71.03;89.93;-18.90;-21.02;8.80;8.80;-0.00;-0.00;1;1
47;VorSchwester;175.24;71.03;89.93;-18.90;-21.02;8.80;8.80;-0.00;-0.00;1;1
47;NachSchwester;176.78;69.37;88.39;-19.02;-21.52;7.42;7.42;0.00;0.00;1;1
47;VorArzt;188.41;68.39;76.76;-8.37;-10.90;7.42;7.42;0.00;0.00;1;1
47;NachArzt;192.94;70.02;72.23;-2.21;-3.06;4.00;4.00;-0.00;-0.00;1;1
29;Ankunft;94.37;144.83;172.23;-27.40;-15.91;11.30;11.30;0.00;0.00;1;1
29;NachRezeption;112.81;123.11;153.79;-30.69;-19.95;10.50;10.50;0.00;0.00;1;1
29;VorSchwester;112.81;123.11;153.79;-30.69;-19.95;10.50;10.50;0.00;0.00;1;1
29;NachSchwester;117.23;118.69;149.37;-30.69;-20.54;6.25;6.25;0.00;0.00;1;1
29;VorArzt;229.24;10.74;37.35;-26.62;-71.26;6.25;6.25;0.00;0.00;0;1
29;NachArzt;266.35;0.25;0.25;0.00;0.00;0.00;0.00;0.00;;1;1
45;Ankunft;120.57;118.42;146.35;-27.93;-19.09;15.89;15.89;0.00;0.00;1;1
45;NachRezeption;172.28;71.58;94.65;-23.07;-24.37;14.03;14.03;0.00;0.00;1;1
45;VorSchwester;172.28;71.58;94.65;-23.07;-24.37;14.03;14.03;0.00;0.00;1;1
45;NachSchwester;178.25;65.78;88.67;-22.90;-25.82;8.23;8.23;0.00;0.00;1;1
45;VorArzt;179.35;58.70;87.58;-28.88;-32.97;8.23;8.23;0.00;0.00;0;1
45;NachArzt;193.75;73.18;73.18;0.00;0.00;1.75;1.75;-0.00;-0.00;1;1
76;Ankunft;181.62;69.79;92.17;-22.38;-24.28;17.10;17.10;0.00;0.00;1;1
76;NachRezeption;234.35;36.75;39.43;-2.68;-6.80;12.64;12.64;-0.00;-0.00;1;1
76;VorSchwester;234.35;36.75;39.43;-2.68;-6.80;12.64;12.64;-0.00;-0.00;1;1
76;NachSchwester;238.86;33.33;34.92;-1.59;-4.56;8.29;8.29;-0.00;-0.00;1;1
76;VorArzt;241.21;30.98;32.57;-1.59;-4.89;8.29;8.29;-0.00;-0.00;1;1
76;NachArzt;273.53;0.25;0.25;0.00;0.00;0.00;0.00;0.00;;1;1
50;Ankunft;124.53;129.01;151.59;-22.58;-14.89;17.79;17.79;0.00;0.00;1;1
50;NachRezeption;185.50;80.90;90.62;-9.71;-10.72;11.49;11.49;-0.00;-0.00;1;1
50;VorArzt;186.95;78.01;89.17;-11.16;-12.51;11.49;11.49;-0.00;-0.00;1;1
50;NachArzt;202.26;73.86;73.86;0.00;0.00;2.33;2.33;-0.00;-0.00;1;1
46;Ankunft;121.27;126.05;163.09;-37.04;-22.71;13.98;13.98;0.00;0.00;1;1
46;NachRezeption;172.75;76.07;111.61;-35.53;-31.84;13.51;13.51;0.00;0.00;0;1
46;VorArzt;182.37;85.50;101.98;-16.48;-16.16;13.51;13.51;0.00;0.00;1;1
46;NachArzt;205.14;79.21;79.21;0.00;0.00;2.29;2.29;0.00;0.00;1;1
119;Ankunft;286.53;201.81;0.00;201.81;;21.83;;;;0;0
24;Ankunft;81.82;192.97;207.48;-14.50;-6.99;15.10;15.10;0.00;0.00;1;1
24;NachRezeption;86.09;181.76;203.21;-21.45;-10.56;13.75;13.75;0.00;0.00;1;1
24;VorSchwester;86.09;181.76;203.21;-21.45;-10.56;13.75;13.75;0.00;0.00;1;1
24;NachSchwester;93.35;174.50;195.95;-21.45;-10.95;6.66;6.66;0.00;0.00;1;1
24;VorArzt;260.77;7.08;28.53;-21.45;-75.19;6.66;6.66;0.00;0.00;0;1
24;NachArzt;289.05;0.25;0.25;0.00;0.00;0.00;0.00;0.00;;1;1
120;Ankunft;290.08;245.96;0.00;245.96;;19.05;;;;0;0
49;Ankunft;123.86;166.61;167.22;-0.61;-0.37;4.41;4.41;0.00;0.00;1;1
49;NachRezeption;179.21;109.24;111.87;-2.63;-2.35;3.19;3.19;-0.00;-0.00;1;1
49;VorSchwester;179.21;109.24;111.87;-2.63;-2.35;3.19;3.19;-0.00;-0.00;1;1
49;NachSchwester;180.96;107.50;110.12;-2.63;-2.38;1.61;1.61;-0.00;-0.00;1;1
49;VorArzt;286.42;4.66;4.66;0.00;0.00;1.61;1.61;-0.00;-0.00;1;1
49;NachArzt;290.83;0.25;0.25;0.00;0.00;0.00;0.00;0.00;;1;1
51;Ankunft;124.90;140.73;167.15;-26.42;-15.81;17.51;17.51;0.00;0.00;1;1
51;NachRezeption;187.28;86.21;104.77;-18.56;-17.72;15.74;15.74;0.00;0.00;1;1
51;VorSchwester;187.28;86.21;104.77;-18.56;-17.72;15.74;15.74;0.00;0.00;1;1
51;NachSchwester;192.95;89.74;99.10;-9.36;-9.44;10.24;10.24;0.00;0.00;1;1
51;VorArzt;193.98;91.80;98.07;-6.27;-6.39;10.24;10.24;0.00;0.00;1;1
51;NachArzt;211.22;80.82;80.82;0.00;0.00;1.44;1.44;-0.00;-0.00;1;1
121;Ankunft;292.57;193.87;0.00;193.87;;10.55;;;;0;0
63;Ankunft;155.81;110.68;137.64;-26.96;-19.59;5.28;5.28;0.00;0.00;1;1
63;NachRezeption;207.00;84.56;86.45;-1.89;-2.18;3.64;3.64;0.00;0.00;1;1
63;VorSchwester;207.00;84.56;86.45;-1.89;-2.18;3.64;3.64;0.00;0.00;1;1
63;NachSchwester;208.32;81.75;85.13;-3.37;-3.96;2.48;2.48;0.00;0.00;1;1
63;VorArzt;210.96;82.72;82.48;0.23;0.28;2.48;2.48;0.00;0.00;1;1
63;NachArzt;213.52;79.93;79.93;0.00;0.00;0.35;0.35;0.00;0.00;1;1
53;Ankunft;127.15;149.14;166.51;-17.37;-10.43;9.53;9.53;0.00;0.00;1;1
53;NachRezeption;195.82;89.21;97.84;-8.63;-8.82;8.45;8.45;0.00;0.00;1;1
53;VorArzt;196.46;92.90;97.20;-4.30;-4.42;8.45;8.45;0.00;0.00;1;1
53;NachArzt;213.55;80.11;80.11;0.00;0.00;0.21;0.21;-0.00;-0.00;1;1
67;Ankunft;163.55;104.73;134.29;-29.57;-22.02;8.08;8.08;0.00;0.00;1;1
67;NachRezeption;212.41;88.05;85.43;2.62;3.07;6.95;6.95;0.00;0.00;1;1
67;VorArzt;212.58;87.72;85.26;2.45;2.88;6.95;6.95;0.00;0.00;1;1
67;NachArzt;217.20;80.64;80.64;0.00;0.00;3.46;3.46;-0.00;-0.00;1;1
52;Ankunft;125.24;143.11;173.89;-30.78;-17.70;15.14;15.14;0.00;0.00;1;1
52;NachRezeption;188.63;79.37;110.51;-31.14;-28.18;13.80;13.80;0.00;0.00;1;1
52;VorSchwester;188.63;79.37;110.51;-31.14;-28.18;13.80;13.80;0.00;0.00;1;1
52;NachSchwester;196.50;96.37;102.63;-6.26;-6.10;6.09;6.09;0.00;0.00;1;1
52;VorArzt;198.10;95.06;101.03;-5.97;-5.91;6.09;6.09;0.00;0.00;1;1
52;NachArzt;221.78;77.35;77.35;0.00;0.00;1.06;1.06;0.00;0.00;1;1
68;Ankunft;166.90;106.05;134.51;-28.46;-21.16;5.64;5.64;0.00;0.00;1;1
68;NachRezeption;217.51;88.84;83.90;4.94;5.89;3.90;3.90;-0.00;-0.00;1;1
68;VorArzt;218.39;87.09;83.02;4.07;4.90;3.90;3.90;-0.00;-0.00;1;1
68;NachArzt;224.95;76.45;76.45;0.00;0.00;0.90;0.90;0.00;0.00;1;1
59;Ankunft;138.18;140.76;166.90;-26.13;-15.66;8.04;8.04;0.00;0.00;1;1
59;NachRezeption;202.07;92.37;103.01;-10.64;-10.33;6.30;6.30;-0.00;-0.00;1;1
59;VorArzt;202.45;94.11;102.63;-8.52;-8.30;6.30;6.30;-0.00;-0.00;1;1
59;NachArzt;228.59;76.49;76.49;0.00;0.00;1.33;1.33;-0.00;-0.00;1;1
101;Ankunft;224.49;80.71;82.68;-1.98;-2.39;3.10;3.10;0.00;0.00;1;1
101;NachRezeption;300.43;6.75;6.75;0.00;0.00;1.72;1.72;0.00;0.00;1;1
101;VorArzt;301.20;5.98;5.98;0.00;0.00;1.72;1.72;0.00;0.00;1;1
101;NachArzt;306.93;0.25;0.25;0.00;0.00;0.00;0.00;0.00;;1;1
85;Ankunft;191.72;111.17;117.59;-6.42;-5.46;16.17;16.17;0.00;0.00;1;1
85;NachRezeption;256.05;31.82;53.27;-21.45;-40.27;15.02;15.02;-0.00;-0.00;0;1
85;VorSchwester;256.05;31.82;53.27;-21.45;-40.27;15.02;15.02;-0.00;-0.00;0;1
85;NachSchwester;259.89;35.66;49.42;-13.76;-27.84;11.35;11.35;0.00;0.00;1;1
85;VorArzt;268.73;24.26;40.58;-16.32;-40.22;11.35;11.35;0.00;0.00;0;1
85;NachArzt;309.06;0.25;0.25;0.00;0.00;0.00;0.00;0.00;;1;1
60;Ankunft;151.95;131.64;159.04;-27.41;-17.23;10.08;10.08;0.00;0.00;1;1
60;NachRezeption;203.54;102.85;107.45;-4.60;-4.28;9.54;9.54;0.00;0.00;1;1
60;VorArzt;203.73;102.46;107.26;-4.80;-4.47;9.54;9.54;0.00;0.00;1;1
60;NachArzt;233.31;77.68;77.68;0.00;0.00;1.35;1.35;0.00;0.00;1;1
127;Ankunft;311.47;235.61;0.00;235.61;;13.06;;;;0;0
58;Ankunft;137.81;140.98;175.00;-34.01;-19.44;12.31;12.31;0.00;0.00;1;1
58;NachRezeption;200.33;97.05;112.48;-15.43;-13.72;11.35;11.35;0.00;0.00;1;1
58;VorSchwester;200.33;97.05;112.48;-15.43;-13.72;11.35;11.35;0.00;0.00;1;1
58;NachSchwester;204.51;101.95;108.30;-6.35;-5.86;7.34;7.34;0.00;0.00;1;1
58;VorArzt;204.89;101.18;107.92;-6.74;-6.24;7.34;7.34;0.00;0.00;1;1
58;NachArzt;234.28;78.53;78.53;0.00;0.00;1.82;1.82;0.00;0.00;1;1
89;Ankunft;195.99;92.43;117.53;-25.10;-21.35;11.14;11.14;0.00;0.00;1;1
89;NachRezeption;271.81;36.62;41.71;-5.09;-12.19;6.17;6.17;-0.00;-0.00;1;1
89;VorArzt;272.68;35.75;40.84;-5.09;-12.45;6.17;6.17;-0.00;-0.00;1;1
89;NachArzt;313.27;0.25;0.25;0.00;0.00;0.00;0.00;0.00;;1;1
91;Ankunft;202.92;96.28;112.85;-16.56;-14.68;10.74;10.74;0.00;0.00;1;1
91;NachRezeption;280.49;31.61;35.27;-3.67;-10.40;6.29;6.29;-0.00;-0.00;1;1
91;VorArzt;280.91;31.19;34.86;-3.67;-10.52;6.29;6.29;-0.00;-0.00;1;1
91;NachArzt;315.52;0.25;0.25;0.00;0.00;0.00;0.00;0.00;;1;1
74;Ankunft;180.65;104.68;136.58;-31.90;-23.36;7.75;7.75;0.00;0.00;1;1
74;NachRezeption;229.47;87.87;87.75;0.12;0.14;5.69;5.69;0.00;0.00;1;1
74;VorSchwester;229.47;87.87;87.75;0.12;0.14;5.69;5.69;0.00;0.00;1;1
74;NachSchwester;230.98;85.65;86.24;-0.59;-0.68;4.35;4.35;0.00;0.00;1;1
74;VorArzt;231.18;85.26;86.04;-0.79;-0.91;4.35;4.35;0.00;0.00;1;1
74;NachArzt;235.84;81.38;81.38;0.00;0.00;2.95;2.95;0.00;0.00;1;1
62;Ankunft;154.36;122.65;167.92;-45.27;-26.96;5.63;5.63;0.00;0.00;1;1
62;NachRezeption;205.36;106.83;116.92;-10.09;-8.63;5.04;5.04;0.00;0.00;1;1
62;VorArzt;205.63;106.28;116.64;-10.36;-8.88;5.04;5.04;0.00;0.00;1;1
62;NachArzt;240.93;81.35;81.35;0.00;0.00;1.00;1.00;0.00;0.00;1;1
100;Ankunft;220.46;108.17;108.79;-0.62;-0.57;10.56;10.56;0.00;0.00;1;1
100;NachRezeption;297.99;31.10;31.27;-0.17;-0.53;10.33;10.33;0.00;0.00;1;1
100;VorSchwester;297.99;31.10;31.27;-0.17;-0.53;10.33;10.33;0.00;0.00;1;1
100;NachSchwester;300.75;28.17;28.51;-0.33;-1.17;7.74;7.74;0.00;0.00;1;1
100;VorArzt;301.49;27.43;27.77;-0.33;-1.20;7.74;7.74;0.00;0.00;1;1
100;NachArzt;329.01;0.25;0.25;0.00;0.00;0.00;0.00;0.00;;1;1
61;Ankunft;153.75;130.94;175.54;-44.60;-25.41;13.56;13.56;0.00;0.00;1;1
61;NachRezeption;204.77;112.14;124.51;-12.37;-9.94;12.55;12.55;0.00;0.00;1;1
61;VorArzt;205.24;107.97;124.04;-16.07;-12.96;12.55;12.55;0.00;0.00;1;1
61;NachArzt;241.54;87.74;87.74;0.00;0.00;7.01;7.01;0.00;0.00;1;1
77;Ankunft;182.03;114.92;152.43;-37.50;-24.60;7.15;7.15;0.00;0.00;1;1
77;NachRezeption;236.63;89.94;97.83;-7.89;-8.07;4.87;4.87;0.00;0.00;1;1
77;VorArzt;238.33;90.74;96.12;-5.38;-5.60;4.87;4.87;0.00;0.00;1;1
77;NachArzt;243.47;90.99;90.99;0.00;0.00;2.50;2.50;-0.00;-0.00;1;1
130;Ankunft;335.42;196.87;0.00;196.87;;23.58;;;;0;0
96;Ankunft;210.41;122.05;125.64;-3.59;-2.86;22.17;22.17;0.00;0.00;1;1
96;NachRezeption;290.52;41.39;45.53;-4.14;-9.09;18.88;18.88;0.00;0.00;1;1
96;VorSchwester;290.52;41.39;45.53;-4.14;-9.09;18.88;18.88;0.00;0.00;1;1
96;NachSchwester;293.42;40.41;42.63;-2.22;-5.20;16.14;16.14;0.00;0.00;1;1
96;VorArzt;293.86;37.89;42.19;-4.30;-10.20;16.14;16.14;0.00;0.00;1;1
96;NachArzt;335.80;0.25;0.25;0.00;0.00;0.00;0.00;0.00;;1;1
108;Ankunft;238.12;95.53;98.11;-2.58;-2.63;5.55;5.55;0.00;0.00;1;1
108;NachRezeption;321.19;14.96;15.04;-0.08;-0.52;3.05;3.05;-0.00;-0.00;1;1
108;VorSchwester;321.19;14.96;15.04;-0.08;-0.52;3.05;3.05;-0.00;-0.00;1;1
108;NachSchwester;322.39;13.68;13.85;-0.17;-1.20;2.02;2.02;-0.00;-0.00;1;1
108;VorArzt;324.05;7.39;12.18;-4.79;-39.34;2.02;2.02;-0.00;-0.00;1;1
108;NachArzt;335.98;0.25;0.25;0.00;0.00;0.00;0.00;0.00;;1;1
65;Ankunft;158.08;122.70;178.81;-56.11;-31.38;12.34;12.34;0.00;0.00;0;1
65;NachRezeption;209.64;115.51;127.26;-11.75;-9.23;10.41;10.41;0.00;0.00;1;1
65;VorArzt;209.82;115.15;127.08;-11.93;-9.39;10.41;10.41;0.00;0.00;1;1
65;NachArzt;250.90;86.00;86.00;0.00;0.00;1.22;1.22;0.00;0.00;1;1
106;Ankunft;234.80;109.39;105.22;4.17;3.96;5.09;5.09;0.00;0.00;1;1
106;NachRezeption;314.19;22.95;25.83;-2.88;-11.14;3.62;3.62;0.00;0.00;1;1
106;VorArzt;315.20;21.95;24.83;-2.88;-11.60;3.62;3.62;0.00;0.00;1;1
106;NachArzt;339.77;0.25;0.25;0.00;0.00;0.00;0.00;0.00;;1;1
132;Ankunft;340.54;189.11;0.00;189.11;;5.09;;;;0;0
69;Ankunft;167.28;123.14;175.34;-52.21;-29.77;17.84;17.84;0.00;0.00;1;1
69;NachRezeption;218.59;118.35;124.03;-5.68;-4.58;16.76;16.76;0.00;0.00;1;1
69;VorSchwester;218.59;118.35;124.03;-5.68;-4.58;16.76;16.76;0.00;0.00;1;1
69;NachSchwester;221.60;112.37;121.02;-8.64;-7.14;13.91;13.91;0.00;0.00;1;1
69;VorArzt;221.99;112.84;120.64;-7.79;-6.46;13.91;13.91;0.00;0.00;1;1
69;NachArzt;251.82;90.80;90.80;0.00;0.00;5.72;5.72;0.00;0.00;1;1
82;Ankunft;187.03;130.85;156.14;-25.28;-16.19;6.58;6.58;0.00;0.00;1;1
82;NachRezeption;248.02;95.44;95.15;0.28;0.30;5.79;5.79;0.00;0.00;1;1
82;VorSchwester;248.02;95.44;95.15;0.28;0.30;5.79;5.79;0.00;0.00;1;1
82;NachSchwester;249.58;92.15;93.59;-1.45;-1.55;4.39;4.39;0.00;0.00;1;1
82;VorArzt;249.96;91.38;93.21;-1.83;-1.96;4.39;4.39;0.00;0.00;1;1
82;NachArzt;254.91;88.26;88.26;0.00;0.00;0.55;0.55;-0.00;-0.00;1;1
70;Ankunft;168.45;120.10;181.69;-61.60;-33.90;18.10;18.10;0.00;0.00;0;1
70;NachRezeption;219.46;114.86;130.68;-15.81;-12.10;17.23;17.23;0.00;0.00;1;1
70;VorSchwester;219.46;114.86;130.68;-15.81;-12.10;17.23;17.23;0.00;0.00;1;1
70;NachSchwester;224.68;115.29;125.46;-10.17;-8.11;12.18;12.18;0.00;0.00;1;1
70;VorArzt;225.29;115.14;124.85;-9.72;-7.78;12.18;12.18;0.00;0.00;1;1
70;NachArzt;257.20;92.94;92.94;0.00;0.00;6.97;6.97;-0.00;-0.00;1;1
110;Ankunft;245.52;121.36;106.08;15.28;14.41;13.04;13.04;0.00;0.00;1;1
110;NachRezeption;335.59;24.22;16.01;8.21;51.30;11.82;11.82;-0.00;-0.00;0;1
110;VorSchwester;335.59;24.22;16.01;8.21;51.30;11.82;11.82;-0.00;-0.00;0;1
110;NachSchwester;341.82;9.78;9.78;0.00;0.00;5.76;5.76;-0.00;-0.00;1;1
110;VorArzt;343.15;8.45;8.45;0.00;0.00;5.76;5.76;-0.00;-0.00;1;1
110;NachArzt;351.35;0.25;0.25;0.00;0.00;0.00;0.00;0.00;;1;1
133;Ankunft;352.47;282.77;0.00;282.77;;15.83;;;;0;0
72;Ankunft;172.25;114.40;180.61;-66.21;-36.66;12.24;12.24;0.00;0.00;0;1
72;NachRezeption;225.26;110.99;127.59;-16.60;-13.01;7.57;7.57;-0.00;-0.00;1;1
72;VorArzt;225.53;110.04;127.33;-17.28;-13.57;7.57;7.57;-0.00;-0.00;1;1
72;NachArzt;259.93;92.93;92.93;0.00;0.00;2.71;2.71;-0.00;-0.00;1;1
57;Ankunft;137.77;174.13;215.53;-41.40;-19.21;11.36;11.36;0.00;0.00;1;1
57;NachRezeption;199.37;107.80;153.93;-46.13;-29.97;10.74;10.74;0.00;0.00;1;1
57;VorSchwester;199.37;107.80;153.93;-46.13;-29.97;10.74;10.74;0.00;0.00;1;1
57;NachSchwester;206.46;107.85;146.84;-38.98;-26.55;3.81;3.81;0.00;0.00;1;1
57;VorArzt;228.60;91.67;124.70;-33.02;-26.48;3.81;3.81;0.00;0.00;1;1
57;NachArzt;260.73;92.56;92.56;0.00;0.00;0.44;0.44;0.00;0.00;1;1
73;Ankunft;179.98;111.43;176.40;-64.98;-36.83;5.78;5.78;0.00;0.00;0;1
73;NachRezeption;227.42;111.30;128.97;-17.67;-13.70;5.05;5.05;0.00;0.00;1;1
73;VorArzt;230.29;107.33;126.10;-18.77;-14.89;5.05;5.05;0.00;0.00;1;1
73;NachArzt;265.08;91.31;91.31;0.00;0.00;0.88;0.88;0.00;0.00;1;1
78;Ankunft;182.07;135.57;178.49;-42.92;-24.05;13.99;13.99;0.00;0.00;1;1
78;NachRezeption;238.06;114.12;122.50;-8.38;-6.84;12.56;12.56;0.00;0.00;1;1
78;VorSchwester;238.06;114.12;122.50;-8.38;-6.84;12.56;12.56;0.00;0.00;1;1
78;NachSchwester;243.30;122.59;117.25;5.34;4.55;7.48;7.48;0.00;0.00;1;1
78;VorArzt;243.92;124.02;116.63;7.38;6.33;7.48;7.48;0.00;0.00;1;1
78;NachArzt;271.04;89.51;89.51;0.00;0.00;2.95;2.95;0.00;0.00;1;1
84;Ankunft;189.83;140.44;175.11;-34.67;-19.80;20.49;20.49;0.00;0.00;1;1
84;NachRezeption;254.90;120.11;110.04;10.07;9.15;13.90;13.90;0.00;0.00;1;1
84;VorSchwester;254.90;120.11;110.04;10.07;9.15;13.90;13.90;0.00;0.00;1;1
84;NachSchwester;258.12;121.20;106.82;14.38;13.46;10.86;10.86;0.00;0.00;1;1
84;VorArzt;258.47;120.49;106.47;14.02;13.17;10.86;10.86;0.00;0.00;1;1
84;NachArzt;281.39;83.55;83.55;0.00;0.00;3.17;3.17;-0.00;-0.00;1;1
83;Ankunft;189.42;133.10;175.75;-42.65;-24.27;11.54;11.54;0.00;0.00;1;1
83;NachRezeption;248.32;122.55;116.85;5.70;4.88;11.24;11.24;0.00;0.00;1;1
83;VorArzt;249.00;121.20;116.17;5.03;4.33;11.24;11.24;0.00;0.00;1;1
83;NachArzt;282.22;82.95;82.95;0.00;0.00;0.23;0.23;0.00;0.00;1;1
90;Ankunft;197.89;160.19;168.40;-8.21;-4.88;6.66;6.66;0.00;0.00;1;1
90;NachRezeption;273.70;99.64;92.59;7.05;7.62;4.77;4.77;0.00;0.00;1;1
90;VorArzt;276.25;95.76;90.04;5.72;6.36;4.77;4.77;0.00;0.00;1;1
90;NachArzt;285.94;80.35;80.35;0.00;0.00;0.38;0.38;0.00;0.00;1;1
116;Ankunft;270.72;98.11;98.33;-0.22;-0.22;3.81;3.81;0.00;0.00;1;1
116;NachRezeption;357.52;11.53;11.53;0.00;0.00;2.59;2.59;0.00;0.00;1;1
116;VorSchwester;357.52;11.53;11.53;0.00;0.00;2.59;2.59;0.00;0.00;1;1
116;NachSchwester;358.58;12.88;10.47;2.41;22.97;1.70;1.70;0.00;0.00;1;1
116;VorArzt;359.49;10.86;9.56;1.29;13.54;1.70;1.70;0.00;0.00;1;1
116;NachArzt;368.80;0.25;0.25;0.00;0.00;0.00;0.00;0.00;;1;1
114;Ankunft;262.26;104.14;107.34;-3.20;-2.98;6.77;6.77;0.00;0.00;1;1
114;NachRezeption;355.42;14.90;14.17;0.72;5.10;5.84;5.84;0.00;0.00;1;1
114;VorSchwester;355.42;14.90;14.17;0.72;5.10;5.84;5.84;0.00;0.00;1;1
114;NachSchwester;358.47;13.15;11.13;2.02;18.12;2.96;2.96;0.00;0.00;1;1
114;VorArzt;358.67;12.95;10.93;2.02;18.45;2.96;2.96;0.00;0.00;1;1
114;NachArzt;369.35;0.25;0.25;0.00;0.00;0.00;0.00;0.00;;1;1
93;Ankunft;204.15;169.36;168.41;0.95;0.56;11.67;11.67;0.00;0.00;1;1
93;NachRezeption;281.98;96.69;90.58;6.11;6.74;10.18;10.18;0.00;0.00;1;1
93;VorSchwester;281.98;96.69;90.58;6.11;6.74;10.18;10.18;0.00;0.00;1;1
93;NachSchwester;283.06;95.34;89.50;5.83;6.52;9.27;9.27;0.00;0.00;1;1
93;VorArzt;285.88;89.70;86.69;3.02;3.48;9.27;9.27;0.00;0.00;1;1
93;NachArzt;289.11;83.45;83.45;0.00;0.00;6.27;6.27;0.00;0.00;1;1
134;Ankunft;373.72;107.34;0.00;107.34;;4.43;;;;0;0
103;Ankunft;229.30;157.73;144.51;13.23;9.15;10.15;10.15;0.00;0.00;1;1
103;NachRezeption;308.58;60.68;65.23;-4.56;-6.99;6.57;6.57;0.00;0.00;1;1
103;VorSchwester;308.58;60.68;65.23;-4.56;-6.99;6.57;6.57;0.00;0.00;1;1
103;NachSchwester;310.72;58.53;63.09;-4.56;-7.22;4.59;4.59;0.00;0.00;1;1
103;VorArzt;361.35;8.41;12.45;-4.05;-32.49;4.59;4.59;0.00;0.00;1;1
103;NachArzt;373.56;0.25;0.25;0.00;0.00;0.00;0.00;0.00;;1;1
112;Ankunft;261.00;126.72;113.78;12.95;11.38;10.54;10.54;0.00;0.00;1;1
112;NachRezeption;354.49;17.88;20.29;-2.41;-11.87;9.26;9.26;0.00;0.00;1;1
112;VorSchwester;354.49;17.88;20.29;-2.41;-11.87;9.26;9.26;0.00;0.00;1;1
112;NachSchwester;358.91;16.46;15.87;0.58;3.68;5.01;5.01;0.00;0.00;1;1
112;VorArzt;360.36;16.11;14.41;1.69;11.75;5.01;5.01;0.00;0.00;1;1
112;NachArzt;374.53;0.25;0.25;0.00;0.00;0.00;0.00;0.00;;1;1
88;Ankunft;192.98;163.17;188.45;-25.28;-13.41;13.26;13.26;0.00;0.00;1;1
88;NachRezeption;261.08;133.96;120.35;13.61;11.31;11.05;11.05;0.00;0.00;1;1
88;VorArzt;263.26;130.53;118.17;12.36;10.46;11.05;11.05;0.00;0.00;1;1
88;NachArzt;297.55;83.88;83.88;0.00;0.00;2.78;2.78;0.00;0.00;1;1
80;Ankunft;185.04;76.94;199.47;-122.54;-61.43;12.06;12.06;0.00;0.00;0;1
80;NachRezeption;246.03;52.93;138.48;-85.56;-61.78;9.57;9.57;-0.00;-0.00;0;1
80;VorArzt;246.74;52.22;137.77;-85.56;-62.10;9.57;9.57;-0.00;-0.00;0;1
80;NachArzt;384.26;0.25;0.25;0.00;0.00;0.00;0.00;0.00;;1;1
117;Ankunft;274.29;130.16;112.22;17.94;15.98;13.75;13.75;0.00;0.00;1;1
117;NachRezeption;361.69;24.32;24.82;-0.50;-2.01;12.54;12.54;0.00;0.00;1;1
117;VorArzt;366.23;19.95;20.28;-0.33;-1.64;12.54;12.54;0.00;0.00;1;1
117;NachArzt;386.26;0.25;0.25;0.00;0.00;0.00;0.00;0.00;;1;1
87;Ankunft;192.13;156.78;194.52;-37.74;-19.40;21.31;21.31;0.00;0.00;1;1
87;NachRezeption;258.87;132.48;127.78;4.70;3.68;19.92;19.92;0.00;0.00;1;1
87;VorSchwester;258.87;132.48;127.78;4.70;3.68;19.92;19.92;0.00;0.00;1;1
87;NachSchwester;263.16;137.72;123.50;14.23;11.52;15.80;15.80;-0.00;-0.00;1;1
87;VorArzt;263.93;133.93;122.72;11.21;9.14;15.80;15.80;-0.00;-0.00;1;1
87;NachArzt;305.04;81.61;81.61;0.00;0.00;1.75;1.75;-0.00;-0.00;1;1
123;Ankunft;295.33;93.81;93.01;0.81;0.87;5.77;5.77;0.00;0.00;1;1
123;NachRezeption;377.56;10.78;10.78;0.00;0.00;3.65;3.65;-0.00;-0.00;1;1
123;VorArzt;378.61;9.73;9.73;0.00;0.00;3.65;3.65;-0.00;-0.00;1;1
123;NachArzt;388.08;0.25;0.25;0.00;0.00;0.00;0.00;0.00;;1;1
94;Ankunft;208.72;188.50;184.44;4.06;2.20;10.69;10.69;0.00;0.00;1;1
94;NachRezeption;285.90;114.28;107.26;7.02;6.55;9.06;9.06;0.00;0.00;1;1
94;VorArzt;290.70;111.61;102.46;9.15;8.93;9.06;9.06;0.00;0.00;1;1
94;NachArzt;319.49;73.67;73.67;0.00;0.00;3.01;3.01;0.00;0.00;1;1
136;Ankunft;394.55;186.28;0.00;186.28;;12.50;;;;0;0
95;Ankunft;209.57;189.26;187.28;1.98;1.06;14.31;14.31;0.00;0.00;1;1
95;NachRezeption;287.23;116.45;109.62;6.84;6.24;12.98;12.98;-0.00;-0.00;1;1
95;VorSchwester;287.23;116.45;109.62;6.84;6.24;12.98;12.98;-0.00;-0.00;1;1
95;NachSchwester;291.27;114.64;105.57;9.07;8.59;9.11;9.11;0.00;0.00;1;1
95;VorArzt;293.59;112.96;103.25;9.71;9.40;9.11;9.11;0.00;0.00;1;1
95;NachArzt;321.10;75.74;75.74;0.00;0.00;3.69;3.69;-0.00;-0.00;1;1
107;Ankunft;237.83;177.17;161.89;15.28;9.44;8.51;8.51;0.00;0.00;1;1
107;NachRezeption;318.69;87.43;81.04;6.40;7.89;6.96;6.96;0.00;0.00;1;1
107;VorSchwester;318.69;87.43;81.04;6.40;7.89;6.96;6.96;0.00;0.00;1;1
107;NachSchwester;320.49;86.67;79.24;7.44;9.39;5.33;5.33;0.00;0.00;1;1
107;VorArzt;323.18;87.33;76.55;10.78;14.09;5.33;5.33;0.00;0.00;1;1
107;NachArzt;333.80;65.93;65.93;0.00;0.00;0.70;0.70;0.00;0.00;1;1
97;Ankunft;212.67;129.90;189.50;-59.60;-31.45;24.25;24.25;0.00;0.00;0;1
97;NachRezeption;293.01;63.81;109.16;-45.35;-41.55;23.20;23.20;0.00;0.00;0;1
97;VorSchwester;293.01;63.81;109.16;-45.35;-41.55;23.20;23.20;0.00;0.00;0;1
97;NachSchwester;303.55;69.65;98.63;-28.97;-29.38;12.83;12.83;0.00;0.00;1;1
97;VorArzt;305.02;72.30;97.15;-24.85;-25.58;12.83;12.83;0.00;0.00;1;1
97;NachArzt;401.92;0.25;0.25;0.00;0.00;0.00;0.00;0.00;;1;1
102;Ankunft;226.03;188.13;177.71;10.42;5.87;8.58;8.58;0.00;0.00;1;1
102;NachRezeption;303.67;112.65;100.07;12.58;12.57;6.24;6.24;0.00;0.00;1;1
102;VorArzt;306.15;109.43;97.59;11.84;12.13;6.24;6.24;0.00;0.00;1;1
102;NachArzt;340.39;63.34;63.34;0.00;0.00;1.80;1.80;0.00;0.00;1;1
109;Ankunft;242.05;209.87;164.05;45.82;27.93;15.77;15.77;0.00;0.00;1;1
109;NachRezeption;331.88;83.06;74.22;8.83;11.90;13.10;13.10;0.00;0.00;1;1
109;VorSchwester;331.88;83.06;74.22;8.83;11.90;13.10;13.10;0.00;0.00;1;1
109;NachSchwester;337.29;75.30;68.81;6.49;9.43;7.85;7.85;0.00;0.00;1;1
109;VorArzt;337.54;74.80;68.56;6.24;9.10;7.85;7.85;0.00;0.00;1;1
109;NachArzt;345.42;60.68;60.68;0.00;0.00;2.36;2.36;-0.00;-0.00;1;1
54;Ankunft;131.32;156.58;275.60;-119.02;-43.19;20.75;20.75;0.00;0.00;0;1
54;NachRezeption;196.48;101.22;210.44;-109.23;-51.90;20.09;20.09;0.00;0.00;0;1
54;VorSchwester;196.48;101.22;210.44;-109.23;-51.90;20.09;20.09;0.00;0.00;0;1
54;NachSchwester;206.01;115.68;200.92;-85.24;-42.42;10.73;10.73;0.00;0.00;0;1
54;VorArzt;206.95;117.17;199.98;-82.81;-41.41;10.73;10.73;0.00;0.00;0;1
54;NachArzt;350.47;56.46;56.46;0.00;0.00;0.83;0.83;0.00;0.00;1;1
99;Ankunft;215.89;238.74;191.45;47.29;24.70;11.93;11.93;0.00;0.00;1;1
99;NachRezeption;294.30;146.23;113.04;33.19;29.37;11.20;11.20;0.00;0.00;1;1
99;VorSchwester;294.30;146.23;113.04;33.19;29.37;11.20;11.20;0.00;0.00;1;1
99;NachSchwester;299.49;143.78;107.85;35.94;33.32;6.18;6.18;0.00;0.00;0;1
99;VorArzt;346.66;69.76;60.68;9.08;14.97;6.18;6.18;0.00;0.00;1;1
99;NachArzt;356.40;50.94;50.94;0.00;0.00;0.41;0.41;0.00;0.00;1;1
64;Ankunft;155.82;135.95;256.56;-120.61;-47.01;29.02;29.02;0.00;0.00;0;1
64;NachRezeption;207.71;125.84;204.68;-78.84;-38.52;28.31;28.31;0.00;0.00;0;1
64;VorSchwester;207.71;125.84;204.68;-78.84;-38.52;28.31;28.31;0.00;0.00;0;1
64;NachSchwester;217.90;132.71;194.49;-61.78;-31.77;18.29;18.29;0.00;0.00;0;1
64;VorArzt;218.24;132.02;194.15;-62.12;-32.00;18.29;18.29;0.00;0.00;0;1
64;NachArzt;364.76;47.63;47.63;0.00;0.00;5.05;5.05;-0.00;-0.00;1;1
131;Ankunft;336.87;79.76;75.82;3.95;5.21;9.36;9.36;0.00;0.00;1;1
131;NachRezeption;401.85;11.00;10.84;0.17;1.54;7.15;7.15;0.00;0.00;1;1
131;VorSchwester;401.85;11.00;10.84;0.17;1.54;7.15;7.15;0.00;0.00;1;1
131;NachSchwester;405.32;7.37;7.37;0.00;0.00;3.85;3.85;0.00;0.00;1;1
131;VorArzt;405.56;7.12;7.12;0.00;0.00;3.85;3.85;0.00;0.00;1;1
131;NachArzt;412.44;0.25;0.25;0.00;0.00;0.00;0.00;0.00;;1;1
71;Ankunft;170.42;116.68;242.41;-125.73;-51.87;11.22;11.22;0.00;0.00;0;1
71;NachRezeption;220.59;120.49;192.24;-71.75;-37.32;10.09;10.09;0.00;0.00;0;1
71;VorArzt;222.11;130.62;190.72;-60.10;-31.51;10.09;10.09;0.00;0.00;0;1
71;NachArzt;366.22;46.61;46.61;0.00;0.00;0.45;0.45;-0.00;-0.00;1;1
27;Ankunft;87.52;295.29;327.26;-31.96;-9.77;8.08;8.08;0.00;0.00;1;1
27;NachRezeption;109.54;272.55;305.23;-32.68;-10.71;5.09;5.09;0.00;0.00;1;1
27;VorSchwester;109.54;272.55;305.23;-32.68;-10.71;5.09;5.09;0.00;0.00;1;1
27;NachSchwester;110.84;272.69;303.93;-31.24;-10.28;3.96;3.96;0.00;0.00;1;1
27;VorArzt;357.79;60.82;56.99;3.83;6.72;3.96;3.96;0.00;0.00;1;1
27;NachArzt;366.94;47.83;47.83;0.00;0.00;1.94;1.94;-0.00;-0.00;1;1
125;Ankunft;298.95;174.51;118.86;55.65;46.82;5.49;5.49;0.00;0.00;0;1
125;NachRezeption;383.54;39.84;34.28;5.56;16.21;3.30;3.30;-0.00;-0.00;1;1
125;VorArzt;385.69;35.54;32.13;3.41;10.61;3.30;3.30;-0.00;-0.00;1;1
125;NachArzt;388.93;28.89;28.89;0.00;0.00;0.80;0.80;-0.00;-0.00;1;1
86;Ankunft;192.11;150.48;226.35;-75.87;-33.52;13.71;13.71;0.00;0.00;0;1
86;NachRezeption;257.47;146.53;160.98;-14.46;-8.98;12.28;12.28;0.00;0.00;1;1
86;VorArzt;257.69;146.10;160.77;-14.67;-9.13;12.28;12.28;0.00;0.00;1;1
86;NachArzt;399.88;18.58;18.58;0.00;0.00;0.64;0.64;-0.00;-0.00;1;1
105;Ankunft;231.59;213.50;188.49;25.01;13.27;10.96;10.96;0.00;0.00;1;1
105;NachRezeption;309.55;143.97;110.52;33.45;30.26;9.98;9.98;0.00;0.00;0;1
105;VorArzt;309.78;143.51;110.29;33.22;30.12;9.98;9.98;0.00;0.00;0;1
105;NachArzt;408.42;11.66;11.66;0.00;0.00;1.62;1.62;0.00;0.00;1;1
79;Ankunft;182.10;262.02;238.36;23.66;9.93;14.21;14.21;0.00;0.00;1;1
79;NachRezeption;239.49;222.28;180.97;41.31;22.82;12.78;12.78;0.00;0.00;1;1
79;VorArzt;366.87;66.56;53.59;12.97;24.20;12.78;12.78;0.00;0.00;1;1
79;NachArzt;414.48;5.98;5.98;0.00;0.00;0.39;0.39;-0.00;-0.00;1;1
129;Ankunft;322.83;101.29;100.46;0.83;0.83;17.68;17.68;0.00;0.00;1;1
129;NachRezeption;398.94;20.32;24.34;-4.02;-16.51;15.50;15.50;0.00;0.00;1;1
129;VorSchwester;398.94;20.32;24.34;-4.02;-16.51;15.50;15.50;0.00;0.00;1;1
129;NachSchwester;404.17;15.09;19.11;-4.02;-21.03;10.43;10.43;0.00;0.00;1;1
129;VorArzt;405.90;17.22;17.39;-0.17;-0.96;10.43;10.43;0.00;0.00;1;1
129;NachArzt;423.04;0.25;0.25;0.00;0.00;0.00;0.00;0.00;;1;1
135;Ankunft;377.15;86.80;50.57;36.24;71.65;6.51;6.51;0.00;0.00;0;1
135;NachRezeption;416.93;14.23;10.78;3.45;31.96;4.26;4.26;0.00;0.00;1;1
135;VorArzt;417.66;12.77;10.05;2.72;27.04;4.26;4.26;0.00;0.00;1;1
135;NachArzt;426.51;1.20;1.20;0.00;0.00;0.95;0.95;0.00;0.00;1;1
118;Ankunft;282.53;154.41;151.77;2.64;1.74;20.14;20.14;0.00;0.00;1;1
118;NachRezeption;365.82;60.59;68.48;-7.89;-11.53;19.40;19.40;0.00;0.00;1;1
118;VorArzt;367.50;51.07;66.80;-15.73;-23.54;19.40;19.40;0.00;0.00;1;1
118;NachArzt;434.05;0.25;0.25;0.00;0.00;0.00;0.00;0.00;;1;1
128;Ankunft;315.16;131.64;123.01;8.63;7.02;9.17;9.17;0.00;0.00;1;1
128;NachRezeption;390.07;44.64;48.10;-3.46;-7.19;5.68;5.68;0.00;0.00;1;1
128;VorSchwester;390.07;44.64;48.10;-3.46;-7.19;5.68;5.68;0.00;0.00;1;1
128;NachSchwester;392.21;42.34;45.96;-3.62;-7.88;3.70;3.70;-0.00;-0.00;1;1
128;VorArzt;430.43;7.74;7.74;0.00;0.00;3.70;3.70;-0.00;-0.00;1;1
128;NachArzt;437.92;0.25;0.25;0.00;0.00;0.00;0.00;0.00;;1;1
122;Ankunft;292.87;146.60;150.17;-3.57;-2.38;19.07;19.07;0.00;0.00;1;1
122;NachRezeption;375.44;52.57;67.60;-15.03;-22.23;16.11;16.11;0.00;0.00;1;1
122;VorArzt;375.76;52.25;67.28;-15.03;-22.34;16.11;16.11;0.00;0.00;1;1
122;NachArzt;442.79;0.25;0.25;0.00;0.00;0.00;0.00;0.00;;1;1
126;Ankunft;300.98;148.97;144.46;4.51;3.12;10.98;10.98;0.00;0.00;1;1
126;NachRezeption;384.82;59.22;60.62;-1.40;-2.30;9.69;9.69;0.00;0.00;1;1
126;VorSchwester;384.82;59.22;60.62;-1.40;-2.30;9.69;9.69;0.00;0.00;1;1
126;NachSchwester;387.58;56.46;57.86;-1.40;-2.41;7.10;7.10;0.00;0.00;1;1
126;VorArzt;436.52;8.92;8.92;0.00;0.00;7.10;7.10;0.00;0.00;1;1
126;NachArzt;445.19;0.25;0.25;0.00;0.00;0.00;0.00;0.00;;1;1
124;Ankunft;297.08;153.00;162.76;-9.77;-6.00;17.65;17.65;0.00;0.00;1;1
124;NachRezeption;378.57;64.16;81.28;-17.12;-21.07;16.64;16.64;0.00;0.00;1;1
124;VorArzt;379.07;63.66;80.78;-17.12;-21.20;16.64;16.64;0.00;0.00;1;1
124;NachArzt;459.60;0.25;0.25;0.00;0.00;0.00;0.00;0.00;;1;1
10001;Ankunft;0.00;10.14;10.14;0.00;0.00;9.41;9.41;0.00;0.00;1;1
10001;NachRezeption;7.11;3.04;3.04;0.00;0.00;2.38;2.38;0.00;0.00;1;1
10001;VorArzt;7.34;2.80;2.80;0.00;0.00;2.38;2.38;0.00;0.00;1;1
10001;NachArzt;9.89;0.25;0.25;0.00;0.00;0.00;0.00;0.00;;1;1
10004;Ankunft;8.23;17.69;15.90;1.79;11.25;13.11;13.11;0.00;0.00;1;1
10004;NachRezeption;11.14;12.99;12.99;0.00;0.00;11.98;11.98;0.00;0.00;1;1
10004;VorArzt;11.73;12.40;12.40;0.00;0.00;11.98;11.98;0.00;0.00;1;1
10004;NachArzt;18.09;6.05;6.05;0.00;0.00;5.80;5.80;0.00;0.00;1;1
10005;Ankunft;24.79;16.36;15.67;0.69;4.41;14.57;14.57;0.00;0.00;1;1
10005;NachRezeption;25.54;14.91;14.91;0.00;0.00;13.90;13.90;0.00;0.00;1;1
10005;VorSchwester;25.54;14.91;14.91;0.00;0.00;13.90;13.90;0.00;0.00;1;1
10005;NachSchwester;30.92;9.53;9.53;0.00;0.00;8.69;8.69;0.00;0.00;1;1
10005;VorArzt;31.35;9.10;9.10;0.00;0.00;8.69;8.69;0.00;0.00;1;1
10005;NachArzt;39.29;1.16;1.16;0.00;0.00;0.91;0.91;0.00;0.00;1;1
10007;Ankunft;41.32;9.55;9.55;0.00;0.00;7.54;7.54;0.00;0.00;1;1
10007;NachRezeption;42.77;8.09;8.09;0.00;0.00;6.17;6.17;0.00;0.00;1;1
10007;VorArzt;44.29;6.58;6.58;0.00;0.00;6.17;6.17;0.00;0.00;1;1
10007;NachArzt;49.00;1.87;1.87;0.00;0.00;1.62;1.62;0.00;0.00;1;1
10008;Ankunft;42.70;18.83;13.42;5.41;40.30;11.79;11.79;0.00;0.00;0;1
10008;NachRezeption;43.10;12.89;13.02;-0.13;-1.01;11.47;11.47;0.00;0.00;1;1
10008;VorSchwester;43.10;12.89;13.02;-0.13;-1.01;11.47;11.47;0.00;0.00;1;1
10008;NachSchwester;46.43;9.56;9.69;-0.13;-1.36;8.30;8.30;-0.00;-0.00;1;1
10008;VorArzt;47.27;8.72;8.85;-0.13;-1.49;8.30;8.30;-0.00;-0.00;1;1
10008;NachArzt;52.99;3.13;3.13;0.00;0.00;2.75;2.75;-0.00;-0.00;1;1
10010;Ankunft;58.07;6.15;6.15;0.00;0.00;4.93;4.93;0.00;0.00;1;1
10010;NachRezeption;58.77;5.46;5.46;0.00;0.00;4.32;4.32;0.00;0.00;1;1
10010;VorArzt;59.49;4.73;4.73;0.00;0.00;4.32;4.32;0.00;0.00;1;1
10010;NachArzt;63.98;0.25;0.25;-0.00;-0.00;0.00;0.00;0.00;;1;1
10011;Ankunft;60.77;12.08;10.13;1.96;19.31;7.45;7.45;0.00;0.00;1;1
10011;NachRezeption;62.74;8.16;8.16;0.00;0.00;5.57;5.57;0.00;0.00;1;1
10011;VorSchwester;62.74;8.16;8.16;0.00;0.00;5.57;5.57;0.00;0.00;1;1
10011;NachSchwester;65.71;5.19;5.19;0.00;0.00;2.77;2.77;0.00;0.00;1;1
10011;VorArzt;67.72;3.18;3.18;0.00;0.00;2.77;2.77;0.00;0.00;1;1
10011;NachArzt;70.65;0.25;0.25;0.00;0.00;0.00;0.00;0.00;;1;1
10013;Ankunft;61.82;10.61;14.91;-4.30;-28.82;5.94;5.94;0.00;0.00;1;1
10013;NachRezeption;63.87;7.61;12.85;-5.24;-40.81;5.42;5.42;0.00;0.00;0;1
10013;VorSchwester;63.87;7.61;12.85;-5.24;-40.81;5.42;5.42;0.00;0.00;0;1
10013;NachSchwester;64.71;9.51;12.02;-2.50;-20.83;4.74;4.74;0.00;0.00;1;1
10013;VorArzt;65.13;10.11;11.60;-1.49;-12.83;4.74;4.74;0.00;0.00;1;1
10013;NachArzt;69.90;6.83;6.83;0.00;0.00;0.14;0.14;0.00;0.00;1;1
10018;Ankunft;65.08;15.83;15.55;0.28;1.78;8.01;8.01;0.00;0.00;1;1
10018;NachRezeption;70.08;14.14;10.56;3.58;33.91;6.58;6.58;-0.00;-0.00;1;1
10018;VorArzt;70.35;13.60;10.29;3.31;32.18;6.58;6.58;-0.00;-0.00;1;1
10018;NachArzt;76.21;4.43;4.43;0.00;0.00;1.19;1.19;-0.00;-0.00;1;1
10002;Ankunft;1.08;85.50;81.29;4.21;5.17;18.58;18.58;0.00;0.00;1;1
10002;NachRezeption;9.64;72.23;72.73;-0.51;-0.70;16.05;16.05;0.00;0.00;1;1
10002;VorSchwester;9.64;72.23;72.73;-0.51;-0.70;16.05;16.05;0.00;0.00;1;1
10002;NachSchwester;14.59;65.77;67.78;-2.01;-2.97;11.26;11.26;0.00;0.00;1;1
10002;VorArzt;68.68;18.18;13.69;4.49;32.78;11.26;11.26;0.00;0.00;1;1
10002;NachArzt;80.13;2.24;2.24;0.00;0.00;1.20;1.20;0.00;0.00;1;1
10016;Ankunft;63.94;16.70;23.79;-7.10;-29.82;9.33;9.33;0.00;0.00;1;1
10016;NachRezeption;65.67;18.25;22.07;-3.82;-17.30;8.73;8.73;0.00;0.00;1;1
10016;VorArzt;70.36;21.12;17.38;3.75;21.56;8.73;8.73;0.00;0.00;1;1
10016;NachArzt;83.63;4.10;4.10;0.00;0.00;1.47;1.47;0.00;0.00;1;1
10009;Ankunft;51.87;43.15;37.07;6.09;16.43;15.73;15.73;0.00;0.00;1;1
10009;NachRezeption;53.29;33.95;35.66;-1.70;-4.78;14.40;14.40;0.00;0.00;1;1
10009;VorSchwester;53.29;33.95;35.66;-1.70;-4.78;14.40;14.40;0.00;0.00;1;1
10009;NachSchwester;60.43;24.06;28.51;-4.45;-15.62;7.43;7.43;-0.00;-0.00;1;1
10009;VorArzt;76.64;15.24;12.30;2.94;23.91;7.43;7.43;-0.00;-0.00;1;1
10009;NachArzt;86.86;2.08;2.08;0.00;0.00;0.87;0.87;-0.00;-0.00;1;1
10025;Ankunft;80.69;9.85;16.83;-6.97;-41.44;4.84;4.84;0.00;0.00;0;1
10025;NachRezeption;83.74;10.82;13.78;-2.96;-21.45;3.38;3.38;-0.00;-0.00;1;1
10025;VorArzt;84.51;9.28;13.01;-3.72;-28.64;3.38;3.38;-0.00;-0.00;1;1
10025;NachArzt;89.98;7.54;7.54;0.00;0.00;0.43;0.43;-0.00;-0.00;1;1
10022;Ankunft;70.79;37.85;34.37;3.48;10.12;14.52;14.52;0.00;0.00;1;1
10022;NachRezeption;78.00;22.30;27.16;-4.86;-17.90;13.16;13.16;0.00;0.00;1;1
10022;VorArzt;78.31;21.69;26.86;-5.16;-19.23;13.16;13.16;0.00;0.00;1;1
10022;NachArzt;91.44;13.72;13.72;0.00;0.00;5.52;5.52;0.00;0.00;1;1
10023;Ankunft;70.91;30.48;34.78;-4.31;-12.38;4.77;4.77;0.00;0.00;1;1
10023;NachRezeption;79.36;17.47;26.33;-8.87;-33.67;3.41;3.41;-0.00;-0.00;0;1
10023;VorArzt;79.71;16.76;25.98;-9.22;-35.48;3.41;3.41;-0.00;-0.00;0;1
10023;NachArzt;94.49;11.21;11.21;0.00;0.00;0.53;0.53;-0.00;-0.00;1;1
10026;Ankunft;82.73;30.94;29.79;1.15;3.85;10.02;10.02;0.00;0.00;1;1
10026;NachRezeption;86.17;27.54;26.35;1.19;4.51;7.59;7.59;0.00;0.00;1;1
10026;VorArzt;86.65;26.59;25.88;0.71;2.76;7.59;7.59;0.00;0.00;1;1
10026;NachArzt;100.58;11.94;11.94;0.00;0.00;1.65;1.65;0.00;0.00;1;1
10020;Ankunft;68.56;35.66;46.30;-10.64;-22.98;19.94;19.94;0.00;0.00;1;1
10020;NachRezeption;73.96;30.14;40.90;-10.76;-26.31;19.17;19.17;-0.00;-0.00;1;1
10020;VorSchwester;73.96;30.14;40.90;-10.76;-26.31;19.17;19.17;-0.00;-0.00;1;1
10020;NachSchwester;78.65;25.56;36.22;-10.66;-29.42;14.66;14.66;-0.00;-0.00;1;1
10020;VorArzt;79.25;24.37;35.62;-11.26;-31.60;14.66;14.66;-0.00;-0.00;0;1
10020;NachArzt;103.72;11.15;11.15;0.00;0.00;1.09;1.09;-0.00;-0.00;1;1
10014;Ankunft;61.83;70.56;55.70;14.86;26.68;10.13;10.13;0.00;0.00;1;1
10014;NachRezeption;64.78;43.48;52.74;-9.26;-17.56;9.22;9.22;0.00;0.00;1;1
10014;VorSchwester;64.78;43.48;52.74;-9.26;-17.56;9.22;9.22;0.00;0.00;1;1
10014;NachSchwester;67.18;43.24;50.34;-7.11;-14.12;6.99;6.99;-0.00;-0.00;1;1
10014;VorArzt;97.00;19.60;20.53;-0.93;-4.51;6.99;6.99;-0.00;-0.00;1;1
10014;NachArzt;105.96;11.57;11.57;0.00;0.00;1.78;1.78;-0.00;-0.00;1;1
10006;Ankunft;34.78;85.36;90.15;-4.80;-5.32;12.40;12.40;0.00;0.00;1;1
10006;NachRezeption;35.78;75.81;89.15;-13.34;-14.96;11.48;11.48;-0.00;-0.00;1;1
10006;VorSchwester;35.78;75.81;89.15;-13.34;-14.96;11.48;11.48;-0.00;-0.00;1;1
10006;NachSchwester;40.27;71.43;84.67;-13.23;-15.63;7.16;7.16;-0.00;-0.00;1;1
10006;VorArzt;104.02;20.29;20.92;-0.63;-3.01;7.16;7.16;-0.00;-0.00;1;1
10006;NachArzt;111.58;13.35;13.35;0.00;0.00;1.70;1.70;0.00;0.00;1;1
10024;Ankunft;77.10;22.97;49.43;-26.45;-53.52;13.19;13.19;0.00;0.00;0;1
10024;NachRezeption;81.09;35.70;45.43;-9.73;-21.42;12.65;12.65;0.00;0.00;1;1
10024;VorArzt;84.43;32.53;42.09;-9.56;-22.72;12.65;12.65;0.00;0.00;1;1
10024;NachArzt;126.27;0.25;0.25;0.00;0.00;0.00;0.00;0.00;;1;1
10015;Ankunft;62.32;44.70;64.73;-20.04;-30.95;17.95;17.95;0.00;0.00;0;1
10015;NachRezeption;65.07;43.05;61.98;-18.93;-30.54;17.66;17.66;0.00;0.00;0;1
10015;VorSchwester;68.03;41.69;59.02;-17.33;-29.37;17.66;17.66;0.00;0.00;1;1
10015;NachSchwester;74.17;35.57;52.88;-17.31;-32.73;11.69;11.69;0.00;0.00;0;1
10015;VorArzt;92.44;26.79;34.61;-7.82;-22.59;11.69;11.69;0.00;0.00;1;1
10015;NachArzt;113.46;13.59;13.59;0.00;0.00;2.12;2.12;0.00;0.00;1;1
10039;Ankunft;108.93;20.77;21.80;-1.03;-4.74;4.22;4.22;0.00;0.00;1;1
10039;NachRezeption;123.15;7.42;7.59;-0.17;-2.20;2.96;2.96;0.00;0.00;1;1
10039;VorArzt;124.66;5.91;6.08;-0.17;-2.74;2.96;2.96;0.00;0.00;1;1
10039;NachArzt;130.49;0.25;0.25;0.00;0.00;0.00;0.00;0.00;;1;1
10034;Ankunft;105.28;18.99;28.40;-9.40;-33.12;3.89;3.89;0.00;0.00;0;1
10034;NachRezeption;115.66;20.28;18.01;2.27;12.61;3.01;3.01;0.00;0.00;1;1
10034;VorArzt;115.88;20.06;17.79;2.27;12.77;3.01;3.01;0.00;0.00;1;1
10034;NachArzt;133.42;0.25;0.25;0.00;0.00;0.00;0.00;0.00;;1;1
10031;Ankunft;98.19;35.46;36.02;-0.56;-1.55;8.32;8.32;0.00;0.00;1;1
10031;NachRezeption;106.73;23.97;27.47;-3.50;-12.74;7.20;7.20;0.00;0.00;1;1
10031;VorArzt;107.24;23.63;26.96;-3.33;-12.35;7.20;7.20;0.00;0.00;1;1
10031;NachArzt;117.56;16.64;16.64;0.00;0.00;1.39;1.39;0.00;0.00;1;1
10033;Ankunft;101.57;39.92;36.56;3.36;9.19;9.27;9.27;0.00;0.00;1;1
10033;NachRezeption;113.70;25.57;24.44;1.13;4.61;8.01;8.01;-0.00;-0.00;1;1
10033;VorArzt;114.03;24.91;24.11;0.79;3.30;8.01;8.01;-0.00;-0.00;1;1
10033;NachArzt;124.98;13.16;13.16;0.00;0.00;0.76;0.76;-0.00;-0.00;1;1
10035;Ankunft;106.21;43.31;35.56;7.75;21.80;6.82;6.82;0.00;0.00;1;1
10035;NachRezeption;118.23;26.23;23.54;2.69;11.42;6.03;6.03;0.00;0.00;1;1
10035;VorSchwester;118.23;26.23;23.54;2.69;11.42;6.03;6.03;0.00;0.00;1;1
10035;NachSchwester;121.42;22.86;20.35;2.50;12.30;3.01;3.01;-0.00;-0.00;1;1
10035;VorArzt;122.63;20.43;19.14;1.29;6.75;3.01;3.01;-0.00;-0.00;1;1
10035;NachArzt;127.36;14.41;14.41;0.00;0.00;0.80;0.80;-0.00;-0.00;1;1
10036;Ankunft;107.20;30.68;39.73;-9.05;-22.78;13.73;13.73;0.00;0.00;1;1
10036;NachRezeption;118.91;29.88;28.01;1.86;6.65;13.05;13.05;0.00;0.00;1;1
10036;VorArzt;119.85;28.94;27.07;1.86;6.88;13.05;13.05;0.00;0.00;1;1
10036;NachArzt;146.68;0.25;0.25;0.00;0.00;0.00;0.00;0.00;;1;1
10038;Ankunft;108.72;32.65;39.46;-6.81;-17.25;7.41;7.41;0.00;0.00;1;1
10038;NachRezeption;121.89;25.56;26.29;-0.73;-2.79;5.36;5.36;0.00;0.00;1;1
10038;VorArzt;122.65;22.75;25.53;-2.79;-10.91;5.36;5.36;0.00;0.00;1;1
10038;NachArzt;130.24;17.94;17.94;0.00;0.00;1.55;1.55;0.00;0.00;1;1
10029;Ankunft;90.78;49.63;58.88;-9.26;-15.72;10.18;10.18;0.00;0.00;1;1
10029;NachRezeption;97.98;38.08;51.68;-13.61;-26.33;9.63;9.63;0.00;0.00;1;1
10029;VorSchwester;97.98;38.08;51.68;-13.61;-26.33;9.63;9.63;0.00;0.00;1;1
10029;NachSchwester;103.49;34.97;46.17;-11.20;-24.26;4.29;4.29;0.00;0.00;1;1
10029;VorArzt;118.45;26.92;31.22;-4.30;-13.78;4.29;4.29;0.00;0.00;1;1
10029;NachArzt;133.46;16.20;16.20;0.00;0.00;1.48;1.48;0.00;0.00;1;1
10032;Ankunft;98.36;38.82;57.25;-18.43;-32.19;15.51;15.51;0.00;0.00;0;1
10032;NachRezeption;110.79;37.89;44.83;-6.94;-15.48;11.46;11.46;0.00;0.00;1;1
10032;VorSchwester;110.79;37.89;44.83;-6.94;-15.48;11.46;11.46;0.00;0.00;1;1
10032;NachSchwester;115.60;33.44;40.01;-6.57;-16.43;6.81;6.81;0.00;0.00;1;1
10032;VorArzt;118.71;28.91;36.90;-7.99;-21.66;6.81;6.81;0.00;0.00;1;1
10032;NachArzt;139.83;15.78;15.78;0.00;0.00;0.57;0.57;0.00;0.00;1;1
10044;Ankunft;127.33;39.78;32.75;7.04;21.48;10.31;10.31;0.00;0.00;1;1
10044;NachRezeption;140.89;15.38;19.19;-3.80;-19.83;8.46;8.46;0.00;0.00;1;1
10044;VorSchwester;140.89;15.38;19.19;-3.80;-19.83;8.46;8.46;0.00;0.00;1;1
10044;NachSchwester;143.72;24.56;16.36;8.20;50.09;5.81;5.81;-0.00;-0.00;0;1
10044;VorArzt;144.67;15.24;15.41;-0.17;-1.08;5.81;5.81;-0.00;-0.00;1;1
10044;NachArzt;159.83;0.25;0.25;0.00;0.00;0.00;0.00;0.00;;1;1
10027;Ankunft;84.76;59.75;83.17;-23.42;-28.16;19.99;19.99;0.00;0.00;1;1
10027;NachRezeption;87.99;52.84;79.94;-27.10;-33.90;19.65;19.65;0.00;0.00;0;1
10027;VorSchwester;87.99;52.84;79.94;-27.10;-33.90;19.65;19.65;0.00;0.00;0;1
10027;NachSchwester;94.84;55.90;73.09;-17.19;-23.52;12.97;12.97;0.00;0.00;1;1
10027;VorArzt;126.58;29.53;41.35;-11.82;-28.59;12.97;12.97;0.00;0.00;1;1
10027;NachArzt;149.88;18.04;18.04;0.00;0.00;3.08;3.08;0.00;0.00;1;1
10042;Ankunft;121.37;49.78;47.03;2.75;5.85;14.59;14.59;0.00;0.00;1;1
10042;NachRezeption;137.29;34.47;31.11;3.36;10.79;11.42;11.42;0.00;0.00;1;1
10042;VorSchwester;137.29;34.47;31.11;3.36;10.79;11.42;11.42;0.00;0.00;1;1
10042;NachSchwester;141.44;30.40;26.97;3.43;12.72;7.44;7.44;0.00;0.00;1;1
10042;VorArzt;141.79;30.75;26.61;4.14;15.56;7.44;7.44;0.00;0.00;1;1
10042;NachArzt;153.81;14.60;14.60;0.00;0.00;0.48;0.48;0.00;0.00;1;1
10012;Ankunft;61.14;91.11;108.75;-17.64;-16.22;12.92;12.92;0.00;0.00;1;1
10012;NachRezeption;63.35;86.28;106.54;-20.25;-19.01;12.31;12.31;0.00;0.00;1;1
10012;VorSchwester;63.35;86.28;106.54;-20.25;-19.01;12.31;12.31;0.00;0.00;1;1
10012;NachSchwester;70.54;83.47;99.34;-15.87;-15.98;5.28;5.28;0.00;0.00;1;1
10012;VorArzt;142.21;24.54;27.67;-3.13;-11.30;5.28;5.28;0.00;0.00;1;1
10012;NachArzt;153.85;16.03;16.03;0.00;0.00;1.48;1.48;0.00;0.00;1;1
10051;Ankunft;141.69;36.63;34.15;2.49;7.28;4.71;4.71;0.00;0.00;1;1
10051;NachRezeption;156.59;22.08;19.25;2.84;14.74;3.64;3.64;0.00;0.00;1;1
10051;VorArzt;156.87;21.54;18.97;2.57;13.52;3.64;3.64;0.00;0.00;1;1
10051;NachArzt;163.07;12.77;12.77;0.00;0.00;0.57;0.57;-0.00;-0.00;1;1
10047;Ankunft;137.15;41.47;39.10;2.37;6.07;5.44;5.44;0.00;0.00;1;1
10047;NachRezeption;151.31;36.80;24.94;11.86;47.56;3.71;3.71;0.00;0.00;0;1
10047;VorArzt;152.95;33.51;23.29;10.22;43.86;3.71;3.71;0.00;0.00;0;1
10047;NachArzt;166.76;9.49;9.49;0.00;0.00;0.19;0.19;-0.00;-0.00;1;1
10045;Ankunft;128.44;61.85;51.88;9.97;19.23;15.60;15.60;0.00;0.00;1;1
10045;NachRezeption;143.22;39.24;37.10;2.14;5.76;14.08;14.08;0.00;0.00;1;1
10045;VorArzt;144.33;37.01;35.99;1.03;2.85;14.08;14.08;0.00;0.00;1;1
10045;NachArzt;167.56;12.75;12.75;0.00;0.00;0.49;0.49;-0.00;-0.00;1;1
10053;Ankunft;144.81;39.18;36.95;2.23;6.03;4.19;4.19;0.00;0.00;1;1
10053;NachRezeption;157.98;20.97;23.79;-2.81;-11.83;3.71;3.71;-0.00;-0.00;1;1
10053;VorArzt;159.58;19.37;22.18;-2.81;-12.69;3.71;3.71;-0.00;-0.00;1;1
10053;NachArzt;181.52;0.25;0.25;0.00;0.00;0.00;0.00;0.00;;1;1
10055;Ankunft;145.70;38.88;36.13;2.76;7.63;4.70;4.70;0.00;0.00;1;1
10055;NachRezeption;162.21;21.34;19.61;1.73;8.83;3.58;3.58;0.00;0.00;1;1
10055;VorArzt;164.06;18.39;17.76;0.62;3.50;3.58;3.58;0.00;0.00;1;1
10055;NachArzt;169.85;11.98;11.98;0.00;0.00;0.65;0.65;-0.00;-0.00;1;1
10054;Ankunft;145.16;50.85;42.10;8.76;20.80;14.04;14.04;0.00;0.00;1;1
10054;NachRezeption;161.09;27.43;26.16;1.26;4.83;10.92;10.92;0.00;0.00;1;1
10054;VorSchwester;161.09;27.43;26.16;1.26;4.83;10.92;10.92;0.00;0.00;1;1
10054;NachSchwester;166.86;22.47;20.40;2.07;10.16;5.32;5.32;0.00;0.00;1;1
10054;VorArzt;173.89;15.61;13.37;2.24;16.75;5.32;5.32;0.00;0.00;1;1
10054;NachArzt;187.01;0.25;0.25;0.00;0.00;0.00;0.00;0.00;;1;1
10048;Ankunft;138.15;32.92;49.65;-16.73;-33.69;15.52;15.52;0.00;0.00;0;1
10048;NachRezeption;153.63;22.21;34.17;-11.96;-35.00;13.20;13.20;0.00;0.00;0;1
10048;VorSchwester;153.63;22.21;34.17;-11.96;-35.00;13.20;13.20;0.00;0.00;0;1
10048;NachSchwester;159.14;24.33;28.66;-4.33;-15.10;7.86;7.86;0.00;0.00;1;1
10048;VorArzt;160.17;23.10;27.63;-4.53;-16.39;7.86;7.86;0.00;0.00;1;1
10048;NachArzt;187.55;0.25;0.25;0.00;0.00;0.00;0.00;0.00;;1;1
10003;Ankunft;3.51;166.22;184.76;-18.53;-10.03;15.00;15.00;0.00;0.00;1;1
10003;NachRezeption;10.02;154.37;178.25;-23.87;-13.39;14.62;14.62;0.00;0.00;1;1
10003;VorSchwester;10.02;154.37;178.25;-23.87;-13.39;14.62;14.62;0.00;0.00;1;1
10003;NachSchwester;15.21;148.06;173.06;-25.00;-14.44;9.59;9.59;-0.00;-0.00;1;1
10003;VorArzt;153.26;25.15;35.01;-9.86;-28.17;9.59;9.59;-0.00;-0.00;1;1
10003;NachArzt;176.14;12.13;12.13;0.00;0.00;1.19;1.19;-0.00;-0.00;1;1
10049;Ankunft;139.29;47.42;52.82;-5.39;-10.21;8.89;8.89;0.00;0.00;1;1
10049;NachRezeption;154.54;36.68;37.57;-0.89;-2.36;7.98;7.98;0.00;0.00;1;1
10049;VorArzt;155.22;35.31;36.88;-1.57;-4.26;7.98;7.98;0.00;0.00;1;1
10049;NachArzt;177.64;14.46;14.46;0.00;0.00;0.35;0.35;0.00;0.00;1;1
10062;Ankunft;160.68;34.92;32.67;2.24;6.87;5.10;5.10;0.00;0.00;1;1
10062;NachRezeption;175.19;17.65;18.17;-0.52;-2.88;4.47;4.47;-0.00;-0.00;1;1
10062;VorArzt;175.95;16.13;17.41;-1.28;-7.37;4.47;4.47;-0.00;-0.00;1;1
10062;NachArzt;179.52;13.83;13.83;0.00;0.00;1.25;1.25;-0.00;-0.00;1;1
10065;Ankunft;167.55;35.52;32.72;2.80;8.57;8.09;8.09;0.00;0.00;1;1
10065;NachRezeption;179.75;25.40;20.52;4.88;23.80;7.17;7.17;-0.00;-0.00;1;1
10065;VorSchwester;179.75;25.40;20.52;4.88;23.80;7.17;7.17;-0.00;-0.00;1;1
10065;NachSchwester;182.88;20.38;17.38;2.99;17.20;4.20;4.20;-0.00;-0.00;1;1
10065;VorArzt;184.03;19.98;16.24;3.74;23.02;4.20;4.20;-0.00;-0.00;1;1
10065;NachArzt;190.53;9.74;9.74;0.00;0.00;0.85;0.85;0.00;0.00;1;1
10061;Ankunft;158.39;49.70;45.00;4.71;10.46;9.74;9.74;0.00;0.00;1;1
10061;NachRezeption;174.55;33.96;28.83;5.13;17.78;6.57;6.57;0.00;0.00;1;1
10061;VorArzt;174.85;33.37;28.54;4.83;16.92;6.57;6.57;0.00;0.00;1;1
10061;NachArzt;191.17;12.22;12.22;0.00;0.00;3.12;3.12;0.00;0.00;1;1
10063;Ankunft;166.38;38.69;40.96;-2.27;-5.55;15.25;15.25;0.00;0.00;1;1
10063;NachRezeption;175.97;34.09;31.37;2.72;8.67;15.03;15.03;0.00;0.00;1;1
10063;VorSchwester;175.97;34.09;31.37;2.72;8.67;15.03;15.03;0.00;0.00;1;1
10063;NachSchwester;179.40;30.75;27.95;2.81;10.04;11.78;11.78;0.00;0.00;1;1
10063;VorArzt;179.67;30.63;27.67;2.96;10.69;11.78;11.78;0.00;0.00;1;1
10063;NachArzt;207.09;0.25;0.25;0.00;0.00;0.00;0.00;0.00;;1;1
10059;Ankunft;155.71;52.35;53.88;-1.54;-2.85;12.94;12.94;0.00;0.00;1;1
10059;NachRezeption;171.25;38.06;38.34;-0.28;-0.74;11.49;11.49;0.00;0.00;1;1
10059;VorSchwester;171.25;38.06;38.34;-0.28;-0.74;11.49;11.49;0.00;0.00;1;1
10059;NachSchwester;175.12;37.50;34.48;3.02;8.76;7.79;7.79;0.00;0.00;1;1
10059;VorArzt;175.95;39.30;33.64;5.66;16.81;7.79;7.79;0.00;0.00;1;1
10059;NachArzt;193.90;15.69;15.69;0.00;0.00;4.58;4.58;0.00;0.00;1;1
10071;Ankunft;177.26;33.76;34.93;-1.17;-3.36;4.44;4.44;0.00;0.00;1;1
10071;NachRezeption;191.67;17.00;20.51;-3.51;-17.12;3.40;3.40;0.00;0.00;1;1
10071;VorSchwester;191.67;17.00;20.51;-3.51;-17.12;3.40;3.40;0.00;0.00;1;1
10071;NachSchwester;192.68;14.82;19.51;-4.69;-24.02;2.56;2.56;0.00;0.00;1;1
10071;VorArzt;193.37;13.45;18.82;-5.37;-28.54;2.56;2.56;0.00;0.00;1;1
10071;NachArzt;195.15;17.04;17.04;0.00;0.00;1.48;1.48;0.00;0.00;1;1
10040;Ankunft;115.18;84.04;100.68;-16.63;-16.52;16.73;16.73;0.00;0.00;1;1
10040;NachRezeption;131.14;72.32;84.71;-12.40;-14.63;12.55;12.55;0.00;0.00;1;1
10040;VorSchwester;131.14;72.32;84.71;-12.40;-14.63;12.55;12.55;0.00;0.00;1;1
10040;NachSchwester;136.28;63.52;79.57;-16.06;-20.18;7.58;7.58;0.00;0.00;1;1
10040;VorArzt;178.51;22.52;37.35;-14.82;-39.69;7.58;7.58;0.00;0.00;0;1
10040;NachArzt;195.25;20.61;20.61;0.00;0.00;3.67;3.67;0.00;0.00;1;1
10068;Ankunft;171.54;33.76;45.02;-11.26;-25.02;5.41;5.41;0.00;0.00;1;1
10068;NachRezeption;184.21;31.76;32.35;-0.59;-1.81;4.31;4.31;0.00;0.00;1;1
10068;VorArzt;185.38;25.39;31.18;-5.78;-18.55;4.31;4.31;0.00;0.00;1;1
10068;NachArzt;216.31;0.25;0.25;0.00;0.00;0.00;0.00;0.00;;1;1
10066;Ankunft;168.71;47.16;53.73;-6.57;-12.22;8.01;8.01;0.00;0.00;1;1
10066;NachRezeption;181.09;37.96;41.35;-3.39;-8.20;7.15;7.15;0.00;0.00;1;1
10066;VorArzt;182.78;35.99;39.66;-3.67;-9.26;7.15;7.15;0.00;0.00;1;1
10066;NachArzt;201.99;20.44;20.44;0.00;0.00;0.57;0.57;-0.00;-0.00;1;1
10074;Ankunft;183.10;36.40;42.18;-5.78;-13.70;9.91;9.91;0.00;0.00;1;1
10074;NachRezeption;196.41;31.51;28.87;2.64;9.14;8.01;8.01;0.00;0.00;1;1
10074;VorSchwester;196.41;31.51;28.87;2.64;9.14;8.01;8.01;0.00;0.00;1;1
10074;NachSchwester;198.61;27.80;26.68;1.12;4.21;5.98;5.98;0.00;0.00;1;1
10074;VorArzt;198.98;28.10;26.30;1.80;6.86;5.98;5.98;0.00;0.00;1;1
10074;NachArzt;206.03;19.26;19.26;0.00;0.00;2.12;2.12;-0.00;-0.00;1;1
10078;Ankunft;193.62;30.87;32.74;-1.88;-5.73;2.68;2.68;0.00;0.00;1;1
10078;NachRezeption;204.93;23.96;21.43;2.53;11.82;1.69;1.69;0.00;0.00;1;1
10078;VorArzt;206.06;21.25;20.30;0.94;4.65;1.69;1.69;0.00;0.00;1;1
10078;NachArzt;207.87;18.49;18.49;0.00;0.00;1.08;1.08;0.00;0.00;1;1
10084;Ankunft;200.77;27.84;27.15;0.69;2.53;3.65;3.65;0.00;0.00;1;1
10084;NachRezeption;221.78;6.14;6.14;0.00;0.00;2.52;2.52;0.00;0.00;1;1
10084;VorArzt;222.20;5.71;5.71;0.00;0.00;2.52;2.52;0.00;0.00;1;1
10084;NachArzt;227.67;0.25;0.25;0.00;0.00;0.00;0.00;0.00;;1;1
10073;Ankunft;181.93;45.88;48.13;-2.25;-4.67;9.63;9.63;0.00;0.00;1;1
10073;NachRezeption;194.52;30.30;35.54;-5.24;-14.75;9.24;9.24;0.00;0.00;1;1
10073;VorArzt;195.93;25.12;34.12;-9.00;-26.38;9.24;9.24;0.00;0.00;1;1
10073;NachArzt;229.81;0.25;0.25;0.00;0.00;0.00;0.00;0.00;;1;1
10056;Ankunft;146.89;72.51;84.44;-11.94;-14.13;11.57;11.57;0.00;0.00;1;1
10056;NachRezeption;162.66;39.68;68.68;-28.99;-42.22;11.12;11.12;0.00;0.00;0;1
10056;VorSchwester;162.66;39.68;68.68;-28.99;-42.22;11.12;11.12;0.00;0.00;0;1
10056;NachSchwester;169.72;31.63;61.61;-29.99;-48.67;4.23;4.23;0.00;0.00;0;1
10056;VorArzt;184.27;20.06;47.06;-27.00;-57.38;4.23;4.23;0.00;0.00;0;1
10056;NachArzt;209.53;21.80;21.80;0.00;0.00;0.88;0.88;0.00;0.00;1;1
10070;Ankunft;176.72;37.88;56.30;-18.42;-32.72;11.97;11.97;0.00;0.00;0;1
10070;NachRezeption;190.64;25.88;42.39;-16.50;-38.93;9.51;9.51;0.00;0.00;0;1
10070;VorSchwester;190.64;25.88;42.39;-16.50;-38.93;9.51;9.51;0.00;0.00;0;1
10070;NachSchwester;195.37;34.55;37.65;-3.10;-8.24;4.94;4.94;0.00;0.00;1;1
10070;VorArzt;196.46;29.34;36.57;-7.22;-19.75;4.94;4.94;0.00;0.00;1;1
10070;NachArzt;232.78;0.25;0.25;0.00;0.00;0.00;0.00;0.00;;1;1
10086;Ankunft;208.18;25.93;25.89;0.04;0.16;5.97;5.97;0.00;0.00;1;1
10086;NachRezeption;228.40;5.66;5.66;0.00;0.00;3.84;3.84;0.00;0.00;1;1
10086;VorArzt;228.76;5.31;5.31;0.00;0.00;3.84;3.84;0.00;0.00;1;1
10086;NachArzt;233.82;0.25;0.25;0.00;0.00;0.00;0.00;0.00;;1;1
10100;Ankunft;237.99;314.53;0.00;314.53;;14.83;;;;0;0
10077;Ankunft;193.52;32.69;45.60;-12.91;-28.30;5.12;5.12;0.00;0.00;1;1
10077;NachRezeption;203.94;26.48;35.18;-8.70;-24.74;4.49;4.49;0.00;0.00;1;1
10077;VorArzt;206.57;24.05;32.55;-8.49;-26.09;4.49;4.49;0.00;0.00;1;1
10077;NachArzt;211.83;27.28;27.28;0.00;0.00;0.69;0.69;-0.00;-0.00;1;1
10067;Ankunft;171.06;46.87;69.21;-22.34;-32.28;8.52;8.52;0.00;0.00;0;1
10067;NachRezeption;183.11;45.79;57.15;-11.36;-19.88;7.15;7.15;0.00;0.00;1;1
10067;VorArzt;184.73;40.56;55.53;-14.98;-26.97;7.15;7.15;0.00;0.00;1;1
10067;NachArzt;215.70;24.57;24.57;0.00;0.00;1.15;1.15;-0.00;-0.00;1;1
10072;Ankunft;181.82;53.26;67.20;-13.94;-20.75;6.66;6.66;0.00;0.00;1;1
10072;NachRezeption;194.13;39.82;54.90;-15.08;-27.47;5.81;5.81;0.00;0.00;1;1
10072;VorArzt;194.64;38.80;54.39;-15.59;-28.66;5.81;5.81;0.00;0.00;1;1
10072;NachArzt;220.40;28.62;28.62;0.00;0.00;1.88;1.88;0.00;0.00;1;1
10019;Ankunft;65.88;143.96;184.45;-40.49;-21.95;19.27;19.27;0.00;0.00;1;1
10019;NachRezeption;73.20;131.69;177.13;-45.44;-25.65;16.15;16.15;-0.00;-0.00;1;1
10019;VorSchwester;73.20;131.69;177.13;-45.44;-25.65;16.15;16.15;-0.00;-0.00;1;1
10019;NachSchwester;79.10;121.62;171.23;-49.61;-28.97;10.42;10.42;-0.00;-0.00;1;1
10019;VorArzt;187.89;23.35;62.44;-39.09;-62.61;10.42;10.42;-0.00;-0.00;0;1
10019;NachArzt;224.98;25.35;25.35;0.00;0.00;1.31;1.31;-0.00;-0.00;1;1
10090;Ankunft;217.33;33.19;36.50;-3.31;-9.06;5.70;5.70;0.00;0.00;1;1
10090;NachRezeption;241.22;12.60;12.60;0.00;0.00;4.67;4.67;0.00;0.00;1;1
10090;VorSchwester;241.22;12.60;12.60;0.00;0.00;4.67;4.67;0.00;0.00;1;1
10090;NachSchwester;243.70;9.96;10.12;-0.17;-1.65;2.35;2.35;-0.00;-0.00;1;1
10090;VorArzt;246.12;7.70;7.70;0.00;0.00;2.35;2.35;-0.00;-0.00;1;1
10090;NachArzt;253.58;0.25;0.25;0.00;0.00;0.00;0.00;0.00;;1;1
10075;Ankunft;186.83;57.26;80.57;-23.31;-28.93;11.77;11.77;0.00;0.00;1;1
10075;NachRezeption;197.78;57.84;69.63;-11.79;-16.93;10.40;10.40;0.00;0.00;1;1
10075;VorArzt;198.29;57.66;69.11;-11.45;-16.57;10.40;10.40;0.00;0.00;1;1
10075;NachArzt;239.84;27.56;27.56;0.00;0.00;3.50;3.50;0.00;0.00;1;1
10037;Ankunft;107.85;147.12;160.74;-13.62;-8.47;7.48;7.48;0.00;0.00;1;1
10037;NachRezeption;119.84;133.37;148.76;-15.38;-10.34;6.56;6.56;0.00;0.00;1;1
10037;VorSchwester;119.84;133.37;148.76;-15.38;-10.34;6.56;6.56;0.00;0.00;1;1
10037;NachSchwester;122.02;132.17;146.57;-14.40;-9.82;4.54;4.54;0.00;0.00;1;1
10037;VorArzt;233.96;28.73;34.63;-5.91;-17.05;4.54;4.54;0.00;0.00;1;1
10037;NachArzt;244.36;24.23;24.23;0.00;0.00;0.19;0.19;0.00;0.00;1;1
10076;Ankunft;189.60;49.79;79.93;-30.14;-37.71;13.25;13.25;0.00;0.00;0;1
10076;NachRezeption;199.34;77.07;70.19;6.87;9.79;11.70;11.70;0.00;0.00;1;1
10076;VorArzt;202.06;74.78;67.47;7.30;10.83;11.70;11.70;0.00;0.00;1;1
10076;NachArzt;244.74;24.79;24.79;0.00;0.00;0.94;0.94;0.00;0.00;1;1
10101;Ankunft;238.66;28.63;31.77;-3.13;-9.87;4.56;4.56;0.00;0.00;1;1
10101;NachRezeption;260.55;9.87;9.87;0.00;0.00;2.71;2.71;0.00;0.00;1;1
10101;VorArzt;263.98;6.45;6.45;0.00;0.00;2.71;2.71;0.00;0.00;1;1
10101;NachArzt;270.18;0.25;0.25;0.00;0.00;0.00;0.00;0.00;;1;1
10085;Ankunft;205.25;82.27;65.26;17.01;26.06;13.09;13.09;0.00;0.00;1;1
10085;NachRezeption;223.08;57.31;47.43;9.88;20.84;12.36;12.36;0.00;0.00;1;1
10085;VorArzt;224.09;56.31;46.42;9.88;21.29;12.36;12.36;0.00;0.00;1;1
10085;NachArzt;270.26;0.25;0.25;0.00;0.00;0.00;0.00;0.00;;1;1
10028;Ankunft;88.55;183.06;184.48;-1.41;-0.77;11.39;11.39;0.00;0.00;1;1
10028;NachRezeption;97.01;173.98;176.01;-2.04;-1.16;3.24;3.24;-0.00;-0.00;1;1
10028;VorSchwester;97.01;173.98;176.01;-2.04;-1.16;3.24;3.24;-0.00;-0.00;1;1
10028;NachSchwester;97.98;173.00;175.04;-2.04;-1.16;2.43;2.43;-0.00;-0.00;1;1
10028;VorArzt;268.14;4.88;4.88;0.00;0.00;2.43;2.43;-0.00;-0.00;1;1
10028;NachArzt;272.77;0.25;0.25;0.00;0.00;0.00;0.00;0.00;;1;1
10079;Ankunft;194.06;55.88;80.65;-24.77;-30.71;8.60;8.60;0.00;0.00;0;1
10079;NachRezeption;210.62;76.77;64.09;12.68;19.78;7.49;7.49;0.00;0.00;1;1
10079;VorArzt;213.16;79.64;61.55;18.08;29.38;7.49;7.49;0.00;0.00;1;1
10079;NachArzt;251.06;23.66;23.66;0.00;0.00;0.96;0.96;0.00;0.00;1;1
10104;Ankunft;249.07;26.67;25.73;0.93;3.62;2.00;2.00;0.00;0.00;1;1
10104;NachRezeption;269.83;4.81;4.98;-0.17;-3.35;1.62;1.62;0.00;0.00;1;1
10104;VorArzt;271.86;2.94;2.94;0.00;0.00;1.62;1.62;0.00;0.00;1;1
10104;NachArzt;274.55;0.25;0.25;0.00;0.00;0.00;0.00;0.00;;1;1
10064;Ankunft;166.92;76.99;112.52;-35.52;-31.57;7.13;7.13;0.00;0.00;0;1
10064;NachRezeption;178.83;56.87;100.61;-43.74;-43.47;4.47;4.47;0.00;0.00;0;1
10064;VorArzt;230.81;6.85;48.62;-41.78;-85.92;4.47;4.47;0.00;0.00;0;1
10064;NachArzt;279.19;0.25;0.25;0.00;0.00;0.00;0.00;0.00;;1;1
10043;Ankunft;125.92;114.31;153.82;-39.52;-25.69;12.68;12.68;0.00;0.00;1;1
10043;NachRezeption;139.05;99.43;140.70;-41.27;-29.33;11.69;11.69;0.00;0.00;1;1
10043;VorSchwester;139.05;99.43;140.70;-41.27;-29.33;11.69;11.69;0.00;0.00;1;1
10043;NachSchwester;142.67;96.04;137.07;-41.03;-29.93;8.23;8.23;-0.00;-0.00;1;1
10043;VorArzt;215.25;32.87;64.49;-31.62;-49.03;8.23;8.23;-0.00;-0.00;0;1
10043;NachArzt;251.44;28.31;28.31;0.00;0.00;1.70;1.70;-0.00;-0.00;1;1
10080;Ankunft;197.78;74.99;89.20;-14.21;-15.93;7.62;7.62;0.00;0.00;1;1
10080;NachRezeption;216.62;74.93;70.36;4.57;6.50;6.77;6.77;0.00;0.00;1;1
10080;VorArzt;218.37;72.47;68.61;3.87;5.63;6.77;6.77;0.00;0.00;1;1
10080;NachArzt;257.73;29.25;29.25;0.00;0.00;0.64;0.64;-0.00;-0.00;1;1
10087;Ankunft;208.53;82.07;82.61;-0.54;-0.66;13.50;13.50;0.00;0.00;1;1
10087;NachRezeption;230.37;66.36;60.77;5.59;9.19;11.53;11.53;0.00;0.00;1;1
10087;VorArzt;232.15;55.44;58.99;-3.56;-6.03;11.53;11.53;0.00;0.00;1;1
10087;NachArzt;290.89;0.25;0.25;0.00;0.00;0.00;0.00;0.00;;1;1
10082;Ankunft;199.15;96.91;105.30;-8.39;-7.97;20.22;20.22;0.00;0.00;1;1
10082;NachRezeption;219.27;87.05;85.18;1.86;2.19;18.63;18.63;0.00;0.00;1;1
10082;VorSchwester;219.27;87.05;85.18;1.86;2.19;18.63;18.63;0.00;0.00;1;1
10082;NachSchwester;223.76;87.26;80.69;6.57;8.14;14.31;14.31;-0.00;-0.00;1;1
10082;VorArzt;223.95;86.86;80.49;6.37;7.91;14.31;14.31;-0.00;-0.00;1;1
10082;NachArzt;267.30;37.15;37.15;0.00;0.00;0.76;0.76;-0.00;-0.00;1;1
10060;Ankunft;156.40;98.79;153.92;-55.13;-35.82;9.04;9.04;0.00;0.00;0;1
10060;NachRezeption;171.38;83.80;138.94;-55.13;-39.68;8.91;8.91;0.00;0.00;0;1
10060;VorArzt;245.86;14.91;64.46;-49.56;-76.88;8.91;8.91;0.00;0.00;0;1
10060;NachArzt;310.07;0.25;0.25;0.00;0.00;0.00;0.00;0.00;;1;1
10083;Ankunft;200.56;98.43;110.71;-12.27;-11.09;11.96;11.96;0.00;0.00;1;1
10083;NachRezeption;220.65;81.00;90.61;-9.61;-10.60;10.57;10.57;0.00;0.00;1;1
10083;VorSchwester;220.65;81.00;90.61;-9.61;-10.60;10.57;10.57;0.00;0.00;1;1
10083;NachSchwester;225.27;87.56;85.99;1.58;1.83;6.11;6.11;0.00;0.00;1;1
10083;VorArzt;225.59;86.93;85.67;1.26;1.47;6.11;6.11;0.00;0.00;1;1
10083;NachArzt;275.54;35.73;35.73;0.00;0.00;1.01;1.01;-0.00;-0.00;1;1
10092;Ankunft;219.86;74.93;94.25;-19.33;-20.51;7.41;7.41;0.00;0.00;1;1
10092;NachRezeption;244.55;60.57;69.56;-8.99;-12.93;6.88;6.88;0.00;0.00;1;1
10092;VorSchwester;244.55;60.57;69.56;-8.99;-12.93;6.88;6.88;0.00;0.00;1;1
10092;NachSchwester;247.97;62.55;66.15;-3.60;-5.45;3.63;3.63;0.00;0.00;1;1
10092;VorArzt;249.73;60.79;64.39;-3.60;-5.59;3.63;3.63;0.00;0.00;1;1
10092;NachArzt;313.86;0.25;0.25;0.00;0.00;0.00;0.00;0.00;;1;1
10113;Ankunft;267.70;60.39;49.06;11.32;23.08;8.29;8.29;0.00;0.00;1;1
10113;NachRezeption;310.17;7.14;6.60;0.54;8.20;2.48;2.48;0.00;0.00;1;1
10113;VorArzt;313.83;2.93;2.93;0.00;0.00;2.48;2.48;0.00;0.00;1;1
10113;NachArzt;316.52;0.25;0.25;0.00;0.00;0.00;0.00;0.00;;1;1
10058;Ankunft;149.49;114.01;168.02;-54.01;-32.14;24.58;24.58;0.00;0.00;0;1
10058;NachRezeption;164.76;96.23;152.75;-56.52;-37.00;22.82;22.82;0.00;0.00;0;1
10058;VorSchwester;185.24;82.46;132.26;-49.80;-37.65;22.82;22.82;0.00;0.00;0;1
10058;NachSchwester;189.99;76.12;127.52;-51.40;-40.31;18.24;18.24;0.00;0.00;0;1
10058;VorArzt;231.34;46.07;86.17;-40.11;-46.54;18.24;18.24;0.00;0.00;0;1
10058;NachArzt;290.97;26.54;26.54;0.00;0.00;2.98;2.98;-0.00;-0.00;1;1
10057;Ankunft;149.47;111.31;169.16;-57.84;-34.20;10.80;10.80;0.00;0.00;0;1
10057;NachRezeption;163.00;93.35;155.63;-62.28;-40.02;10.46;10.46;0.00;0.00;0;1
10057;VorSchwester;163.00;93.35;155.63;-62.28;-40.02;10.46;10.46;0.00;0.00;0;1
10057;NachSchwester;168.31;87.78;150.32;-62.55;-41.61;5.32;5.32;0.00;0.00;0;1
10057;VorArzt;238.42;31.79;80.21;-48.41;-60.36;5.32;5.32;0.00;0.00;0;1
10057;NachArzt;295.33;23.30;23.30;0.00;0.00;1.12;1.12;0.00;0.00;1;1
10088;Ankunft;210.67;103.75;109.36;-5.61;-5.13;14.75;14.75;0.00;0.00;1;1
10088;NachRezeption;232.02;92.77;88.01;4.76;5.41;13.98;13.98;0.00;0.00;1;1
10088;VorSchwester;232.02;92.77;88.01;4.76;5.41;13.98;13.98;0.00;0.00;1;1
10088;NachSchwester;234.84;92.57;85.18;7.39;8.67;11.33;11.33;0.00;0.00;1;1
10088;VorArzt;235.07;92.12;84.96;7.16;8.43;11.33;11.33;0.00;0.00;1;1
10088;NachArzt;300.99;19.03;19.03;0.00;0.00;1.39;1.39;0.00;0.00;1;1
10089;Ankunft;211.64;98.46;108.92;-10.46;-9.60;18.20;18.20;0.00;0.00;1;1
10089;NachRezeption;238.34;84.16;82.21;1.95;2.37;11.87;11.87;0.00;0.00;1;1
10089;VorSchwester;238.34;84.16;82.21;1.95;2.37;11.87;11.87;0.00;0.00;1;1
10089;NachSchwester;242.97;86.94;77.58;9.35;12.05;7.41;7.41;0.00;0.00;1;1
10089;VorArzt;244.72;84.55;75.83;8.72;11.50;7.41;7.41;0.00;0.00;1;1
10089;NachArzt;302.38;18.17;18.17;0.00;0.00;0.53;0.53;0.00;0.00;1;1
10094;Ankunft;227.94;84.89;93.61;-8.72;-9.31;10.77;10.77;0.00;0.00;1;1
10094;NachRezeption;254.30;63.11;67.25;-4.14;-6.16;6.72;6.72;0.00;0.00;1;1
10094;VorArzt;254.76;62.64;66.79;-4.14;-6.20;6.72;6.72;0.00;0.00;1;1
10094;NachArzt;321.30;0.25;0.25;0.00;0.00;0.00;0.00;0.00;;1;1
10096;Ankunft;230.38;89.86;92.06;-2.21;-2.40;7.34;7.34;0.00;0.00;1;1
10096;NachRezeption;257.30;59.97;65.14;-5.17;-7.94;5.51;5.51;0.00;0.00;1;1
10096;VorArzt;257.82;59.45;64.62;-5.17;-8.00;5.51;5.51;0.00;0.00;1;1
10096;NachArzt;322.19;0.25;0.25;0.00;0.00;0.00;0.00;0.00;;1;1
10103;Ankunft;241.05;87.15;85.53;1.62;1.89;12.43;12.43;0.00;0.00;1;1
10103;NachRezeption;268.31;60.82;58.27;2.54;4.36;11.43;11.43;0.00;0.00;1;1
10103;VorSchwester;268.31;60.82;58.27;2.54;4.36;11.43;11.43;0.00;0.00;1;1
10103;NachSchwester;275.04;55.37;51.55;3.82;7.41;4.87;4.87;-0.00;-0.00;1;1
10103;VorArzt;275.47;54.93;51.11;3.82;7.47;4.87;4.87;-0.00;-0.00;1;1
10103;NachArzt;326.34;0.25;0.25;0.00;0.00;0.00;0.00;0.00;;1;1
10093;Ankunft;220.07;109.27;116.59;-7.32;-6.28;15.89;15.89;0.00;0.00;1;1
10093;NachRezeption;247.06;88.26;89.59;-1.33;-1.49;13.38;13.38;-0.00;-0.00;1;1
10093;VorArzt;247.28;87.83;89.38;-1.55;-1.73;13.38;13.38;-0.00;-0.00;1;1
10093;NachArzt;314.41;22.25;22.25;0.00;0.00;1.52;1.52;0.00;0.00;1;1
10052;Ankunft;142.47;192.93;196.56;-3.63;-1.85;8.08;8.08;0.00;0.00;1;1
10052;NachRezeption;157.49;176.91;181.54;-4.63;-2.55;7.18;7.18;-0.00;-0.00;1;1
10052;VorSchwester;157.49;176.91;181.54;-4.63;-2.55;7.18;7.18;-0.00;-0.00;1;1
10052;NachSchwester;160.48;173.91;178.54;-4.63;-2.59;4.36;4.36;-0.00;-0.00;1;1
10052;VorArzt;329.62;9.40;9.40;0.00;0.00;4.36;4.36;-0.00;-0.00;1;1
10052;NachArzt;338.78;0.25;0.25;0.00;0.00;0.00;0.00;0.00;;1;1
10107;Ankunft;254.67;116.12;88.43;27.69;31.31;13.57;13.57;0.00;0.00;0;1
10107;NachRezeption;284.10;88.61;59.00;29.61;50.19;9.13;9.13;-0.00;-0.00;0;1
10107;VorArzt;284.31;88.20;58.79;29.41;50.02;9.13;9.13;-0.00;-0.00;0;1
10107;NachArzt;334.25;8.85;8.85;0.00;0.00;1.38;1.38;0.00;0.00;1;1
10098;Ankunft;234.31;87.12;110.75;-23.64;-21.34;10.18;10.18;0.00;0.00;1;1
10098;NachRezeption;258.31;65.00;86.75;-21.76;-25.08;9.60;9.60;0.00;0.00;1;1
10098;VorSchwester;258.31;65.00;86.75;-21.76;-25.08;9.60;9.60;0.00;0.00;1;1
10098;NachSchwester;262.20;61.72;82.86;-21.14;-25.51;5.87;5.87;0.00;0.00;1;1
10098;VorArzt;291.95;33.91;53.11;-19.19;-36.14;5.87;5.87;0.00;0.00;0;1
10098;NachArzt;344.81;0.25;0.25;0.00;0.00;0.00;0.00;0.00;;1;1
10106;Ankunft;251.36;122.03;96.20;25.83;26.85;19.75;19.75;0.00;0.00;1;1
10106;NachRezeption;277.96;102.76;69.59;33.17;47.66;16.42;16.42;0.00;0.00;0;1
10106;VorArzt;282.71;94.52;64.85;29.67;45.75;16.42;16.42;0.00;0.00;0;1
10106;NachArzt;334.32;13.24;13.24;0.00;0.00;4.46;4.46;0.00;0.00;1;1
10112;Ankunft;266.52;93.32;89.27;4.05;4.54;8.76;8.76;0.00;0.00;1;1
10112;NachRezeption;303.61;48.18;52.19;-4.01;-7.68;6.05;6.05;0.00;0.00;1;1
10112;VorArzt;304.36;47.43;51.43;-4.01;-7.79;6.05;6.05;0.00;0.00;1;1
10112;NachArzt;355.54;0.25;0.25;0.00;0.00;0.00;0.00;0.00;;1;1
10120;Ankunft;304.61;59.88;52.17;7.71;14.77;13.49;13.49;0.00;0.00;1;1
10120;NachRezeption;327.88;29.54;28.90;0.64;2.21;11.84;11.84;0.00;0.00;1;1
10120;VorSchwester;327.88;29.54;28.90;0.64;2.21;11.84;11.84;0.00;0.00;1;1
10120;NachSchwester;329.04;29.15;27.75;1.40;5.06;10.85;10.85;0.00;0.00;1;1
10120;VorArzt;329.78;27.61;27.01;0.60;2.22;10.85;10.85;0.00;0.00;1;1
10120;NachArzt;338.90;17.88;17.88;0.00;0.00;6.43;6.43;0.00;0.00;1;1
10131;Ankunft;358.22;190.58;0.00;190.58;;34.90;;;;0;0
10132;Ankunft;359.10;171.17;0.00;171.17;;19.22;;;;0;0
10109;Ankunft;259.27;121.36;104.13;17.22;16.54;16.82;16.82;0.00;0.00;1;1
10109;NachRezeption;295.53;74.33;67.87;6.46;9.52;8.19;8.19;0.00;0.00;1;1
10109;VorArzt;296.98;71.43;66.42;5.01;7.54;8.19;8.19;0.00;0.00;1;1
10109;NachArzt;348.27;15.13;15.13;0.00;0.00;4.89;4.89;-0.00;-0.00;1;1
10116;Ankunft;285.59;93.82;80.02;13.80;17.24;10.29;10.29;0.00;0.00;1;1
10116;NachRezeption;313.39;45.05;52.23;-7.18;-13.75;9.66;9.66;0.00;0.00;1;1
10116;VorArzt;313.76;44.68;51.85;-7.18;-13.84;9.66;9.66;0.00;0.00;1;1
10116;NachArzt;365.37;0.25;0.25;0.00;0.00;0.00;0.00;0.00;;1;1
10102;Ankunft;239.45;113.24;127.28;-14.04;-11.03;21.10;21.10;0.00;0.00;1;1
10102;NachRezeption;263.82;101.14;102.91;-1.77;-1.72;17.84;17.84;-0.00;-0.00;1;1
10102;VorSchwester;263.82;101.14;102.91;-1.77;-1.72;17.84;17.84;-0.00;-0.00;1;1
10102;NachSchwester;268.24;106.77;98.49;8.28;8.40;13.58;13.58;-0.00;-0.00;1;1
10102;VorArzt;292.51;65.98;74.22;-8.24;-11.10;13.58;13.58;-0.00;-0.00;1;1
10102;NachArzt;349.32;17.41;17.41;0.00;0.00;3.33;3.33;-0.00;-0.00;1;1
10111;Ankunft;265.46;126.71;104.57;22.14;21.18;9.43;9.43;0.00;0.00;1;1
10111;NachRezeption;300.90;65.62;69.13;-3.51;-5.08;6.92;6.92;-0.00;-0.00;1;1
10111;VorArzt;301.29;66.24;68.74;-2.50;-3.63;6.92;6.92;-0.00;-0.00;1;1
10111;NachArzt;352.06;17.97;17.97;0.00;0.00;3.30;3.30;-0.00;-0.00;1;1
10119;Ankunft;304.26;68.65;66.28;2.37;3.58;5.90;5.90;0.00;0.00;1;1
10119;NachRezeption;326.23;40.16;44.31;-4.15;-9.37;4.76;4.76;0.00;0.00;1;1
10119;VorArzt;328.49;35.20;42.05;-6.85;-16.28;4.76;4.76;0.00;0.00;1;1
10119;NachArzt;370.29;0.25;0.25;0.00;0.00;0.00;0.00;0.00;;1;1
10127;Ankunft;335.55;34.62;38.83;-4.21;-10.84;10.01;10.01;0.00;0.00;1;1
10127;NachRezeption;350.27;25.80;24.11;1.68;6.98;7.21;7.21;0.00;0.00;1;1
10127;VorArzt;350.55;25.24;23.83;1.41;5.90;7.21;7.21;0.00;0.00;1;1
10127;NachArzt;358.16;16.22;16.22;0.00;0.00;1.28;1.28;0.00;0.00;1;1
10117;Ankunft;290.07;104.50;84.68;19.81;23.40;10.75;10.75;0.00;0.00;1;1
10117;NachRezeption;314.45;66.40;60.30;6.10;10.12;9.69;9.69;0.00;0.00;1;1
10117;VorSchwester;314.45;66.40;60.30;6.10;10.12;9.69;9.69;0.00;0.00;1;1
10117;NachSchwester;318.98;60.99;55.76;5.23;9.37;5.32;5.32;-0.00;-0.00;1;1
10117;VorArzt;319.72;59.52;55.03;4.49;8.17;5.32;5.32;-0.00;-0.00;1;1
10117;NachArzt;363.28;11.47;11.47;0.00;0.00;0.37;0.37;-0.00;-0.00;1;1
10118;Ankunft;303.47;82.47;73.15;9.33;12.75;10.91;10.91;0.00;0.00;1;1
10118;NachRezeption;325.09;54.44;51.53;2.91;5.65;6.29;6.29;-0.00;-0.00;1;1
10118;VorArzt;327.78;49.23;48.84;0.39;0.80;6.29;6.29;-0.00;-0.00;1;1
10118;NachArzt;368.36;8.25;8.25;0.00;0.00;1.37;1.37;-0.00;-0.00;1;1
10115;Ankunft;280.48;121.69;97.94;23.75;24.25;8.74;8.74;0.00;0.00;1;1
10115;NachRezeption;312.76;57.70;65.67;-7.97;-12.14;7.66;7.66;0.00;0.00;1;1
10115;VorSchwester;312.76;57.70;65.67;-7.97;-12.14;7.66;7.66;0.00;0.00;1;1
10115;NachSchwester;315.67;63.39;62.75;0.64;1.01;4.92;4.92;0.00;0.00;1;1
10115;VorArzt;330.04;41.94;48.38;-6.44;-13.32;4.92;4.92;0.00;0.00;1;1
10115;NachArzt;371.65;6.78;6.78;0.00;0.00;1.80;1.80;0.00;0.00;1;1
10121;Ankunft;305.43;88.94;73.54;15.39;20.93;6.20;6.20;0.00;0.00;1;1
10121;NachRezeption;328.29;48.98;50.69;-1.71;-3.38;5.80;5.80;0.00;0.00;1;1
10121;VorSchwester;328.29;48.98;50.69;-1.71;-3.38;5.80;5.80;0.00;0.00;1;1
10121;NachSchwester;332.12;47.98;46.85;1.12;2.40;2.14;2.14;-0.00;-0.00;1;1
10121;VorArzt;334.78;48.67;44.20;4.47;10.11;2.14;2.14;-0.00;-0.00;1;1
10121;NachArzt;373.39;5.58;5.58;0.00;0.00;0.55;0.55;-0.00;-0.00;1;1
10122;Ankunft;309.07;84.40;72.07;12.34;17.12;8.78;8.78;0.00;0.00;1;1
10122;NachRezeption;329.34;57.06;51.80;5.26;10.16;7.73;7.73;0.00;0.00;1;1
10122;VorArzt;330.21;54.28;50.93;3.34;6.57;7.73;7.73;0.00;0.00;1;1
10122;NachArzt;376.02;5.13;5.13;0.00;0.00;2.17;2.17;0.00;0.00;1;1
10123;Ankunft;313.76;78.33;70.62;7.71;10.91;16.68;16.68;0.00;0.00;1;1
10123;NachRezeption;335.06;55.67;49.32;6.34;12.86;10.96;10.96;0.00;0.00;1;1
10123;VorSchwester;335.06;55.67;49.32;6.34;12.86;10.96;10.96;0.00;0.00;1;1
10123;NachSchwester;338.24;53.68;46.14;7.54;16.34;7.95;7.95;0.00;0.00;1;1
10123;VorArzt;338.95;58.85;45.43;13.43;29.55;7.95;7.95;0.00;0.00;1;1
10123;NachArzt;382.07;2.31;2.31;0.00;0.00;2.06;2.06;-0.00;-0.00;1;1
10105;Ankunft;250.06;169.54;138.16;31.38;22.71;11.06;11.06;0.00;0.00;1;1
10105;NachRezeption;273.67;156.49;114.55;41.94;36.61;7.22;7.22;0.00;0.00;0;1
10105;VorSchwester;273.67;156.49;114.55;41.94;36.61;7.22;7.22;0.00;0.00;0;1
10105;NachSchwester;275.32;156.47;112.90;43.56;38.59;5.74;5.74;0.00;0.00;0;1
10105;VorArzt;381.35;6.87;6.87;0.00;0.00;5.74;5.74;0.00;0.00;1;1
10105;NachArzt;386.45;1.77;1.77;0.00;0.00;1.52;1.52;0.00;0.00;1;1
10124;Ankunft;317.59;72.71;71.11;1.60;2.25;15.44;15.44;0.00;0.00;1;1
10124;NachRezeption;337.12;47.96;51.57;-3.62;-7.01;14.89;14.89;0.00;0.00;1;1
10124;VorArzt;337.74;47.34;50.95;-3.62;-7.10;14.89;14.89;0.00;0.00;1;1
10124;NachArzt;388.45;0.25;0.25;0.00;0.00;0.00;0.00;0.00;;1;1
10125;Ankunft;321.49;56.36;68.91;-12.55;-18.22;9.04;9.04;0.00;0.00;1;1
10125;NachRezeption;339.55;42.14;50.84;-8.71;-17.12;6.61;6.61;0.00;0.00;1;1
10125;VorSchwester;339.55;42.14;50.84;-8.71;-17.12;6.61;6.61;0.00;0.00;1;1
10125;NachSchwester;342.80;38.72;47.59;-8.87;-18.64;3.53;3.53;0.00;0.00;1;1
10125;VorArzt;343.00;38.53;47.40;-8.87;-18.72;3.53;3.53;0.00;0.00;1;1
10125;NachArzt;390.15;0.25;0.25;0.00;0.00;0.00;0.00;0.00;;1;1
10130;Ankunft;355.18;56.13;43.82;12.32;28.12;11.04;11.04;0.00;0.00;1;1
10130;NachRezeption;373.02;24.09;25.97;-1.89;-7.26;8.96;8.96;0.00;0.00;1;1
10130;VorSchwester;373.02;24.09;25.97;-1.89;-7.26;8.96;8.96;0.00;0.00;1;1
10130;NachSchwester;377.43;24.13;21.57;2.56;11.87;4.72;4.72;0.00;0.00;1;1
10130;VorArzt;377.91;23.64;21.08;2.56;12.14;4.72;4.72;0.00;0.00;1;1
10130;NachArzt;398.74;0.25;0.25;0.00;0.00;0.00;0.00;0.00;;1;1
10081;Ankunft;198.84;215.98;205.55;10.43;5.07;11.48;11.48;0.00;0.00;1;1
10081;NachRezeption;217.68;171.55;186.71;-15.17;-8.12;10.43;10.43;0.00;0.00;1;1
10081;VorSchwester;217.68;171.55;186.71;-15.17;-8.12;10.43;10.43;0.00;0.00;1;1
10081;NachSchwester;223.39;165.84;181.00;-15.17;-8.38;4.89;4.89;0.00;0.00;1;1
10081;VorArzt;383.92;7.84;20.47;-12.63;-61.72;4.89;4.89;0.00;0.00;0;1
10081;NachArzt;404.14;0.25;0.25;0.00;0.00;0.00;0.00;0.00;;1;1
10133;Ankunft;364.65;43.42;40.76;2.66;6.53;10.16;10.16;0.00;0.00;1;1
10133;NachRezeption;375.16;23.65;30.25;-6.60;-21.83;9.66;9.66;0.00;0.00;1;1
10133;VorSchwester;375.16;23.65;30.25;-6.60;-21.83;9.66;9.66;0.00;0.00;1;1
10133;NachSchwester;378.74;28.68;26.67;2.00;7.51;6.25;6.25;-0.00;-0.00;1;1
10133;VorArzt;380.05;27.36;25.36;2.00;7.90;6.25;6.25;-0.00;-0.00;1;1
10133;NachArzt;405.16;0.25;0.25;0.00;0.00;0.00;0.00;0.00;;1;1
10134;Ankunft;405.80;178.96;0.00;178.96;;22.42;;;;0;0
10135;Ankunft;413.35;139.32;0.00;139.32;;6.97;;;;0;0
10021;Ankunft;68.95;29.10;345.86;-316.77;-91.59;21.53;21.53;0.00;0.00;0;1
10021;NachRezeption;76.50;20.35;338.32;-317.97;-93.99;19.00;19.00;0.00;0.00;0;1
10021;VorSchwester;76.50;20.35;338.32;-317.97;-93.99;19.00;19.00;0.00;0.00;0;1
10021;NachSchwester;85.41;39.32;329.41;-290.09;-88.06;10.26;10.26;0.00;0.00;0;1
10021;VorArzt;86.17;38.55;328.64;-290.09;-88.27;10.26;10.26;0.00;0.00;0;1
10021;NachArzt;414.57;0.25;0.25;0.00;0.00;0.00;0.00;0.00;;1;1
10136;Ankunft;418.86;189.59;0.00;189.59;;13.50;;;;0;0
10091;Ankunft;219.26;218.75;206.16;12.59;6.11;15.90;;;;1;1
10091;NachRezeption;244.02;192.38;181.40;10.97;6.05;13.11;;;;1;1
10091;VorSchwester;244.02;192.38;181.40;10.97;6.05;13.11;;;;1;1
10091;NachSchwester;246.57;189.83;178.86;10.97;6.14;10.72;;;;1;1
10046;Ankunft;128.77;64.12;309.90;-245.78;-79.31;18.91;18.91;0.00;0.00;0;1
10046;NachRezeption;146.55;53.59;292.12;-238.52;-81.65;15.58;15.58;0.00;0.00;0;1
10046;VorArzt;148.98;51.21;289.69;-238.48;-82.32;15.58;15.58;0.00;0.00;0;1
10046;NachArzt;438.41;0.25;0.25;0.00;0.00;0.00;0.00;0.00;;1;1
10128;Ankunft;343.59;122.93;104.14;18.79;18.05;64.47;64.47;0.00;0.00;1;1
10128;NachRezeption;358.43;107.57;89.30;18.26;20.45;62.74;62.74;0.00;0.00;1;1
10128;VorSchwester;358.43;107.57;89.30;18.26;20.45;62.74;62.74;0.00;0.00;1;1
10128;NachSchwester;362.46;99.32;85.27;14.06;16.49;58.87;58.87;0.00;0.00;1;1
10128;VorArzt;377.09;77.33;70.64;6.69;9.47;58.87;58.87;0.00;0.00;1;1
10128;NachArzt;393.86;53.87;53.87;0.00;0.00;53.62;53.62;0.00;0.00;1;1
10129;Ankunft;352.60;82.25;95.68;-13.43;-14.04;15.95;15.95;0.00;0.00;1;1
10129;NachRezeption;370.93;36.21;77.35;-41.13;-53.18;14.97;14.97;-0.00;-0.00;0;1
10129;VorSchwester;370.93;36.21;77.35;-41.13;-53.18;14.97;14.97;-0.00;-0.00;0;1
10129;NachSchwester;376.74;29.28;71.54;-42.25;-59.07;9.32;9.32;0.00;0.00;0;1
10129;VorArzt;377.37;27.24;70.91;-43.68;-61.59;9.32;9.32;0.00;0.00;0;1
10129;NachArzt;399.09;49.19;49.19;0.00;0.00;0.55;0.55;0.00;0.00;1;1
10030;Ankunft;90.79;64.17;362.89;-298.72;-82.32;19.35;19.35;0.00;0.00;0;1
10030;NachRezeption;99.56;53.41;354.12;-300.71;-84.92;17.77;17.77;0.00;0.00;0;1
10030;VorArzt;100.72;52.74;352.96;-300.22;-85.06;17.77;17.77;0.00;0.00;0;1
10030;NachArzt;417.70;35.98;35.98;0.00;0.00;5.40;5.40;0.00;0.00;1;1
10126;Ankunft;328.70;117.10;125.59;-8.49;-6.76;13.98;13.98;0.00;0.00;1;1
10126;NachRezeption;341.64;102.95;112.66;-9.70;-8.61;11.89;11.89;0.00;0.00;1;1
10126;VorSchwester;341.64;102.95;112.66;-9.70;-8.61;11.89;11.89;0.00;0.00;1;1
10126;NachSchwester;346.56;96.93;107.74;-10.81;-10.03;7.14;7.14;-0.00;-0.00;1;1
10126;VorArzt;405.51;62.44;48.78;13.65;27.99;7.14;7.14;-0.00;-0.00;1;1
10126;NachArzt;421.26;33.03;33.03;0.00;0.00;0.62;0.62;0.00;0.00;1;1
10017;Ankunft;64.55;356.04;391.60;-35.56;-9.08;14.64;14.64;0.00;0.00;1;1
10017;NachRezeption;68.65;354.67;387.50;-32.83;-8.47;11.66;11.66;-0.00;-0.00;1;1
10017;VorSchwester;68.65;354.67;387.50;-32.83;-8.47;11.66;11.66;-0.00;-0.00;1;1
10017;NachSchwester;73.82;349.74;382.33;-32.60;-8.53;6.66;6.66;-0.00;-0.00;1;1
10017;VorArzt;410.93;47.97;45.22;2.75;6.09;6.66;6.66;-0.00;-0.00;1;1
10017;NachArzt;422.67;33.48;33.48;0.00;0.00;1.85;1.85;-0.00;-0.00;1;1
10041;Ankunft;115.93;74.53;340.59;-266.06;-78.12;11.71;11.71;0.00;0.00;0;1
10041;NachRezeption;132.73;55.86;323.79;-267.93;-82.75;10.12;10.12;0.00;0.00;0;1
10041;VorArzt;134.13;54.71;322.39;-267.68;-83.03;10.12;10.12;0.00;0.00;0;1
10041;NachArzt;431.17;25.35;25.35;0.00;0.00;0.37;0.37;-0.00;-0.00;1;1
10069;Ankunft;172.68;88.26;284.04;-195.78;-68.93;20.68;20.68;0.00;0.00;0;1
10069;NachRezeption;187.00;94.57;269.73;-175.16;-64.94;17.90;17.90;0.00;0.00;0;1
10069;VorArzt;187.66;94.07;269.06;-175.00;-65.04;17.90;17.90;0.00;0.00;0;1
10069;NachArzt;456.48;0.25;0.25;0.00;0.00;0.00;0.00;0.00;;1;1
10050;Ankunft;139.48;72.84;320.64;-247.80;-77.28;28.95;28.95;0.00;0.00;0;1
10050;NachRezeption;154.96;77.13;305.15;-228.02;-74.72;28.53;28.53;0.00;0.00;0;1
10050;VorArzt;156.03;76.07;304.09;-228.02;-74.99;28.53;28.53;0.00;0.00;0;1
10050;NachArzt;459.87;0.25;0.25;0.00;0.00;0.00;0.00;0.00;;1;1
10099;Ankunft;234.57;148.61;241.09;-92.48;-38.36;19.16;19.16;0.00;0.00;0;1
10099;NachRezeption;258.71;130.22;216.95;-86.73;-39.98;18.76;18.76;0.00;0.00;0;1
10099;VorArzt;259.05;129.87;216.60;-86.73;-40.04;18.76;18.76;0.00;0.00;0;1
10099;NachArzt;475.41;0.25;0.25;0.00;0.00;0.00;0.00;0.00;;1;1
10097;Ankunft;232.01;180.49;247.07;-66.58;-26.95;29.73;;;;1;1
10097;NachRezeption;257.72;161.05;221.35;-60.30;-27.24;29.30;;;;1;1
10097;VorSchwester;257.72;161.05;221.35;-60.30;-27.24;29.30;;;;1;1
10097;NachSchwester;267.27;170.24;211.81;-41.57;-19.63;19.92;;;;1;1
10097;VorArzt;270.69;181.19;208.39;-27.20;-13.05;19.92;;;;1;1
10114;Ankunft;277.67;170.24;202.50;-32.26;-15.93;14.68;;;;1;1
10114;NachRezeption;311.68;150.43;168.49;-18.06;-10.72;14.18;;;;1;1
10114;VorArzt;312.57;149.53;167.59;-18.06;-10.78;14.18;;;;1;1
10095;Ankunft;229.58;142.53;250.59;-108.05;-43.12;13.24;;;;0;1
10095;NachRezeption;255.47;119.86;224.70;-104.84;-46.66;12.07;;;;0;1
10095;VorArzt;332.40;103.18;147.77;-44.59;-30.18;12.07;;;;0;1
10108;Ankunft;255.24;185.11;235.92;-50.80;-21.53;28.70;;;;1;1
10108;NachRezeption;286.25;180.17;204.90;-24.74;-12.07;26.55;;;;1;1
10108;VorSchwester;286.25;180.17;204.90;-24.74;-12.07;26.55;;;;1;1
10108;NachSchwester;293.52;170.27;197.64;-27.37;-13.85;19.45;;;;1;1
10108;VorArzt;294.15;169.00;197.00;-28.00;-14.21;19.45;;;;1;1
10110;Ankunft;264.57;163.13;230.25;-67.12;-29.15;18.43;;;;1;1
10110;NachRezeption;298.38;142.77;196.44;-53.67;-27.32;15.58;;;;1;1
10110;VorArzt;299.48;141.67;195.35;-53.67;-27.48;15.58;;;;1;1
20002;Ankunft;0.00;18.19;18.19;0.00;0.00;6.78;6.78;0.00;0.00;1;1
20002;NachRezeption;9.58;8.61;8.61;0.00;0.00;5.37;5.37;0.00;0.00;1;1
20002;VorArzt;12.40;5.79;5.79;0.00;0.00;5.37;5.37;0.00;0.00;1;1
20002;NachArzt;17.94;0.25;0.25;0.00;0.00;0.00;0.00;0.00;;1;1
20001;Ankunft;0.00;19.87;19.24;0.63;3.27;17.38;17.38;0.00;0.00;1;1
20001;NachRezeption;8.16;11.08;11.08;0.00;0.00;9.30;9.30;0.00;0.00;1;1
20001;VorSchwester;8.16;11.08;11.08;0.00;0.00;9.30;9.30;0.00;0.00;1;1
20001;NachSchwester;11.58;7.66;7.66;0.00;0.00;6.06;6.06;0.00;0.00;1;1
20001;VorArzt;12.77;6.47;6.47;0.00;0.00;6.06;6.06;0.00;0.00;1;1
20001;NachArzt;18.99;0.25;0.25;0.00;0.00;0.00;0.00;0.00;;1;1
20003;Ankunft;0.16;37.07;31.43;5.65;17.97;14.13;14.13;0.00;0.00;1;1
20003;NachRezeption;13.00;18.59;18.59;0.00;0.00;10.71;10.71;0.00;0.00;1;1
20003;VorSchwester;13.00;18.59;18.59;0.00;0.00;10.71;10.71;0.00;0.00;1;1
20003;NachSchwester;16.47;15.11;15.11;0.00;0.00;7.40;7.40;0.00;0.00;1;1
20003;VorArzt;23.77;7.81;7.81;0.00;0.00;7.40;7.40;0.00;0.00;1;1
20003;NachArzt;31.33;0.25;0.25;0.00;0.00;0.00;0.00;0.00;;1;1
20008;Ankunft;21.71;11.67;11.67;0.00;0.00;6.91;6.91;0.00;0.00;1;1
20008;NachRezeption;24.59;8.79;8.79;0.00;0.00;5.79;5.79;0.00;0.00;1;1
20008;VorArzt;27.17;6.21;6.21;0.00;0.00;5.79;5.79;0.00;0.00;1;1
20008;NachArzt;33.13;0.25;0.25;0.00;0.00;0.00;0.00;0.00;;1;1
20004;Ankunft;4.60;44.86;36.80;8.06;21.91;16.68;16.68;0.00;0.00;1;1
20004;NachRezeption;17.47;29.38;23.93;5.45;22.76;12.21;12.21;-0.00;-0.00;1;1
20004;VorSchwester;17.47;29.38;23.93;5.45;22.76;12.21;12.21;-0.00;-0.00;1;1
20004;NachSchwester;24.51;18.15;16.89;1.26;7.45;5.33;5.33;-0.00;-0.00;1;1
20004;VorArzt;35.08;6.74;6.32;0.42;6.67;5.33;5.33;-0.00;-0.00;1;1
20004;NachArzt;40.08;1.32;1.32;0.00;0.00;0.50;0.50;-0.00;-0.00;1;1
20011;Ankunft;36.41;7.90;7.90;0.00;0.00;4.46;4.46;0.00;0.00;1;1
20011;NachRezeption;37.15;7.16;7.16;0.00;0.00;3.81;3.81;0.00;0.00;1;1
20011;VorArzt;37.90;6.41;6.41;0.00;0.00;3.81;3.81;0.00;0.00;1;1
20011;NachArzt;44.06;0.25;0.25;0.00;0.00;0.00;0.00;0.00;;1;1
20009;Ankunft;21.98;27.49;27.88;-0.39;-1.40;19.85;19.85;0.00;0.00;1;1
20009;NachRezeption;26.33;23.53;23.53;0.00;0.00;18.11;18.11;0.00;0.00;1;1
20009;VorArzt;28.33;21.53;21.53;0.00;0.00;18.11;18.11;0.00;0.00;1;1
20009;NachArzt;49.33;0.53;0.53;0.00;0.00;0.28;0.28;0.00;0.00;1;1
20014;Ankunft;46.81;11.93;11.29;0.65;5.74;10.33;10.33;0.00;0.00;1;1
20014;NachRezeption;47.41;10.69;10.69;0.00;0.00;9.82;9.82;-0.00;-0.00;1;1
20014;VorSchwester;47.41;10.69;10.69;0.00;0.00;9.82;9.82;-0.00;-0.00;1;1
20014;NachSchwester;51.37;8.96;6.73;2.23;33.20;6.02;6.02;-0.00;-0.00;1;1
20014;VorArzt;51.66;8.38;6.44;1.95;30.22;6.02;6.02;-0.00;-0.00;1;1
20014;NachArzt;56.35;1.75;1.75;0.00;0.00;1.50;1.50;0.00;0.00;1;1
20012;Ankunft;38.43;21.50;21.12;0.38;1.79;15.26;15.26;0.00;0.00;1;1
20012;NachRezeption;40.81;18.74;18.74;0.00;0.00;12.95;12.95;0.00;0.00;1;1
20012;VorSchwester;40.81;18.74;18.74;0.00;0.00;12.95;12.95;0.00;0.00;1;1
20012;NachSchwester;46.77;12.78;12.78;0.00;0.00;7.16;7.16;0.00;0.00;1;1
20012;VorArzt;51.97;7.58;7.58;0.00;0.00;7.16;7.16;0.00;0.00;1;1
20012;NachArzt;59.30;0.25;0.25;0.00;0.00;0.00;0.00;0.00;;1;1
20017;Ankunft;57.75;11.67;11.12;0.55;4.94;9.08;9.08;0.00;0.00;1;1
20017;NachRezeption;60.27;9.34;8.60;0.74;8.61;6.83;6.83;0.00;0.00;1;1
20017;VorSchwester;60.27;9.34;8.60;0.74;8.61;6.83;6.83;0.00;0.00;1;1
20017;NachSchwester;63.12;5.71;5.75;-0.03;-0.61;4.14;4.14;0.00;0.00;1;1
20017;VorArzt;64.28;5.91;4.59;1.32;28.83;4.14;4.14;0.00;0.00;1;1
20017;NachArzt;66.18;2.69;2.69;0.00;0.00;2.40;2.40;0.00;0.00;1;1
20018;Ankunft;59.25;12.45;12.45;0.00;0.00;8.01;8.01;0.00;0.00;1;1
20018;NachRezeption;61.04;10.65;10.65;0.00;0.00;7.24;7.24;0.00;0.00;1;1
20018;VorArzt;64.04;7.65;7.65;0.00;0.00;7.24;7.24;0.00;0.00;1;1
20018;NachArzt;71.45;0.25;0.25;0.00;0.00;0.00;0.00;0.00;;1;1
20020;Ankunft;63.86;10.61;10.77;-0.17;-1.55;5.76;5.76;0.00;0.00;1;1
20020;NachRezeption;65.64;9.91;8.99;0.91;10.16;4.06;4.06;0.00;0.00;1;1
20020;VorSchwester;65.64;9.91;8.99;0.91;10.16;4.06;4.06;0.00;0.00;1;1
20020;NachSchwester;67.10;9.22;7.53;1.69;22.41;2.77;2.77;0.00;0.00;1;1
20020;VorArzt;67.85;8.26;6.79;1.47;21.64;2.77;2.77;0.00;0.00;1;1
20020;NachArzt;73.01;1.62;1.62;0.00;0.00;1.37;1.37;0.00;0.00;1;1
20015;Ankunft;50.02;34.91;27.21;7.70;28.30;22.66;22.66;0.00;0.00;1;1
20015;NachRezeption;53.60;24.32;23.62;0.69;2.94;19.16;19.16;0.00;0.00;1;1
20015;VorSchwester;53.60;24.32;23.62;0.69;2.94;19.16;19.16;0.00;0.00;1;1
20015;NachSchwester;62.30;14.28;14.93;-0.64;-4.32;10.63;10.63;0.00;0.00;1;1
20015;VorArzt;65.54;12.54;11.69;0.85;7.24;10.63;10.63;0.00;0.00;1;1
20015;NachArzt;76.34;0.89;0.89;0.00;0.00;0.64;0.64;0.00;0.00;1;1
20022;Ankunft;67.47;15.88;14.81;1.07;7.19;9.39;9.39;0.00;0.00;1;1
20022;NachRezeption;69.32;12.80;12.97;-0.17;-1.29;8.86;8.86;0.00;0.00;1;1
20022;VorArzt;72.14;10.15;10.15;0.00;0.00;8.86;8.86;0.00;0.00;1;1
20022;NachArzt;82.03;0.25;0.25;0.00;0.00;0.00;0.00;0.00;;1;1
20027;Ankunft;81.78;9.61;9.58;0.03;0.34;6.27;6.27;0.00;0.00;1;1
20027;NachRezeption;83.60;7.61;7.77;-0.16;-2.00;5.74;5.74;0.00;0.00;1;1
20027;VorArzt;83.95;6.92;7.42;-0.50;-6.79;5.74;5.74;0.00;0.00;1;1
20027;NachArzt;86.70;4.66;4.66;0.00;0.00;3.15;3.15;0.00;0.00;1;1
20005;Ankunft;5.12;104.52;92.55;11.96;12.92;6.95;6.95;0.00;0.00;1;1
20005;NachRezeption;18.18;84.41;79.49;4.91;6.18;6.24;6.24;0.00;0.00;1;1
20005;VorArzt;90.62;9.76;7.05;2.72;38.56;6.24;6.24;0.00;0.00;1;1
20005;NachArzt;94.25;3.42;3.42;0.00;0.00;2.78;2.78;0.00;0.00;1;1
20026;Ankunft;80.92;17.78;17.82;-0.04;-0.21;11.48;11.48;0.00;0.00;1;1
20026;NachRezeption;83.07;15.22;15.67;-0.45;-2.89;10.84;10.84;0.00;0.00;1;1
20026;VorSchwester;83.07;15.22;15.67;-0.45;-2.89;10.84;10.84;0.00;0.00;1;1
20026;NachSchwester;86.87;14.20;11.87;2.33;19.64;7.21;7.21;0.00;0.00;1;1
20026;VorArzt;89.03;9.88;9.71;0.17;1.73;7.21;7.21;0.00;0.00;1;1
20026;NachArzt;95.34;3.40;3.40;0.00;0.00;1.07;1.07;0.00;0.00;1;1
20028;Ankunft;82.24;19.56;24.80;-5.24;-21.12;13.29;13.29;0.00;0.00;1;1
20028;NachRezeption;84.70;17.57;22.34;-4.77;-21.34;12.19;12.19;0.00;0.00;1;1
20028;VorSchwester;85.04;17.23;22.00;-4.77;-21.67;12.19;12.19;0.00;0.00;1;1
20028;NachSchwester;88.76;18.73;18.28;0.45;2.47;10.47;10.47;0.00;0.00;1;1
20028;VorArzt;91.39;16.09;15.65;0.44;2.80;10.47;10.47;0.00;0.00;1;1
20028;NachArzt;98.78;8.26;8.26;0.00;0.00;6.10;6.10;0.00;0.00;1;1
20024;Ankunft;79.25;17.87;29.45;-11.58;-39.33;14.61;14.61;0.00;0.00;0;1
20024;NachRezeption;80.60;16.01;28.10;-12.09;-43.04;13.34;13.34;0.00;0.00;0;1
20024;VorSchwester;80.60;16.01;28.10;-12.09;-43.04;13.34;13.34;0.00;0.00;0;1
20024;NachSchwester;88.79;17.89;19.91;-2.02;-10.13;5.32;5.32;0.00;0.00;1;1
20024;VorArzt;90.87;16.35;17.83;-1.48;-8.32;5.32;5.32;0.00;0.00;1;1
20024;NachArzt;99.17;9.53;9.53;0.00;0.00;1.66;1.66;0.00;0.00;1;1
20013;Ankunft;42.09;68.25;75.84;-7.59;-10.01;12.43;12.43;0.00;0.00;1;1
20013;NachRezeption;44.16;54.24;73.77;-19.53;-26.47;10.45;10.45;-0.00;-0.00;1;1
20013;VorSchwester;44.16;54.24;73.77;-19.53;-26.47;10.45;10.45;-0.00;-0.00;1;1
20013;NachSchwester;48.96;49.44;68.97;-19.53;-28.31;5.82;5.82;-0.00;-0.00;1;1
20013;VorArzt;92.17;10.97;25.76;-14.79;-57.41;5.82;5.82;-0.00;-0.00;0;1
20013;NachArzt;104.05;13.88;13.88;0.00;0.00;0.72;0.72;-0.00;-0.00;1;1
20030;Ankunft;89.71;19.98;28.63;-8.65;-30.23;7.38;7.38;0.00;0.00;0;1
20030;NachRezeption;92.88;13.16;25.46;-12.30;-48.30;5.78;5.78;0.00;0.00;0;1
20030;VorArzt;93.45;12.04;24.90;-12.86;-51.66;5.78;5.78;0.00;0.00;0;1
20030;NachArzt;104.70;13.64;13.64;0.00;0.00;0.41;0.41;-0.00;-0.00;1;1
20007;Ankunft;11.39;104.50;108.81;-4.31;-3.96;20.27;20.27;0.00;0.00;1;1
20007;NachRezeption;23.48;92.41;96.72;-4.31;-4.46;15.73;15.73;0.00;0.00;1;1
20007;VorArzt;99.74;20.46;20.46;0.00;0.00;15.73;15.73;0.00;0.00;1;1
20007;NachArzt;119.95;0.25;0.25;0.00;0.00;0.00;0.00;0.00;;1;1
20034;Ankunft;99.28;18.33;22.94;-4.61;-20.09;8.01;8.01;0.00;0.00;1;1
20034;NachRezeption;114.77;7.46;7.46;0.00;0.00;1.86;1.86;-0.00;-0.00;1;1
20034;VorArzt;115.34;6.88;6.88;0.00;0.00;1.86;1.86;-0.00;-0.00;1;1
20034;NachArzt;121.98;0.25;0.25;0.00;0.00;0.00;0.00;0.00;;1;1
20036;Ankunft;100.52;24.67;25.37;-0.70;-2.77;4.86;4.86;0.00;0.00;1;1
20036;NachRezeption;117.13;8.60;8.76;-0.17;-1.90;3.50;3.50;-0.00;-0.00;1;1
20036;VorArzt;121.27;4.62;4.62;0.00;0.00;3.50;3.50;-0.00;-0.00;1;1
20036;NachArzt;125.64;0.25;0.25;0.00;0.00;0.00;0.00;0.00;;1;1
20023;Ankunft;70.07;44.37;56.41;-12.04;-21.35;8.28;8.28;0.00;0.00;1;1
20023;NachRezeption;71.99;42.45;54.50;-12.04;-22.10;6.45;6.45;0.00;0.00;1;1
20023;VorArzt;107.58;20.51;18.91;1.60;8.47;6.45;6.45;0.00;0.00;1;1
20023;NachArzt;110.78;15.71;15.71;0.00;0.00;3.42;3.42;0.00;0.00;1;1
20035;Ankunft;99.35;35.01;38.83;-3.82;-9.84;12.61;12.61;0.00;0.00;1;1
20035;NachRezeption;115.77;14.78;22.42;-7.64;-34.08;11.61;11.61;0.00;0.00;0;1
20035;VorSchwester;115.77;14.78;22.42;-7.64;-34.08;11.61;11.61;0.00;0.00;0;1
20035;NachSchwester;119.54;14.19;18.64;-4.45;-23.88;8.00;8.00;0.00;0.00;1;1
20035;VorArzt;122.12;11.75;16.06;-4.31;-26.85;8.00;8.00;0.00;0.00;1;1
20035;NachArzt;137.93;0.25;0.25;0.00;0.00;0.00;0.00;0.00;;1;1
20031;Ankunft;89.85;42.18;52.86;-10.68;-20.21;19.96;19.96;0.00;0.00;1;1
20031;NachRezeption;93.73;33.66;48.98;-15.32;-31.29;19.11;19.11;0.00;0.00;0;1
20031;VorSchwester;93.73;33.66;48.98;-15.32;-31.29;19.11;19.11;0.00;0.00;0;1
20031;NachSchwester;99.27;37.46;43.44;-5.98;-13.77;13.74;13.74;-0.00;-0.00;1;1
20031;VorArzt;113.23;32.52;29.48;3.04;10.30;13.74;13.74;-0.00;-0.00;1;1
20031;NachArzt;125.45;17.26;17.26;0.00;0.00;1.69;1.69;-0.00;-0.00;1;1
20037;Ankunft;105.51;35.08;37.74;-2.66;-7.05;5.77;5.77;0.00;0.00;1;1
20037;NachRezeption;120.85;26.88;22.41;4.47;19.94;3.18;3.18;0.00;0.00;1;1
20037;VorSchwester;120.85;26.88;22.41;4.47;19.94;3.18;3.18;0.00;0.00;1;1
20037;NachSchwester;122.59;23.21;20.66;2.55;12.36;1.60;1.60;0.00;0.00;1;1
20037;VorArzt;123.91;20.58;19.34;1.23;6.38;1.60;1.60;0.00;0.00;1;1
20037;NachArzt;126.67;16.59;16.59;0.00;0.00;0.54;0.54;0.00;0.00;1;1
20040;Ankunft;111.50;29.66;35.19;-5.53;-15.71;10.19;10.19;0.00;0.00;1;1
20040;NachRezeption;130.62;22.59;16.06;6.53;40.68;5.97;5.97;0.00;0.00;0;1
20040;VorArzt;131.16;22.06;15.53;6.53;42.08;5.97;5.97;0.00;0.00;0;1
20040;NachArzt;146.43;0.25;0.25;0.00;0.00;0.00;0.00;0.00;;1;1
20033;Ankunft;98.03;39.50;51.83;-12.33;-23.79;9.99;9.99;0.00;0.00;1;1
20033;NachRezeption;100.86;47.19;49.00;-1.82;-3.71;7.79;7.79;0.00;0.00;1;1
20033;VorSchwester;100.86;47.19;49.00;-1.82;-3.71;7.79;7.79;0.00;0.00;1;1
20033;NachSchwester;103.88;41.14;45.98;-4.84;-10.53;4.94;4.94;0.00;0.00;1;1
20033;VorArzt;126.41;21.82;23.44;-1.62;-6.92;4.94;4.94;0.00;0.00;1;1
20033;NachArzt;129.76;20.10;20.10;0.00;0.00;2.01;2.01;0.00;0.00;1;1
20039;Ankunft;108.25;30.27;43.37;-13.10;-30.20;15.03;15.03;0.00;0.00;0;1
20039;NachRezeption;122.99;28.13;28.63;-0.50;-1.75;13.27;13.27;0.00;0.00;1;1
20039;VorArzt;124.84;26.28;26.78;-0.50;-1.87;13.27;13.27;0.00;0.00;1;1
20039;NachArzt;151.36;0.25;0.25;0.00;0.00;0.00;0.00;0.00;;1;1
20042;Ankunft;112.70;31.11;43.16;-12.04;-27.91;5.27;5.27;0.00;0.00;1;1
20042;NachRezeption;131.59;26.20;24.27;1.93;7.93;4.96;4.96;0.00;0.00;1;1
20042;VorArzt;131.88;25.91;23.98;1.93;8.03;4.96;4.96;0.00;0.00;1;1
20042;NachArzt;155.61;0.25;0.25;0.00;0.00;0.00;0.00;0.00;;1;1
20021;Ankunft;64.29;80.28;94.47;-14.20;-15.03;6.35;6.35;0.00;0.00;1;1
20021;NachRezeption;66.39;78.18;92.38;-14.20;-15.37;5.60;5.60;0.00;0.00;1;1
20021;VorArzt;138.55;7.77;20.21;-12.45;-61.57;5.60;5.60;0.00;0.00;0;1
20021;NachArzt;158.51;0.25;0.25;0.00;0.00;0.00;0.00;0.00;;1;1
20038;Ankunft;107.05;49.76;51.99;-2.23;-4.29;18.66;18.66;0.00;0.00;1;1
20038;NachRezeption;121.22;42.67;37.82;4.85;12.81;18.29;18.29;0.00;0.00;1;1
20038;VorArzt;121.48;42.15;37.56;4.59;12.21;18.29;18.29;0.00;0.00;1;1
20038;NachArzt;140.30;18.75;18.75;0.00;0.00;3.80;3.80;-0.00;-0.00;1;1
20049;Ankunft;132.56;30.70;29.85;0.85;2.86;9.01;9.01;0.00;0.00;1;1
20049;NachRezeption;154.23;8.35;8.18;0.17;2.04;6.50;6.50;-0.00;-0.00;1;1
20049;VorSchwester;154.23;8.35;8.18;0.17;2.04;6.50;6.50;-0.00;-0.00;1;1
20049;NachSchwester;157.41;5.00;5.00;0.00;0.00;3.48;3.48;-0.00;-0.00;1;1
20049;VorArzt;157.84;4.57;4.57;0.00;0.00;3.48;3.48;-0.00;-0.00;1;1
20049;NachArzt;162.16;0.25;0.25;0.00;0.00;0.00;0.00;0.00;;1;1
20045;Ankunft;120.74;41.07;43.06;-1.99;-4.63;8.82;8.82;0.00;0.00;1;1
20045;NachRezeption;140.94;29.06;22.87;6.19;27.07;4.18;4.18;0.00;0.00;1;1
20045;VorArzt;141.65;28.07;22.16;5.92;26.72;4.18;4.18;0.00;0.00;1;1
20045;NachArzt;149.39;14.42;14.42;0.00;0.00;1.40;1.40;0.00;0.00;1;1
20050;Ankunft;136.73;30.79;28.53;2.27;7.94;6.66;6.66;0.00;0.00;1;1
20050;NachRezeption;155.17;10.10;10.10;0.00;0.00;5.72;5.72;0.00;0.00;1;1
20050;VorSchwester;155.17;10.10;10.10;0.00;0.00;5.72;5.72;0.00;0.00;1;1
20050;NachSchwester;158.19;7.08;7.08;0.00;0.00;2.87;2.87;-0.00;-0.00;1;1
20050;VorArzt;159.51;5.75;5.75;0.00;0.00;2.87;2.87;-0.00;-0.00;1;1
20050;NachArzt;165.01;0.25;0.25;0.00;0.00;0.00;0.00;0.00;;1;1
20006;Ankunft;6.92;157.68;160.68;-3.01;-1.87;4.13;4.13;0.00;0.00;1;1
20006;NachRezeption;18.94;129.89;148.66;-18.77;-12.63;3.36;3.36;0.00;0.00;1;1
20006;VorSchwester;18.94;129.89;148.66;-18.77;-12.63;3.36;3.36;0.00;0.00;1;1
20006;NachSchwester;20.42;126.93;147.18;-20.25;-13.76;2.05;2.05;0.00;0.00;1;1
20006;VorArzt;141.82;24.66;25.78;-1.12;-4.34;2.05;2.05;0.00;0.00;1;1
20006;NachArzt;150.49;17.11;17.11;0.00;0.00;1.12;1.12;0.00;0.00;1;1
20053;Ankunft;145.34;23.56;23.61;-0.05;-0.21;4.75;4.75;0.00;0.00;1;1
20053;NachRezeption;161.47;7.31;7.48;-0.17;-2.23;3.52;3.52;0.00;0.00;1;1
20053;VorArzt;161.65;7.14;7.30;-0.17;-2.28;3.52;3.52;0.00;0.00;1;1
20053;NachArzt;168.70;0.25;0.25;0.00;0.00;0.00;0.00;0.00;;1;1
20016;Ankunft;52.22;103.38;120.89;-17.52;-14.49;4.23;4.23;0.00;0.00;1;1
20016;NachRezeption;54.94;99.26;118.17;-18.90;-16.00;2.89;2.89;0.00;0.00;1;1
20016;VorArzt;150.90;22.98;22.22;0.77;3.46;2.89;2.89;0.00;0.00;1;1
20016;NachArzt;152.75;20.37;20.37;0.00;0.00;1.68;1.68;0.00;0.00;1;1
20047;Ankunft;127.70;41.82;50.12;-8.30;-16.55;9.61;9.61;0.00;0.00;1;1
20047;NachRezeption;147.76;20.09;30.06;-9.97;-33.17;5.95;5.95;0.00;0.00;0;1
20047;VorArzt;147.96;19.89;29.86;-9.97;-33.39;5.95;5.95;0.00;0.00;0;1
20047;NachArzt;177.57;0.25;0.25;0.00;0.00;0.00;0.00;0.00;;1;1
20048;Ankunft;130.57;39.70;51.31;-11.61;-22.63;9.93;9.93;0.00;0.00;1;1
20048;NachRezeption;151.71;24.94;30.17;-5.23;-17.32;7.99;7.99;0.00;0.00;1;1
20048;VorSchwester;151.71;24.94;30.17;-5.23;-17.32;7.99;7.99;0.00;0.00;1;1
20048;NachSchwester;155.98;20.68;25.91;-5.23;-20.17;3.90;3.90;0.00;0.00;1;1
20048;VorArzt;160.84;25.39;21.04;4.35;20.66;3.90;3.90;0.00;0.00;1;1
20048;NachArzt;181.63;0.25;0.25;0.00;0.00;0.00;0.00;0.00;;1;1
20046;Ankunft;127.63;50.97;54.87;-3.91;-7.12;16.81;16.81;0.00;0.00;1;1
20046;NachRezeption;144.10;30.37;38.40;-8.02;-20.89;15.88;15.88;0.00;0.00;1;1
20046;VorArzt;146.69;27.78;35.80;-8.02;-22.41;15.88;15.88;0.00;0.00;1;1
20046;NachArzt;182.25;0.25;0.25;0.00;0.00;0.00;0.00;0.00;;1;1
20043;Ankunft;118.70;43.32;64.69;-21.37;-33.03;15.70;15.70;0.00;0.00;0;1
20043;NachRezeption;135.80;43.36;47.60;-4.24;-8.90;11.50;11.50;0.00;0.00;1;1
20043;VorSchwester;135.80;43.36;47.60;-4.24;-8.90;11.50;11.50;0.00;0.00;1;1
20043;NachSchwester;140.12;35.25;43.27;-8.02;-18.53;7.33;7.33;-0.00;-0.00;1;1
20043;VorArzt;140.83;37.64;42.57;-4.92;-11.57;7.33;7.33;-0.00;-0.00;1;1
20043;NachArzt;161.98;21.41;21.41;0.00;0.00;1.14;1.14;-0.00;-0.00;1;1
20051;Ankunft;141.24;49.15;44.04;5.11;11.59;4.88;4.88;0.00;0.00;1;1
20051;NachRezeption;159.41;26.29;25.87;0.41;1.60;4.44;4.44;0.00;0.00;1;1
20051;VorArzt;159.72;25.48;25.56;-0.08;-0.32;4.44;4.44;0.00;0.00;1;1
20051;NachArzt;166.20;19.08;19.08;0.00;0.00;0.57;0.57;-0.00;-0.00;1;1
20055;Ankunft;149.50;39.05;41.69;-2.64;-6.33;8.88;8.88;0.00;0.00;1;1
20055;NachRezeption;166.40;26.05;24.78;1.26;5.10;6.20;6.20;-0.00;-0.00;1;1
20055;VorSchwester;166.40;26.05;24.78;1.26;5.10;6.20;6.20;-0.00;-0.00;1;1
20055;NachSchwester;168.40;23.33;22.79;0.54;2.37;4.37;4.37;-0.00;-0.00;1;1
20055;VorArzt;168.62;22.88;22.57;0.32;1.40;4.37;4.37;-0.00;-0.00;1;1
20055;NachArzt;171.45;19.74;19.74;0.00;0.00;1.79;1.79;-0.00;-0.00;1;1
20056;Ankunft;150.74;47.90;45.86;2.04;4.45;11.95;11.95;0.00;0.00;1;1
20056;NachRezeption;170.10;34.67;26.50;8.16;30.80;9.36;9.36;0.00;0.00;0;1
20056;VorArzt;171.19;33.59;25.42;8.16;32.11;9.36;9.36;0.00;0.00;0;1
20056;NachArzt;196.36;0.25;0.25;0.00;0.00;0.00;0.00;0.00;;1;1
20066;Ankunft;163.89;27.88;33.83;-5.96;-17.60;4.80;4.80;0.00;0.00;1;1
20066;NachRezeption;184.63;15.00;13.09;1.91;14.58;3.48;3.48;-0.00;-0.00;1;1
20066;VorArzt;187.18;12.61;10.54;2.08;19.70;3.48;3.48;-0.00;-0.00;1;1
20066;NachArzt;197.47;0.25;0.25;0.00;0.00;0.00;0.00;0.00;;1;1
20052;Ankunft;144.25;47.38;54.60;-7.22;-13.23;4.11;4.11;0.00;0.00;1;1
20052;NachRezeption;160.24;38.47;38.61;-0.15;-0.38;3.27;3.27;0.00;0.00;1;1
20052;VorSchwester;160.24;38.47;38.61;-0.15;-0.38;3.27;3.27;0.00;0.00;1;1
20052;NachSchwester;161.60;39.27;37.25;2.02;5.42;2.08;2.08;0.00;0.00;1;1
20052;VorArzt;188.42;7.90;10.43;-2.53;-24.25;2.08;2.08;0.00;0.00;1;1
20052;NachArzt;198.60;0.25;0.25;0.00;0.00;0.00;0.00;0.00;;1;1
20063;Ankunft;159.73;47.75;45.71;2.05;4.48;6.17;6.17;0.00;0.00;1;1
20063;NachRezeption;178.66;25.97;26.77;-0.80;-2.99;5.59;5.59;0.00;0.00;1;1
20063;VorArzt;179.34;24.62;26.10;-1.48;-5.67;5.59;5.59;0.00;0.00;1;1
20063;NachArzt;186.16;19.28;19.28;0.00;0.00;1.23;1.23;-0.00;-0.00;1;1
20010;Ankunft;33.02;164.59;173.04;-8.45;-4.88;12.10;12.10;0.00;0.00;1;1
20010;NachRezeption;36.07;133.19;169.99;-36.80;-21.65;9.13;9.13;-0.00;-0.00;1;1
20010;VorSchwester;36.07;133.19;169.99;-36.80;-21.65;9.13;9.13;-0.00;-0.00;1;1
20010;NachSchwester;40.33;129.91;165.73;-35.81;-21.61;5.04;5.04;0.00;0.00;1;1
20010;VorArzt;163.81;27.35;42.25;-14.90;-35.27;5.04;5.04;0.00;0.00;0;1
20010;NachArzt;186.83;19.23;19.23;0.00;0.00;0.63;0.63;0.00;0.00;1;1
20058;Ankunft;151.86;42.33;54.70;-12.37;-22.61;3.31;3.31;0.00;0.00;1;1
20058;NachRezeption;171.35;31.43;35.20;-3.78;-10.72;2.75;2.75;0.00;0.00;1;1
20058;VorArzt;173.24;25.16;33.32;-8.16;-24.49;2.75;2.75;0.00;0.00;1;1
20058;NachArzt;206.30;0.25;0.25;0.00;0.00;0.00;0.00;0.00;;1;1
20054;Ankunft;145.47;59.24;66.78;-7.54;-11.29;11.93;11.93;0.00;0.00;1;1
20054;NachRezeption;162.32;56.87;49.93;6.94;13.91;11.08;11.08;0.00;0.00;1;1
20054;VorArzt;164.19;52.39;48.07;4.32;9.00;11.08;11.08;0.00;0.00;1;1
20054;NachArzt;193.83;18.42;18.42;0.00;0.00;3.57;3.57;0.00;0.00;1;1
20057;Ankunft;151.43;63.55;67.76;-4.21;-6.21;5.81;5.81;0.00;0.00;1;1
20057;NachRezeption;170.79;48.34;48.40;-0.06;-0.13;5.13;5.13;0.00;0.00;1;1
20057;VorArzt;171.80;48.03;47.39;0.64;1.36;5.13;5.13;0.00;0.00;1;1
20057;NachArzt;203.39;15.80;15.80;0.00;0.00;0.50;0.50;0.00;0.00;1;1
20065;Ankunft;161.90;50.42;61.20;-10.79;-17.63;10.24;10.24;0.00;0.00;1;1
20065;NachRezeption;182.17;39.63;40.93;-1.30;-3.17;9.54;9.54;-0.00;-0.00;1;1
20065;VorSchwester;182.17;39.63;40.93;-1.30;-3.17;9.54;9.54;-0.00;-0.00;1;1
20065;NachSchwester;186.02;37.94;37.08;0.86;2.32;5.86;5.86;-0.00;-0.00;1;1
20065;VorArzt;187.10;37.03;36.00;1.03;2.86;5.86;5.86;-0.00;-0.00;1;1
20065;NachArzt;222.86;0.25;0.25;0.00;0.00;0.00;0.00;0.00;;1;1
20069;Ankunft;170.13;60.57;53.23;7.33;13.77;17.24;17.24;0.00;0.00;1;1
20069;NachRezeption;189.31;38.28;34.05;4.23;12.43;16.18;16.18;0.00;0.00;1;1
20069;VorSchwester;189.31;38.28;34.05;4.23;12.43;16.18;16.18;0.00;0.00;1;1
20069;NachSchwester;193.80;30.57;29.56;1.01;3.43;11.86;11.86;0.00;0.00;1;1
20069;VorArzt;194.75;34.22;28.61;5.61;19.63;11.86;11.86;0.00;0.00;1;1
20069;NachArzt;206.51;16.85;16.85;0.00;0.00;2.99;2.99;0.00;0.00;1;1
20075;Ankunft;179.95;52.45;47.18;5.27;11.17;4.26;4.26;0.00;0.00;1;1
20075;NachRezeption;203.51;21.25;23.62;-2.37;-10.03;2.49;2.49;0.00;0.00;1;1
20075;VorArzt;204.65;19.01;22.48;-3.47;-15.43;2.49;2.49;0.00;0.00;1;1
20075;NachArzt;208.00;19.13;19.13;0.00;0.00;0.96;0.96;-0.00;-0.00;1;1
20068;Ankunft;169.28;46.98;61.32;-14.34;-23.38;5.21;5.21;0.00;0.00;1;1
20068;NachRezeption;188.25;40.66;42.35;-1.69;-4.00;3.59;3.59;0.00;0.00;1;1
20068;VorArzt;189.97;37.99;40.63;-2.64;-6.50;3.59;3.59;0.00;0.00;1;1
20068;NachArzt;230.35;0.25;0.25;0.00;0.00;0.00;0.00;0.00;;1;1
20086;Ankunft;209.36;29.53;28.89;0.64;2.20;8.40;8.40;0.00;0.00;1;1
20086;NachRezeption;231.40;6.85;6.85;0.00;0.00;4.04;4.04;0.00;0.00;1;1
20086;VorArzt;232.43;5.82;5.82;0.00;0.00;4.04;4.04;0.00;0.00;1;1
20086;NachArzt;238.01;0.25;0.25;0.00;0.00;0.00;0.00;0.00;;1;1
20073;Ankunft;177.50;49.25;67.68;-18.43;-27.24;8.73;8.73;0.00;0.00;1;1
20073;NachRezeption;195.65;48.28;49.53;-1.25;-2.52;8.31;8.31;0.00;0.00;1;1
20073;VorSchwester;195.86;48.06;49.31;-1.25;-2.53;8.31;8.31;0.00;0.00;1;1
20073;NachSchwester;201.69;45.48;43.49;1.99;4.58;4.93;4.93;0.00;0.00;1;1
20073;VorArzt;202.74;36.42;42.44;-6.02;-14.18;4.93;4.93;0.00;0.00;1;1
20073;NachArzt;244.93;0.25;0.25;0.00;0.00;0.00;0.00;0.00;;1;1
20060;Ankunft;155.25;60.70;91.28;-30.59;-33.51;8.57;8.57;0.00;0.00;0;1
20060;NachRezeption;176.52;44.63;70.02;-25.39;-36.27;6.02;6.02;-0.00;-0.00;0;1
20060;VorArzt;177.04;46.39;69.50;-23.10;-33.24;6.02;6.02;-0.00;-0.00;0;1
20060;NachArzt;213.11;33.43;33.43;0.00;0.00;1.08;1.08;-0.00;-0.00;1;1
20074;Ankunft;179.47;55.03;68.31;-13.27;-19.43;13.28;13.28;0.00;0.00;1;1
20074;NachRezeption;201.74;51.74;46.04;5.70;12.38;7.19;7.19;0.00;0.00;1;1
20074;VorArzt;203.56;39.19;44.23;-5.03;-11.38;7.19;7.19;0.00;0.00;1;1
20074;NachArzt;247.53;0.25;0.25;0.00;0.00;0.00;0.00;0.00;;1;1
20077;Ankunft;188.44;47.85;60.40;-12.55;-20.78;4.05;4.05;0.00;0.00;1;1
20077;NachRezeption;206.45;24.31;42.39;-18.08;-42.66;3.58;3.58;0.00;0.00;0;1
20077;VorArzt;208.52;27.12;40.33;-13.21;-32.75;3.58;3.58;0.00;0.00;0;1
20077;NachArzt;214.55;34.29;34.29;0.00;0.00;2.30;2.30;0.00;0.00;1;1
20019;Ankunft;61.58;146.58;188.20;-41.62;-22.11;16.51;16.51;0.00;0.00;1;1
20019;NachRezeption;62.23;122.58;187.55;-64.98;-34.64;15.95;15.95;0.00;0.00;0;1
20019;VorSchwester;62.23;122.58;187.55;-64.98;-34.64;15.95;15.95;0.00;0.00;0;1
20019;NachSchwester;67.25;119.09;182.53;-63.44;-34.75;11.09;11.09;0.00;0.00;0;1
20019;VorArzt;173.29;34.91;76.48;-41.58;-54.36;11.09;11.09;0.00;0.00;0;1
20019;NachArzt;216.83;32.95;32.95;0.00;0.00;0.94;0.94;0.00;0.00;1;1
20064;Ankunft;161.21;67.07;89.59;-22.52;-25.14;10.48;10.48;0.00;0.00;1;1
20064;NachRezeption;181.48;59.44;69.32;-9.88;-14.25;7.66;7.66;0.00;0.00;1;1
20064;VorArzt;183.17;56.83;67.62;-10.80;-15.96;7.66;7.66;0.00;0.00;1;1
20064;NachArzt;221.37;29.42;29.42;0.00;0.00;1.02;1.02;0.00;0.00;1;1
20084;Ankunft;205.17;34.29;47.64;-13.35;-28.02;2.52;2.52;0.00;0.00;1;1
20084;NachRezeption;220.29;34.42;32.52;1.90;5.84;2.03;2.03;0.00;0.00;1;1
20084;VorArzt;221.47;33.08;31.34;1.74;5.54;2.03;2.03;0.00;0.00;1;1
20084;NachArzt;223.96;28.85;28.85;0.00;0.00;1.10;1.10;0.00;0.00;1;1
20082;Ankunft;199.07;44.63;53.92;-9.28;-17.22;3.61;3.61;0.00;0.00;1;1
20082;NachRezeption;218.60;36.98;34.38;2.60;7.56;2.71;2.71;0.00;0.00;1;1
20082;VorArzt;219.76;34.68;33.23;1.45;4.36;2.71;2.71;0.00;0.00;1;1
20082;NachArzt;224.07;28.92;28.92;0.00;0.00;0.18;0.18;-0.00;-0.00;1;1
20044;Ankunft;120.09;96.82;135.79;-38.97;-28.70;8.63;8.63;0.00;0.00;1;1
20044;NachRezeption;136.30;75.76;119.58;-43.82;-36.64;8.13;8.13;-0.00;-0.00;0;1
20044;VorSchwester;136.30;75.76;119.58;-43.82;-36.64;8.13;8.13;-0.00;-0.00;0;1
20044;NachSchwester;139.34;70.62;116.54;-45.92;-39.40;5.25;5.25;-0.00;-0.00;0;1
20044;VorArzt;188.47;32.48;67.41;-34.93;-51.82;5.25;5.25;-0.00;-0.00;0;1
20044;NachArzt;226.59;29.29;29.29;0.00;0.00;2.89;2.89;-0.00;-0.00;1;1
20092;Ankunft;222.33;35.16;38.71;-3.55;-9.17;3.13;3.13;0.00;0.00;1;1
20092;NachRezeption;251.49;9.55;9.55;0.00;0.00;2.35;2.35;0.00;0.00;1;1
20092;VorArzt;252.80;8.24;8.24;0.00;0.00;2.35;2.35;0.00;0.00;1;1
20092;NachArzt;260.79;0.25;0.25;0.00;0.00;0.00;0.00;0.00;;1;1
20067;Ankunft;166.69;77.36;97.53;-20.16;-20.68;14.51;14.51;0.00;0.00;1;1
20067;NachRezeption;186.63;64.50;77.59;-13.08;-16.86;13.07;13.07;0.00;0.00;1;1
20067;VorArzt;188.01;61.29;76.21;-14.91;-19.57;13.07;13.07;0.00;0.00;1;1
20067;NachArzt;230.09;34.13;34.13;0.00;0.00;7.10;7.10;0.00;0.00;1;1
20072;Ankunft;176.86;67.14;90.08;-22.94;-25.46;12.11;12.11;0.00;0.00;1;1
20072;NachRezeption;195.23;65.33;71.71;-6.38;-8.89;11.15;11.15;0.00;0.00;1;1
20072;VorSchwester;195.23;65.33;71.71;-6.38;-8.89;11.15;11.15;0.00;0.00;1;1
20072;NachSchwester;201.46;59.75;65.48;-5.74;-8.76;5.09;5.09;0.00;0.00;1;1
20072;VorArzt;202.19;53.56;64.75;-11.20;-17.29;5.09;5.09;0.00;0.00;1;1
20072;NachArzt;233.80;33.14;33.14;0.00;0.00;1.82;1.82;0.00;0.00;1;1
20070;Ankunft;172.00;71.60;102.89;-31.29;-30.41;16.44;16.44;0.00;0.00;0;1
20070;NachRezeption;192.42;49.35;82.47;-33.13;-40.17;15.13;15.13;0.00;0.00;0;1
20070;VorSchwester;192.42;49.35;82.47;-33.13;-40.17;15.13;15.13;0.00;0.00;0;1
20070;NachSchwester;198.14;48.14;76.74;-28.60;-37.27;9.57;9.57;0.00;0.00;0;1
20070;VorArzt;227.12;12.95;47.77;-34.82;-72.89;9.57;9.57;0.00;0.00;0;1
20070;NachArzt;274.64;0.25;0.25;0.00;0.00;0.00;0.00;0.00;;1;1
20059;Ankunft;154.68;85.36;120.59;-35.23;-29.21;17.46;17.46;0.00;0.00;1;1
20059;NachRezeption;173.96;65.39;101.30;-35.91;-35.45;16.53;16.53;-0.00;-0.00;0;1
20059;VorSchwester;173.96;65.39;101.30;-35.91;-35.45;16.53;16.53;-0.00;-0.00;0;1
20059;NachSchwester;178.49;55.03;96.78;-41.75;-43.14;12.17;12.17;0.00;0.00;0;1
20059;VorArzt;202.02;38.60;73.24;-34.64;-47.30;12.17;12.17;0.00;0.00;0;1
20059;NachArzt;239.83;35.43;35.43;0.00;0.00;2.60;2.60;-0.00;-0.00;1;1
20088;Ankunft;210.06;55.71;67.07;-11.36;-16.94;4.43;4.43;0.00;0.00;1;1
20088;NachRezeption;235.64;36.92;41.49;-4.57;-11.02;2.92;2.92;-0.00;-0.00;1;1
20088;VorArzt;236.56;35.08;40.58;-5.49;-13.53;2.92;2.92;-0.00;-0.00;1;1
20088;NachArzt;240.17;36.96;36.96;0.00;0.00;0.92;0.92;-0.00;-0.00;1;1
20041;Ankunft;112.28;152.13;174.52;-22.39;-12.83;8.38;8.38;0.00;0.00;1;1
20041;NachRezeption;131.28;128.29;155.52;-27.23;-17.51;7.73;7.73;0.00;0.00;1;1
20041;VorSchwester;131.28;128.29;155.52;-27.23;-17.51;7.73;7.73;0.00;0.00;1;1
20041;NachSchwester;134.41;125.16;152.39;-27.23;-17.87;4.76;4.76;0.00;0.00;1;1
20041;VorArzt;254.39;11.41;32.40;-21.00;-64.80;4.76;4.76;0.00;0.00;0;1
20041;NachArzt;286.55;0.25;0.25;0.00;0.00;0.00;0.00;0.00;;1;1
20089;Ankunft;210.97;60.77;78.18;-17.41;-22.26;9.77;9.77;0.00;0.00;1;1
20089;NachRezeption;240.16;46.40;48.99;-2.59;-5.28;5.24;5.24;-0.00;-0.00;1;1
20089;VorArzt;241.38;45.77;47.77;-2.00;-4.19;5.24;5.24;-0.00;-0.00;1;1
20089;NachArzt;248.80;40.35;40.35;0.00;0.00;1.54;1.54;-0.00;-0.00;1;1
20061;Ankunft;155.78;99.51;135.66;-36.15;-26.65;15.54;15.54;0.00;0.00;1;1
20061;NachRezeption;177.65;72.27;113.79;-41.52;-36.49;14.41;14.41;0.00;0.00;0;1
20061;VorSchwester;177.65;72.27;113.79;-41.52;-36.49;14.41;14.41;0.00;0.00;0;1
20061;NachSchwester;181.58;82.73;109.86;-27.13;-24.70;10.64;10.64;0.00;0.00;1;1
20061;VorArzt;220.85;42.84;70.59;-27.74;-39.30;10.64;10.64;0.00;0.00;0;1
20061;NachArzt;258.27;33.17;33.17;0.00;0.00;1.34;1.34;-0.00;-0.00;1;1
20071;Ankunft;176.65;75.00;117.59;-42.59;-36.22;27.18;27.18;0.00;0.00;0;1
20071;NachRezeption;194.27;76.39;99.97;-23.58;-23.59;25.32;25.32;0.00;0.00;1;1
20071;VorSchwester;194.27;76.39;99.97;-23.58;-23.59;25.32;25.32;0.00;0.00;1;1
20071;NachSchwester;203.71;77.75;90.53;-12.78;-14.11;16.05;16.05;0.00;0.00;1;1
20071;VorArzt;205.97;74.43;88.28;-13.85;-15.69;16.05;16.05;0.00;0.00;1;1
20071;NachArzt;260.94;33.30;33.30;0.00;0.00;2.81;2.81;0.00;0.00;1;1
20029;Ankunft;86.29;145.13;214.89;-69.76;-32.46;10.82;10.82;0.00;0.00;0;1
20029;NachRezeption;88.13;146.44;213.05;-66.61;-31.26;9.07;9.07;0.00;0.00;0;1
20029;VorSchwester;90.96;143.24;210.23;-66.99;-31.86;9.07;9.07;0.00;0.00;0;1
20029;NachSchwester;95.59;138.90;205.59;-66.70;-32.44;4.60;4.60;0.00;0.00;0;1
20029;VorArzt;226.40;31.71;74.78;-43.07;-57.60;4.60;4.60;0.00;0.00;0;1
20029;NachArzt;264.90;36.28;36.28;0.00;0.00;0.80;0.80;-0.00;-0.00;1;1
20081;Ankunft;195.69;86.03;107.08;-21.05;-19.66;15.05;15.05;0.00;0.00;1;1
20081;NachRezeption;217.71;75.22;85.07;-9.85;-11.58;11.33;11.33;0.00;0.00;1;1
20081;VorSchwester;217.71;75.22;85.07;-9.85;-11.58;11.33;11.33;0.00;0.00;1;1
20081;NachSchwester;221.92;75.67;80.86;-5.19;-6.42;7.28;7.28;0.00;0.00;1;1
20081;VorArzt;222.30;74.90;80.47;-5.58;-6.93;7.28;7.28;0.00;0.00;1;1
20081;NachArzt;267.21;35.56;35.56;0.00;0.00;1.02;1.02;0.00;0.00;1;1
20093;Ankunft;223.57;76.52;80.54;-4.02;-4.99;14.10;14.10;0.00;0.00;1;1
20093;NachRezeption;251.63;42.70;52.48;-9.78;-18.64;13.96;13.96;0.00;0.00;1;1
20093;VorSchwester;251.63;42.70;52.48;-9.78;-18.64;13.96;13.96;0.00;0.00;1;1
20093;NachSchwester;258.27;41.37;45.84;-4.47;-9.74;7.49;7.49;0.00;0.00;1;1
20093;VorArzt;274.75;28.64;29.36;-0.72;-2.44;7.49;7.49;0.00;0.00;1;1
20093;NachArzt;303.86;0.25;0.25;0.00;0.00;0.00;0.00;0.00;;1;1
20078;Ankunft;188.96;116.37;120.97;-4.60;-3.80;7.28;7.28;0.00;0.00;1;1
20078;NachRezeption;207.16;97.44;102.77;-5.33;-5.18;6.57;6.57;0.00;0.00;1;1
20078;VorSchwester;207.16;97.44;102.77;-5.33;-5.18;6.57;6.57;0.00;0.00;1;1
20078;NachSchwester;209.18;95.43;100.75;-5.33;-5.29;4.72;4.72;0.00;0.00;1;1
20078;VorArzt;299.46;9.53;10.47;-0.93;-8.92;4.72;4.72;0.00;0.00;1;1
20078;NachArzt;309.68;0.25;0.25;0.00;0.00;0.00;0.00;0.00;;1;1
20095;Ankunft;231.78;76.28;80.32;-4.04;-5.03;6.06;6.06;0.00;0.00;1;1
20095;NachRezeption;265.04;43.81;47.05;-3.25;-6.90;5.16;5.16;0.00;0.00;1;1
20095;VorArzt;266.50;41.46;45.59;-4.13;-9.07;5.16;5.16;0.00;0.00;1;1
20095;NachArzt;271.80;40.30;40.30;0.00;0.00;0.74;0.74;0.00;0.00;1;1
20085;Ankunft;207.42;85.11;110.08;-24.97;-22.68;10.48;10.48;0.00;0.00;1;1
20085;NachRezeption;226.09;73.33;91.41;-18.08;-19.78;7.67;7.67;0.00;0.00;1;1
20085;VorArzt;228.62;67.05;88.88;-21.83;-24.56;7.67;7.67;0.00;0.00;1;1
20085;NachArzt;278.02;39.48;39.48;0.00;0.00;1.62;1.62;0.00;0.00;1;1
20102;Ankunft;242.35;77.54;78.45;-0.92;-1.17;11.33;11.33;0.00;0.00;1;1
20102;NachRezeption;279.17;24.94;41.63;-16.70;-40.10;10.74;10.74;0.00;0.00;0;1
20102;VorSchwester;279.38;24.73;41.43;-16.70;-40.30;10.74;10.74;0.00;0.00;0;1
20102;NachSchwester;283.43;27.55;37.38;-9.82;-26.28;7.26;7.26;0.00;0.00;1;1
20102;VorArzt;284.18;26.81;36.63;-9.82;-26.82;7.26;7.26;0.00;0.00;1;1
20102;NachArzt;320.55;0.25;0.25;0.00;0.00;0.00;0.00;0.00;;1;1
20096;Ankunft;237.69;82.35;83.74;-1.38;-1.65;9.23;9.23;0.00;0.00;1;1
20096;NachRezeption;268.77;48.45;52.65;-4.20;-7.98;7.32;7.32;0.00;0.00;1;1
20096;VorSchwester;268.77;48.45;52.65;-4.20;-7.98;7.32;7.32;0.00;0.00;1;1
20096;NachSchwester;271.38;51.64;50.04;1.60;3.19;4.87;4.87;-0.00;-0.00;1;1
20096;VorArzt;275.75;46.73;45.68;1.05;2.30;4.87;4.87;-0.00;-0.00;1;1
20096;NachArzt;279.13;42.30;42.30;0.00;0.00;3.93;3.93;-0.00;-0.00;1;1
20087;Ankunft;209.87;93.86;113.94;-20.08;-17.63;10.23;10.23;0.00;0.00;1;1
20087;NachRezeption;234.13;77.32;89.68;-12.36;-13.79;7.51;7.51;0.00;0.00;1;1
20087;VorArzt;235.07;75.44;88.74;-13.30;-14.99;7.51;7.51;0.00;0.00;1;1
20087;NachArzt;281.62;42.19;42.19;0.00;0.00;0.69;0.69;0.00;0.00;1;1
20128;Ankunft;323.83;180.70;0.00;180.70;;15.75;;;;0;0
20103;Ankunft;243.17;77.83;82.57;-4.73;-5.73;9.82;9.82;0.00;0.00;1;1
20103;NachRezeption;279.65;22.74;46.09;-23.34;-50.65;9.34;9.34;0.00;0.00;0;1
20103;VorSchwester;279.95;29.88;45.79;-15.91;-34.74;9.34;9.34;0.00;0.00;0;1
20103;NachSchwester;285.86;29.89;39.88;-9.99;-25.05;4.77;4.77;0.00;0.00;1;1
20103;VorArzt;287.21;29.52;38.53;-9.01;-23.37;4.77;4.77;0.00;0.00;1;1
20103;NachArzt;325.49;0.25;0.25;0.00;0.00;0.00;0.00;0.00;;1;1
20104;Ankunft;243.80;80.57;88.47;-7.90;-8.93;15.76;15.76;0.00;0.00;1;1
20104;NachRezeption;282.44;29.74;49.83;-20.09;-40.32;12.97;12.97;0.00;0.00;0;1
20104;VorSchwester;282.44;29.74;49.83;-20.09;-40.32;12.97;12.97;0.00;0.00;0;1
20104;NachSchwester;287.29;36.24;44.98;-8.73;-19.42;8.29;8.29;0.00;0.00;1;1
20104;VorArzt;290.89;33.28;41.38;-8.10;-19.58;8.29;8.29;0.00;0.00;1;1
20104;NachArzt;332.02;0.25;0.25;0.00;0.00;0.00;0.00;0.00;;1;1
20113;Ankunft;265.89;72.16;66.82;5.34;7.99;7.37;7.37;0.00;0.00;1;1
20113;NachRezeption;301.67;32.42;31.04;1.38;4.44;6.80;6.80;0.00;0.00;1;1
20113;VorArzt;302.48;31.61;30.23;1.38;4.56;6.80;6.80;0.00;0.00;1;1
20113;NachArzt;332.46;0.25;0.25;0.00;0.00;0.00;0.00;0.00;;1;1
20091;Ankunft;211.87;116.07;121.33;-5.26;-4.34;14.48;14.48;0.00;0.00;1;1
20091;NachRezeption;245.38;85.64;87.82;-2.18;-2.49;12.24;12.24;0.00;0.00;1;1
20091;VorArzt;246.03;84.33;87.16;-2.84;-3.26;12.24;12.24;0.00;0.00;1;1
20091;NachArzt;288.59;44.61;44.61;0.00;0.00;2.94;2.94;0.00;0.00;1;1
20121;Ankunft;281.88;50.65;54.36;-3.71;-6.83;6.74;6.74;0.00;0.00;1;1
20121;NachRezeption;324.22;12.20;12.03;0.17;1.39;6.25;6.25;0.00;0.00;1;1
20121;VorSchwester;324.22;12.20;12.03;0.17;1.39;6.25;6.25;0.00;0.00;1;1
20121;NachSchwester;326.82;9.43;9.43;0.00;0.00;3.81;3.81;0.00;0.00;1;1
20121;VorArzt;327.20;9.04;9.04;0.00;0.00;3.81;3.81;0.00;0.00;1;1
20121;NachArzt;336.00;0.25;0.25;0.00;0.00;0.00;0.00;0.00;;1;1
20110;Ankunft;263.07;68.87;74.39;-5.53;-7.43;6.80;6.80;0.00;0.00;1;1
20110;NachRezeption;299.03;26.57;38.43;-11.85;-30.85;4.58;4.58;0.00;0.00;0;1
20110;VorArzt;303.95;23.43;33.51;-10.08;-30.08;4.58;4.58;0.00;0.00;0;1
20110;NachArzt;337.21;0.25;0.25;0.00;0.00;0.00;0.00;0.00;;1;1
20106;Ankunft;246.97;93.27;91.73;1.53;1.67;10.64;10.64;0.00;0.00;1;1
20106;NachRezeption;286.39;50.84;52.31;-1.47;-2.82;8.08;8.08;0.00;0.00;1;1
20106;VorArzt;286.63;48.40;52.07;-3.67;-7.05;8.08;8.08;0.00;0.00;1;1
20106;NachArzt;291.33;47.37;47.37;0.00;0.00;5.51;5.51;0.00;0.00;1;1
20090;Ankunft;211.08;111.42;129.34;-17.92;-13.85;14.20;14.20;0.00;0.00;1;1
20090;NachRezeption;243.14;80.58;97.28;-16.70;-17.17;11.21;11.21;0.00;0.00;1;1
20090;VorArzt;256.22;62.55;84.20;-21.65;-25.71;11.21;11.21;0.00;0.00;1;1
20090;NachArzt;296.20;44.22;44.22;0.00;0.00;1.72;1.72;0.00;0.00;1;1
20111;Ankunft;263.46;70.51;77.75;-7.24;-9.32;9.98;9.98;0.00;0.00;1;1
20111;NachRezeption;299.94;29.66;41.27;-11.62;-28.14;9.08;9.08;0.00;0.00;1;1
20111;VorSchwester;299.94;29.66;41.27;-11.62;-28.14;9.08;9.08;0.00;0.00;1;1
20111;NachSchwester;304.38;30.08;36.83;-6.74;-18.31;4.80;4.80;0.00;0.00;1;1
20111;VorArzt;305.01;29.45;36.20;-6.74;-18.63;4.80;4.80;0.00;0.00;1;1
20111;NachArzt;340.96;0.25;0.25;0.00;0.00;0.00;0.00;0.00;;1;1
20094;Ankunft;227.57;102.88;114.07;-11.20;-9.82;9.69;9.69;0.00;0.00;1;1
20094;NachRezeption;257.03;69.33;84.61;-15.28;-18.06;8.45;8.45;0.00;0.00;1;1
20094;VorArzt;257.93;67.53;83.71;-16.18;-19.33;8.45;8.45;0.00;0.00;1;1
20094;NachArzt;298.72;42.92;42.92;0.00;0.00;1.22;1.22;0.00;0.00;1;1
20114;Ankunft;269.08;69.58;77.55;-7.97;-10.28;11.82;11.82;0.00;0.00;1;1
20114;NachRezeption;305.52;36.15;41.11;-4.96;-12.06;9.00;9.00;0.00;0.00;1;1
20114;VorArzt;306.88;34.79;39.75;-4.96;-12.47;9.00;9.00;0.00;0.00;1;1
20114;NachArzt;346.38;0.25;0.25;0.00;0.00;0.00;0.00;0.00;;1;1
20097;Ankunft;238.74;106.04;109.15;-3.12;-2.85;21.39;21.39;0.00;0.00;1;1
20097;NachRezeption;272.16;74.54;75.74;-1.20;-1.59;18.01;18.01;0.00;0.00;1;1
20097;VorSchwester;272.16;74.54;75.74;-1.20;-1.59;18.01;18.01;0.00;0.00;1;1
20097;NachSchwester;279.78;68.63;68.12;0.51;0.75;10.55;10.55;0.00;0.00;1;1
20097;VorArzt;280.10;67.98;67.79;0.19;0.27;10.55;10.55;0.00;0.00;1;1
20097;NachArzt;304.79;43.11;43.11;0.00;0.00;4.66;4.66;0.00;0.00;1;1
20109;Ankunft;261.99;79.51;86.82;-7.30;-8.41;7.58;7.58;0.00;0.00;1;1
20109;NachRezeption;296.82;59.22;51.99;7.23;13.91;4.92;4.92;0.00;0.00;1;1
20109;VorSchwester;296.82;59.22;51.99;7.23;13.91;4.92;4.92;0.00;0.00;1;1
20109;NachSchwester;298.34;56.02;50.47;5.55;10.99;3.57;3.57;0.00;0.00;1;1
20109;VorArzt;299.37;55.34;49.44;5.90;11.94;3.57;3.57;0.00;0.00;1;1
20109;NachArzt;306.68;42.13;42.13;0.00;0.00;0.91;0.91;-0.00;-0.00;1;1
20076;Ankunft;182.48;173.37;166.54;6.83;4.10;4.85;4.85;0.00;0.00;1;1
20076;NachRezeption;204.12;144.88;144.90;-0.02;-0.01;4.24;4.24;0.00;0.00;1;1
20076;VorSchwester;204.12;144.88;144.90;-0.02;-0.01;4.24;4.24;0.00;0.00;1;1
20076;NachSchwester;206.31;142.70;142.71;-0.02;-0.01;2.22;2.22;0.00;0.00;1;1
20076;VorArzt;346.36;2.66;2.66;0.00;0.00;2.22;2.22;0.00;0.00;1;1
20076;NachArzt;348.77;0.25;0.25;0.00;0.00;0.00;0.00;0.00;;1;1
20132;Ankunft;351.23;131.60;0.00;131.60;;29.47;;;;0;0
20107;Ankunft;248.47;113.05;104.60;8.45;8.08;9.44;9.44;0.00;0.00;1;1
20107;NachRezeption;287.52;65.27;65.55;-0.28;-0.42;8.31;8.31;0.00;0.00;1;1
20107;VorSchwester;287.52;65.27;65.55;-0.28;-0.42;8.31;8.31;0.00;0.00;1;1
20107;NachSchwester;290.72;61.82;62.35;-0.53;-0.85;5.27;5.27;0.00;0.00;1;1
20107;VorArzt;300.24;50.64;52.83;-2.20;-4.16;5.27;5.27;0.00;0.00;1;1
20107;NachArzt;310.59;42.48;42.48;0.00;0.00;1.53;1.53;0.00;0.00;1;1
20112;Ankunft;264.18;79.90;91.62;-11.72;-12.79;5.38;5.38;0.00;0.00;1;1
20112;NachRezeption;300.29;55.92;55.51;0.41;0.74;5.02;5.02;0.00;0.00;1;1
20112;VorArzt;301.01;54.50;54.80;-0.30;-0.54;5.02;5.02;0.00;0.00;1;1
20112;NachArzt;313.13;42.67;42.67;0.00;0.00;1.73;1.73;0.00;0.00;1;1
20119;Ankunft;275.84;63.06;79.98;-16.92;-21.16;4.50;4.50;0.00;0.00;1;1
20119;NachRezeption;315.80;33.57;40.03;-6.46;-16.13;3.62;3.62;-0.00;-0.00;1;1
20119;VorArzt;317.40;31.91;38.43;-6.52;-16.97;3.62;3.62;-0.00;-0.00;1;1
20119;NachArzt;355.58;0.25;0.25;0.00;0.00;0.00;0.00;0.00;;1;1
20115;Ankunft;269.49;83.63;89.61;-5.98;-6.68;8.45;8.45;0.00;0.00;1;1
20115;NachRezeption;307.88;50.08;51.23;-1.15;-2.24;6.10;6.10;0.00;0.00;1;1
20115;VorArzt;310.24;45.35;48.86;-3.51;-7.19;6.10;6.10;0.00;0.00;1;1
20115;NachArzt;313.55;45.55;45.55;0.00;0.00;3.30;3.30;0.00;0.00;1;1
20123;Ankunft;287.22;72.16;73.68;-1.52;-2.06;14.31;14.31;0.00;0.00;1;1
20123;NachRezeption;330.17;30.79;30.73;0.06;0.19;10.68;10.68;0.00;0.00;1;1
20123;VorSchwester;330.17;30.79;30.73;0.06;0.19;10.68;10.68;0.00;0.00;1;1
20123;NachSchwester;336.11;24.96;24.80;0.17;0.68;4.91;4.91;0.00;0.00;1;1
20123;VorArzt;336.85;20.53;24.05;-3.52;-14.65;4.91;4.91;0.00;0.00;1;1
20123;NachArzt;360.65;0.25;0.25;0.00;0.00;0.00;0.00;0.00;;1;1
20105;Ankunft;244.25;121.23;118.25;2.98;2.52;10.27;10.27;0.00;0.00;1;1
20105;NachRezeption;283.83;72.50;78.67;-6.17;-7.84;8.87;8.87;0.00;0.00;1;1
20105;VorArzt;284.23;68.36;78.28;-9.92;-12.67;8.87;8.87;0.00;0.00;1;1
20105;NachArzt;320.14;42.37;42.37;0.00;0.00;2.46;2.46;0.00;0.00;1;1
20117;Ankunft;273.73;86.64;90.04;-3.39;-3.77;7.66;7.66;0.00;0.00;1;1
20117;NachRezeption;312.87;53.32;50.90;2.42;4.76;6.80;6.80;0.00;0.00;1;1
20117;VorSchwester;312.87;53.32;50.90;2.42;4.76;6.80;6.80;0.00;0.00;1;1
20117;NachSchwester;315.31;54.42;48.46;5.96;12.31;4.52;4.52;0.00;0.00;1;1
20117;VorArzt;315.60;53.84;48.17;5.67;11.78;4.52;4.52;0.00;0.00;1;1
20117;NachArzt;323.56;40.20;40.20;0.00;0.00;1.26;1.26;-0.00;-0.00;1;1
20116;Ankunft;270.26;105.29;96.09;9.20;9.57;7.66;7.66;0.00;0.00;1;1
20116;NachRezeption;311.27;71.47;55.08;16.39;29.76;4.27;4.27;0.00;0.00;1;1
20116;VorArzt;312.50;70.00;53.85;16.16;30.01;4.27;4.27;0.00;0.00;0;1
20116;NachArzt;344.14;22.20;22.20;0.00;0.00;1.25;1.25;0.00;0.00;1;1
20127;Ankunft;313.81;85.51;71.39;14.12;19.77;12.28;12.28;0.00;0.00;1;1
20127;NachRezeption;359.97;25.06;25.23;-0.17;-0.66;11.34;11.34;0.00;0.00;1;1
20127;VorArzt;364.36;20.83;20.83;0.00;0.00;11.34;11.34;0.00;0.00;1;1
20127;NachArzt;384.95;0.25;0.25;0.00;0.00;0.00;0.00;0.00;;1;1
20124;Ankunft;304.20;107.42;84.81;22.60;26.65;25.36;25.36;0.00;0.00;1;1
20124;NachRezeption;343.16;51.48;45.85;5.62;12.26;23.76;23.76;0.00;0.00;1;1
20124;VorArzt;348.15;42.92;40.87;2.05;5.02;23.76;23.76;0.00;0.00;1;1
20124;NachArzt;351.79;37.22;37.22;0.00;0.00;20.91;20.91;0.00;0.00;1;1
20118;Ankunft;274.43;110.43;115.97;-5.54;-4.78;13.99;13.99;0.00;0.00;1;1
20118;NachRezeption;314.92;84.90;75.47;9.43;12.49;11.94;11.94;0.00;0.00;1;1
20118;VorArzt;316.34;84.92;74.06;10.86;14.66;11.94;11.94;0.00;0.00;1;1
20118;NachArzt;354.86;35.54;35.54;0.00;0.00;1.39;1.39;0.00;0.00;1;1
20062;Ankunft;158.47;208.24;232.85;-24.61;-10.57;11.93;11.93;0.00;0.00;1;1
20062;NachRezeption;178.08;182.83;213.23;-30.41;-14.26;11.49;11.49;0.00;0.00;1;1
20062;VorSchwester;178.08;182.83;213.23;-30.41;-14.26;11.49;11.49;0.00;0.00;1;1
20062;NachSchwester;183.43;180.59;207.88;-27.29;-13.13;6.31;6.31;0.00;0.00;1;1
20062;VorArzt;336.61;34.41;54.71;-20.30;-37.11;6.31;6.31;0.00;0.00;0;1
20062;NachArzt;360.42;30.89;30.89;0.00;0.00;0.92;0.92;0.00;0.00;1;1
20130;Ankunft;339.27;53.08;53.27;-0.20;-0.37;7.53;7.53;0.00;0.00;1;1
20130;NachRezeption;365.01;27.37;27.53;-0.17;-0.61;7.18;7.18;0.00;0.00;1;1
20130;VorArzt;365.76;26.62;26.78;-0.17;-0.62;7.18;7.18;0.00;0.00;1;1
20130;NachArzt;392.29;0.25;0.25;0.00;0.00;0.00;0.00;0.00;;1;1
20125;Ankunft;310.37;112.82;84.59;28.23;33.37;18.13;18.13;0.00;0.00;0;1
20125;NachRezeption;351.46;35.98;43.51;-7.52;-17.29;15.39;15.39;0.00;0.00;1;1
20125;VorSchwester;351.46;35.98;43.51;-7.52;-17.29;15.39;15.39;0.00;0.00;1;1
20125;NachSchwester;357.04;60.13;37.92;22.21;58.56;9.98;9.98;0.00;0.00;0;1
20125;VorArzt;357.38;59.46;37.59;21.87;58.19;9.98;9.98;0.00;0.00;0;1
20125;NachArzt;367.15;27.82;27.82;0.00;0.00;3.65;3.65;0.00;0.00;1;1
20126;Ankunft;311.64;127.53;84.35;43.19;51.21;14.87;14.87;0.00;0.00;0;1
20126;NachRezeption;353.98;55.73;42.00;13.74;32.71;13.87;13.87;0.00;0.00;0;1
20126;VorArzt;354.16;55.37;41.82;13.56;32.42;13.87;13.87;0.00;0.00;0;1
20126;NachArzt;373.44;22.54;22.54;0.00;0.00;1.02;1.02;-0.00;-0.00;1;1
20120;Ankunft;281.55;146.21;116.86;29.35;25.12;26.79;26.79;0.00;0.00;1;1
20120;NachRezeption;323.03;103.02;75.38;27.64;36.68;25.10;25.10;0.00;0.00;0;1
20120;VorSchwester;323.03;103.02;75.38;27.64;36.68;25.10;25.10;0.00;0.00;0;1
20120;NachSchwester;328.44;93.31;69.97;23.35;33.37;19.86;19.86;0.00;0.00;0;1
20120;VorArzt;357.58;55.86;40.83;15.03;36.80;19.86;19.86;0.00;0.00;0;1
20120;NachArzt;386.07;12.34;12.34;0.00;0.00;1.10;1.10;-0.00;-0.00;1;1
20025;Ankunft;80.64;81.84;323.14;-241.30;-74.67;31.08;31.08;0.00;0.00;0;1
20025;NachRezeption;82.43;70.51;321.35;-250.84;-78.06;29.38;29.38;0.00;0.00;0;1
20025;VorSchwester;82.43;70.51;321.35;-250.84;-78.06;29.38;29.38;0.00;0.00;0;1
20025;NachSchwester;94.68;58.90;309.10;-250.21;-80.95;17.30;17.30;0.00;0.00;0;1
20025;VorArzt;132.95;58.83;270.83;-211.99;-78.28;17.30;17.30;0.00;0.00;0;1
20025;NachArzt;402.36;1.43;1.43;0.00;0.00;1.18;1.18;0.00;0.00;1;1
20134;Ankunft;405.45;88.39;0.00;88.39;;30.35;;;;0;0
20032;Ankunft;93.91;70.51;311.74;-241.23;-77.38;23.60;23.60;0.00;0.00;0;1
20032;NachRezeption;94.81;71.51;310.84;-239.33;-76.99;22.78;22.78;0.00;0.00;0;1
20032;VorSchwester;94.81;71.51;310.84;-239.33;-76.99;22.78;22.78;0.00;0.00;0;1
20032;NachSchwester;105.65;73.08;300.00;-226.92;-75.64;12.10;12.10;0.00;0.00;0;1
20032;VorArzt;151.02;52.75;254.63;-201.87;-79.28;12.10;12.10;0.00;0.00;0;1
20032;NachArzt;402.69;2.96;2.96;0.00;0.00;1.87;1.87;-0.00;-0.00;1;1
20133;Ankunft;374.98;60.32;35.98;24.35;67.68;9.50;9.50;0.00;0.00;0;1
20133;NachRezeption;397.22;14.83;13.73;1.10;8.03;8.18;8.18;0.00;0.00;1;1
20133;VorArzt;398.22;12.83;12.73;0.10;0.79;8.18;8.18;0.00;0.00;1;1
20133;NachArzt;409.64;1.31;1.31;0.00;0.00;1.06;1.06;-0.00;-0.00;1;1
20100;Ankunft;240.94;171.53;170.23;1.31;0.77;12.61;12.61;0.00;0.00;1;1
20100;NachRezeption;277.94;127.75;133.23;-5.48;-4.11;11.72;11.72;0.00;0.00;1;1
20100;VorSchwester;277.94;127.75;133.23;-5.48;-4.11;11.72;11.72;0.00;0.00;1;1
20100;NachSchwester;281.77;123.92;129.40;-5.48;-4.23;8.06;8.06;0.00;0.00;1;1
20100;VorArzt;397.22;13.61;13.95;-0.34;-2.42;8.06;8.06;0.00;0.00;1;1
20100;NachArzt;410.92;0.25;0.25;0.00;0.00;0.00;0.00;0.00;;1;1
20079;Ankunft;189.50;102.66;234.41;-131.75;-56.21;14.02;14.02;0.00;0.00;0;1
20079;NachRezeption;208.60;91.78;215.32;-123.53;-57.37;12.58;12.58;0.00;0.00;0;1
20079;VorArzt;209.98;96.09;213.93;-117.84;-55.08;12.58;12.58;0.00;0.00;0;1
20079;NachArzt;422.34;1.57;1.57;0.00;0.00;1.32;1.32;0.00;0.00;1;1
20129;Ankunft;337.06;110.60;88.88;21.72;24.44;16.86;16.86;0.00;0.00;1;1
20129;NachRezeption;364.67;85.58;61.27;24.31;39.69;15.88;15.88;0.00;0.00;0;1
20129;VorArzt;403.46;24.58;22.47;2.10;9.36;15.88;15.88;0.00;0.00;1;1
20129;NachArzt;425.26;0.68;0.68;0.00;0.00;0.43;0.43;-0.00;-0.00;1;1
20131;Ankunft;348.44;102.56;82.00;20.56;25.07;14.11;14.11;0.00;0.00;1;1
20131;NachRezeption;368.02;89.33;62.42;26.91;43.11;12.35;12.35;0.00;0.00;0;1
20131;VorSchwester;368.02;89.33;62.42;26.91;43.11;12.35;12.35;0.00;0.00;0;1
20131;NachSchwester;372.85;79.50;57.59;21.92;38.05;7.68;7.68;-0.00;-0.00;0;1
20131;VorArzt;415.75;14.69;14.69;0.00;0.00;7.68;7.68;-0.00;-0.00;1;1
20131;NachArzt;429.64;0.80;0.80;0.00;0.00;0.55;0.55;-0.00;-0.00;1;1
20083;Ankunft;204.95;86.35;229.51;-143.15;-62.37;9.47;9.47;0.00;0.00;0;1
20083;NachRezeption;219.80;64.84;214.66;-149.82;-69.79;8.78;8.78;0.00;0.00;0;1
20083;VorArzt;220.29;65.27;214.16;-148.88;-69.52;8.78;8.78;0.00;0.00;0;1
20083;NachArzt;434.20;0.25;0.25;0.00;0.00;0.00;0.00;0.00;;1;1
20080;Ankunft;194.73;105.02;251.43;-146.41;-58.23;29.62;29.62;0.00;0.00;0;1
20080;NachRezeption;213.98;113.97;232.19;-118.22;-50.91;27.80;27.80;-0.00;-0.00;0;1
20080;VorSchwester;213.98;113.97;232.19;-118.22;-50.91;27.80;27.80;-0.00;-0.00;0;1
20080;NachSchwester;225.84;106.89;220.32;-113.43;-51.48;16.11;16.11;0.00;0.00;0;1
20080;VorArzt;226.19;109.11;219.98;-110.87;-50.40;16.11;16.11;0.00;0.00;0;1
20080;NachArzt;444.76;1.41;1.41;0.00;0.00;1.16;1.16;0.00;0.00;1;1
20099;Ankunft;240.15;149.41;209.32;-59.91;-28.62;15.80;15.80;0.00;0.00;1;1
20099;NachRezeption;276.13;105.51;173.34;-67.83;-39.13;14.85;14.85;0.00;0.00;0;1
20099;VorArzt;276.56;104.65;172.91;-68.26;-39.48;14.85;14.85;0.00;0.00;0;1
20099;NachArzt;446.32;3.15;3.15;0.00;0.00;2.90;2.90;-0.00;-0.00;1;1
20135;Ankunft;406.95;50.98;51.48;-0.50;-0.97;17.13;17.13;0.00;0.00;1;1
20135;NachRezeption;407.62;50.48;50.81;-0.33;-0.66;16.54;16.54;0.00;0.00;1;1
20135;VorSchwester;407.62;50.48;50.81;-0.33;-0.66;16.54;16.54;0.00;0.00;1;1
20135;NachSchwester;411.08;47.01;47.35;-0.34;-0.72;13.25;13.25;-0.00;-0.00;1;1
20135;VorArzt;435.76;22.67;22.67;0.00;0.00;13.25;13.25;-0.00;-0.00;1;1
20135;NachArzt;456.90;1.53;1.53;0.00;0.00;1.28;1.28;-0.00;-0.00;1;1
20101;Ankunft;241.42;157.30;223.07;-65.77;-29.49;20.31;;;;1;1
20101;NachRezeption;278.59;119.14;185.90;-66.76;-35.91;19.66;;;;0;1
20101;VorArzt;279.34;121.74;185.15;-63.41;-34.25;19.66;;;;0;1
20108;Ankunft;256.29;141.77;215.82;-74.05;-34.31;26.99;;;;0;1
20108;NachRezeption;290.02;143.48;182.09;-38.62;-21.21;26.04;;;;1;1
20108;VorSchwester;290.02;143.48;182.09;-38.62;-21.21;26.04;;;;1;1
20108;NachSchwester;298.62;136.04;173.50;-37.46;-21.59;17.61;;;;1;1
20108;VorArzt;299.59;137.46;172.52;-35.07;-20.33;17.61;;;;1;1
20122;Ankunft;285.92;133.71;194.07;-60.36;-31.10;17.65;17.65;0.00;0.00;0;1
20122;NachRezeption;326.54;99.14;153.45;-54.31;-35.39;15.33;15.33;0.00;0.00;0;1
20122;VorArzt;329.12;107.95;150.86;-42.91;-28.44;15.33;15.33;0.00;0.00;1;1
20122;NachArzt;479.74;0.25;0.25;0.00;0.00;0.00;0.00;0.00;;1;1
20098;Ankunft;239.40;142.25;243.40;-101.15;-41.56;19.92;;;;0;1
20098;NachRezeption;272.59;113.41;210.21;-96.80;-46.05;19.49;;;;0;1
20098;VorSchwester;272.59;113.41;210.21;-96.80;-46.05;19.49;;;;0;1
20098;NachSchwester;281.12;116.18;201.67;-85.49;-42.39;11.12;;;;0;1
20098;VorArzt;335.03;113.32;147.76;-34.44;-23.31;11.12;;;;1;1
20098;NachArzt;482.54;0.85;0.25;0.60;241.62;0.60;;;;1;0
30001;Ankunft;0.29;43.59;16.06;27.53;171.44;10.44;10.44;0.00;0.00;0;1
30001;NachRezeption;0.93;15.41;15.41;0.00;0.00;9.88;9.88;0.00;0.00;1;1
30001;VorSchwester;0.93;15.41;15.41;0.00;0.00;9.88;9.88;0.00;0.00;1;1
30001;NachSchwester;7.97;8.38;8.38;0.00;0.00;3.01;3.01;0.00;0.00;1;1
30001;VorArzt;12.92;3.43;3.43;0.00;0.00;3.01;3.01;0.00;0.00;1;1
30001;NachArzt;16.10;0.25;0.25;0.00;0.00;0.00;0.00;0.00;;1;1
30006;Ankunft;25.24;10.20;10.20;0.00;0.00;8.74;8.74;0.00;0.00;1;1
30006;NachRezeption;31.01;4.42;4.42;0.00;0.00;3.78;3.78;0.00;0.00;1;1
30006;VorArzt;31.23;4.20;4.20;0.00;0.00;3.78;3.78;0.00;0.00;1;1
30006;NachArzt;35.18;0.25;0.25;0.00;0.00;0.00;0.00;0.00;;1;1
30007;Ankunft;34.08;15.45;16.38;-0.94;-5.72;14.12;14.12;0.00;0.00;1;1
30007;NachRezeption;35.26;13.87;15.20;-1.33;-8.76;13.02;13.02;0.00;0.00;1;1
30007;VorSchwester;35.26;13.87;15.20;-1.33;-8.76;13.02;13.02;0.00;0.00;1;1
30007;NachSchwester;38.79;10.34;11.68;-1.33;-11.41;9.66;9.66;0.00;0.00;1;1
30007;VorArzt;39.05;10.08;11.41;-1.33;-11.67;9.66;9.66;0.00;0.00;1;1
30007;NachArzt;47.25;3.21;3.21;0.00;0.00;1.63;1.63;-0.00;-0.00;1;1
30009;Ankunft;45.40;19.56;19.06;0.49;2.59;10.54;10.54;0.00;0.00;1;1
30009;NachRezeption;48.75;16.04;15.71;0.32;2.06;7.28;7.28;0.00;0.00;1;1
30009;VorSchwester;48.75;16.04;15.71;0.32;2.06;7.28;7.28;0.00;0.00;1;1
30009;NachSchwester;50.01;13.52;14.45;-0.94;-6.49;6.18;6.18;0.00;0.00;1;1
30009;VorArzt;51.15;11.24;13.31;-2.08;-15.59;6.18;6.18;0.00;0.00;1;1
30009;NachArzt;53.18;11.29;11.29;0.00;0.00;4.32;4.32;0.00;0.00;1;1
30004;Ankunft;20.12;47.51;46.35;1.16;2.51;6.05;6.05;0.00;0.00;1;1
30004;NachRezeption;25.07;34.73;41.40;-6.67;-16.10;5.75;5.75;0.00;0.00;1;1
30004;VorSchwester;25.07;34.73;41.40;-6.67;-16.10;5.75;5.75;0.00;0.00;1;1
30004;NachSchwester;27.95;33.93;38.52;-4.59;-11.92;3.04;3.04;0.00;0.00;1;1
30004;VorArzt;55.35;12.49;11.11;1.38;12.38;3.04;3.04;0.00;0.00;1;1
30004;NachArzt;56.56;9.90;9.90;0.00;0.00;2.00;2.00;-0.00;-0.00;1;1
30003;Ankunft;17.03;56.30;55.09;1.21;2.19;18.16;18.16;0.00;0.00;1;1
30003;NachRezeption;24.77;48.64;47.36;1.29;2.72;10.51;10.51;-0.00;-0.00;1;1
30003;VorSchwester;24.77;48.64;47.36;1.29;2.72;10.51;10.51;-0.00;-0.00;1;1
30003;NachSchwester;27.87;47.40;44.26;3.15;7.11;7.58;7.58;-0.00;-0.00;1;1
30003;VorArzt;64.13;12.46;7.99;4.47;55.87;7.58;7.58;-0.00;-0.00;1;1
30003;NachArzt;71.39;0.74;0.74;0.00;0.00;0.49;0.49;-0.00;-0.00;1;1
30008;Ankunft;42.18;32.85;30.72;2.12;6.91;29.09;29.09;0.00;0.00;1;1
30008;NachRezeption;44.15;28.76;28.76;0.00;0.00;27.21;27.21;-0.00;-0.00;1;1
30008;VorSchwester;44.15;28.76;28.76;0.00;0.00;27.21;27.21;-0.00;-0.00;1;1
30008;NachSchwester;55.85;17.06;17.06;0.00;0.00;15.68;15.68;-0.00;-0.00;1;1
30008;VorArzt;56.81;16.10;16.10;0.00;0.00;15.68;15.68;-0.00;-0.00;1;1
30008;NachArzt;72.66;0.25;0.25;0.00;0.00;0.00;0.00;0.00;;1;1
30016;Ankunft;75.02;6.79;11.58;-4.79;-41.36;3.66;3.66;0.00;0.00;1;1
30016;NachRezeption;76.37;10.20;10.23;-0.04;-0.36;2.39;2.39;0.00;0.00;1;1
30016;VorArzt;79.01;4.93;7.60;-2.67;-35.16;2.39;2.39;0.00;0.00;1;1
30016;NachArzt;80.97;5.63;5.63;0.00;0.00;0.59;0.59;0.00;0.00;1;1
30013;Ankunft;62.96;32.18;28.65;3.54;12.34;20.87;20.87;0.00;0.00;1;1
30013;NachRezeption;67.82;23.79;23.79;0.00;0.00;19.80;19.80;0.00;0.00;1;1
30013;VorArzt;69.88;21.73;21.73;0.00;0.00;19.80;19.80;0.00;0.00;1;1
30013;NachArzt;91.36;0.25;0.25;0.00;0.00;0.00;0.00;0.00;;1;1
30002;Ankunft;11.54;98.75;93.37;5.38;5.77;24.23;24.23;0.00;0.00;1;1
30002;NachRezeption;12.24;89.69;92.68;-2.99;-3.23;23.62;23.62;-0.00;-0.00;1;1
30002;VorSchwester;12.24;89.69;92.68;-2.99;-3.23;23.62;23.62;-0.00;-0.00;1;1
30002;NachSchwester;16.56;85.36;88.35;-2.99;-3.39;19.46;19.46;0.00;0.00;1;1
30002;VorArzt;82.05;27.92;22.87;5.05;22.08;19.46;19.46;0.00;0.00;1;1
30002;NachArzt;98.31;6.60;6.60;0.00;0.00;3.36;3.36;-0.00;-0.00;1;1
30019;Ankunft;80.27;30.71;25.92;4.78;18.46;12.13;12.13;0.00;0.00;1;1
30019;NachRezeption;85.93;21.82;20.27;1.55;7.64;10.75;10.75;0.00;0.00;1;1
30019;VorArzt;86.25;21.17;19.95;1.23;6.15;10.75;10.75;0.00;0.00;1;1
30019;NachArzt;100.99;5.21;5.21;0.00;0.00;1.28;1.28;0.00;0.00;1;1
30022;Ankunft;83.39;28.74;30.28;-1.54;-5.08;11.68;11.68;0.00;0.00;1;1
30022;NachRezeption;90.84;17.87;22.84;-4.97;-21.75;10.93;10.93;0.00;0.00;1;1
30022;VorSchwester;90.84;17.87;22.84;-4.97;-21.75;10.93;10.93;0.00;0.00;1;1
30022;NachSchwester;94.88;12.93;18.79;-5.86;-31.18;7.06;7.06;-0.00;-0.00;0;1
30022;VorArzt;95.68;11.34;17.99;-6.66;-37.00;7.06;7.06;-0.00;-0.00;0;1
30022;NachArzt;102.10;11.57;11.57;0.00;0.00;3.44;3.44;-0.00;-0.00;1;1
30024;Ankunft;88.61;22.13;28.51;-6.39;-22.40;10.58;10.58;0.00;0.00;1;1
30024;NachRezeption;92.19;22.10;24.94;-2.84;-11.39;9.55;9.55;0.00;0.00;1;1
30024;VorArzt;93.50;20.79;23.63;-2.84;-12.02;9.55;9.55;0.00;0.00;1;1
30024;NachArzt;116.88;0.25;0.25;0.00;0.00;0.00;0.00;0.00;;1;1
30021;Ankunft;82.00;27.13;35.96;-8.84;-24.57;9.42;9.42;0.00;0.00;1;1
30021;NachRezeption;90.08;17.45;27.88;-10.43;-37.41;6.70;6.70;-0.00;-0.00;0;1
30021;VorArzt;90.57;17.88;27.39;-9.52;-34.75;6.70;6.70;-0.00;-0.00;0;1
30021;NachArzt;107.16;10.81;10.81;0.00;0.00;0.70;0.70;-0.00;-0.00;1;1
30023;Ankunft;85.12;26.80;33.97;-7.17;-21.11;9.13;9.13;0.00;0.00;1;1
30023;NachRezeption;91.15;21.32;27.94;-6.62;-23.70;8.81;8.81;0.00;0.00;1;1
30023;VorArzt;92.17;20.40;26.93;-6.53;-24.24;8.81;8.81;0.00;0.00;1;1
30023;NachArzt;109.94;9.16;9.16;0.00;0.00;1.13;1.13;-0.00;-0.00;1;1
30020;Ankunft;81.33;24.99;39.92;-14.94;-37.41;10.92;10.92;0.00;0.00;0;1
30020;NachRezeption;87.37;19.55;33.88;-14.33;-42.30;10.07;10.07;0.00;0.00;0;1
30020;VorSchwester;87.37;19.55;33.88;-14.33;-42.30;10.07;10.07;0.00;0.00;0;1
30020;NachSchwester;93.37;23.48;27.88;-4.40;-15.78;4.24;4.24;0.00;0.00;1;1
30020;VorArzt;93.93;18.02;27.32;-9.30;-34.04;4.24;4.24;0.00;0.00;0;1
30020;NachArzt;114.08;7.17;7.17;0.00;0.00;0.26;0.26;0.00;0.00;1;1
30026;Ankunft;92.01;18.75;29.85;-11.10;-37.19;5.47;5.47;0.00;0.00;0;1
30026;NachRezeption;94.53;24.29;27.33;-3.04;-11.14;4.53;4.53;0.00;0.00;1;1
30026;VorArzt;95.02;26.47;26.84;-0.37;-1.38;4.53;4.53;0.00;0.00;1;1
30026;NachArzt;121.61;0.25;0.25;0.00;0.00;0.00;0.00;0.00;;1;1
30029;Ankunft;101.49;38.26;22.03;16.23;73.64;11.35;11.35;0.00;0.00;0;1
30029;NachRezeption;110.15;18.33;13.38;4.95;36.97;7.31;7.31;0.00;0.00;1;1
30029;VorSchwester;110.15;18.33;13.38;4.95;36.97;7.31;7.31;0.00;0.00;1;1
30029;NachSchwester;112.68;14.98;10.85;4.13;38.12;4.94;4.94;0.00;0.00;1;1
30029;VorArzt;113.68;12.99;9.85;3.14;31.86;4.94;4.94;0.00;0.00;1;1
30029;NachArzt;116.91;6.62;6.62;0.00;0.00;2.28;2.28;-0.00;-0.00;1;1
30025;Ankunft;90.12;21.45;35.52;-14.07;-39.62;9.75;9.75;0.00;0.00;0;1
30025;NachRezeption;93.59;23.84;32.06;-8.21;-25.62;8.35;8.35;0.00;0.00;1;1
30025;VorArzt;94.22;23.21;31.42;-8.21;-26.14;8.35;8.35;0.00;0.00;1;1
30025;NachArzt;125.39;0.25;0.25;0.00;0.00;0.00;0.00;0.00;;1;1
30011;Ankunft;52.42;86.96;73.60;13.36;18.15;9.99;9.99;0.00;0.00;1;1
30011;NachRezeption;60.06;62.10;65.96;-3.87;-5.86;5.72;5.72;0.00;0.00;1;1
30011;VorSchwester;60.06;62.10;65.96;-3.87;-5.86;5.72;5.72;0.00;0.00;1;1
30011;NachSchwester;61.95;60.21;64.08;-3.87;-6.03;4.00;4.00;-0.00;-0.00;1;1
30011;VorArzt;117.74;8.28;8.28;0.00;0.00;4.00;4.00;-0.00;-0.00;1;1
30011;NachArzt;125.78;0.25;0.25;0.00;0.00;0.00;0.00;0.00;;1;1
30032;Ankunft;103.61;18.16;23.99;-5.82;-24.28;2.88;2.88;0.00;0.00;1;1
30032;NachRezeption;117.19;10.41;10.41;0.00;0.00;1.79;1.79;0.00;0.00;1;1
30032;VorArzt;118.31;5.51;9.29;-3.78;-40.70;1.79;1.79;0.00;0.00;1;1
30032;NachArzt;127.35;0.25;0.25;0.00;0.00;0.00;0.00;0.00;;1;1
30031;Ankunft;103.33;20.86;25.09;-4.23;-16.87;4.68;4.68;0.00;0.00;1;1
30031;NachRezeption;116.10;11.93;12.32;-0.39;-3.13;3.60;3.60;0.00;0.00;1;1
30031;VorSchwester;116.10;11.93;12.32;-0.39;-3.13;3.60;3.60;0.00;0.00;1;1
30031;NachSchwester;117.64;10.61;10.78;-0.17;-1.55;2.23;2.23;0.00;0.00;1;1
30031;VorArzt;119.46;4.79;8.95;-4.17;-46.53;2.23;2.23;0.00;0.00;1;1
30031;NachArzt;128.17;0.25;0.25;0.00;0.00;0.00;0.00;0.00;;1;1
30014;Ankunft;63.62;75.77;78.32;-2.55;-3.26;16.80;16.80;0.00;0.00;1;1
30014;NachRezeption;68.59;67.48;73.34;-5.86;-7.99;16.02;16.02;0.00;0.00;1;1
30014;VorSchwester;68.59;67.48;73.34;-5.86;-7.99;16.02;16.02;0.00;0.00;1;1
30014;NachSchwester;75.18;60.90;66.76;-5.86;-8.78;9.61;9.61;0.00;0.00;1;1
30014;VorArzt;126.05;11.32;15.89;-4.57;-28.76;9.61;9.61;0.00;0.00;1;1
30014;NachArzt;141.69;0.25;0.25;0.00;0.00;0.00;0.00;0.00;;1;1
30034;Ankunft;119.73;27.07;23.13;3.95;17.08;15.49;15.49;0.00;0.00;1;1
30034;NachRezeption;125.22;24.26;17.64;6.62;37.56;13.71;13.71;-0.00;-0.00;0;1
30034;VorSchwester;125.22;24.26;17.64;6.62;37.56;13.71;13.71;-0.00;-0.00;0;1
30034;NachSchwester;131.48;11.38;11.38;0.00;0.00;7.62;7.62;-0.00;-0.00;1;1
30034;VorArzt;133.23;9.63;9.63;0.00;0.00;7.62;7.62;-0.00;-0.00;1;1
30034;NachArzt;142.61;0.25;0.25;0.00;0.00;0.00;0.00;0.00;;1;1
30033;Ankunft;112.51;33.28;32.99;0.29;0.88;8.93;8.93;0.00;0.00;1;1
30033;NachRezeption;120.90;27.34;24.60;2.74;11.14;7.04;7.04;0.00;0.00;1;1
30033;VorArzt;121.58;25.97;23.91;2.06;8.61;7.04;7.04;0.00;0.00;1;1
30033;NachArzt;131.92;13.58;13.58;0.00;0.00;3.46;3.46;0.00;0.00;1;1
30027;Ankunft;93.08;26.57;53.09;-26.52;-49.95;10.12;10.12;0.00;0.00;0;1
30027;NachRezeption;96.90;33.19;49.26;-16.07;-32.62;7.75;7.75;0.00;0.00;0;1
30027;VorArzt;97.11;32.98;49.05;-16.07;-32.76;7.75;7.75;0.00;0.00;0;1
30027;NachArzt;134.82;11.34;11.34;0.00;0.00;0.44;0.44;0.00;0.00;1;1
30041;Ankunft;135.24;21.37;15.25;6.11;40.08;2.86;2.86;0.00;0.00;0;1
30041;NachRezeption;148.09;2.40;2.40;0.00;0.00;1.10;1.10;-0.00;-0.00;1;1
30041;VorArzt;148.57;1.92;1.92;0.00;0.00;1.10;1.10;-0.00;-0.00;1;1
30041;NachArzt;150.24;0.25;0.25;0.00;0.00;0.00;0.00;0.00;;1;1
30030;Ankunft;102.85;83.91;57.60;26.31;45.67;10.25;10.25;0.00;0.00;0;1
30030;NachRezeption;115.02;39.25;45.44;-6.18;-13.61;8.82;8.82;0.00;0.00;1;1
30030;VorSchwester;115.02;39.25;45.44;-6.18;-13.61;8.82;8.82;0.00;0.00;1;1
30030;NachSchwester;118.60;37.82;41.85;-4.04;-9.64;5.40;5.40;0.00;0.00;1;1
30030;VorArzt;137.56;21.10;22.90;-1.80;-7.85;5.40;5.40;0.00;0.00;1;1
30030;NachArzt;144.24;15.25;16.21;-0.96;-5.90;3.01;3.01;0.00;0.00;1;1
30039;Ankunft;132.56;35.29;29.90;5.39;18.02;6.25;6.25;0.00;0.00;1;1
30039;NachRezeption;145.64;16.66;16.82;-0.17;-0.99;6.03;6.03;0.00;0.00;1;1
30039;VorArzt;145.96;16.51;16.51;0.00;0.00;6.03;6.03;0.00;0.00;1;1
30039;NachArzt;162.21;0.25;0.25;0.00;0.00;0.00;0.00;0.00;;1;1
30036;Ankunft;124.36;23.56;38.25;-14.68;-38.39;14.51;14.51;0.00;0.00;0;1
30036;NachRezeption;139.12;23.41;23.49;-0.08;-0.34;1.93;1.93;-0.00;-0.00;1;1
30036;VorArzt;141.39;16.48;21.22;-4.74;-22.33;1.93;1.93;-0.00;-0.00;1;1
30036;NachArzt;145.70;16.90;16.90;0.00;0.00;0.64;0.64;-0.00;-0.00;1;1
30035;Ankunft;120.66;49.91;50.53;-0.61;-1.22;16.86;16.86;0.00;0.00;1;1
30035;NachRezeption;126.54;44.54;44.65;-0.11;-0.25;15.54;15.54;0.00;0.00;1;1
30035;VorSchwester;126.54;44.54;44.65;-0.11;-0.25;15.54;15.54;0.00;0.00;1;1
30035;NachSchwester;128.07;41.31;43.12;-1.80;-4.18;14.18;14.18;0.00;0.00;1;1
30035;VorArzt;140.00;30.57;31.18;-0.62;-1.98;14.18;14.18;0.00;0.00;1;1
30035;NachArzt;148.97;22.22;22.22;0.00;0.00;7.98;7.98;0.00;0.00;1;1
30044;Ankunft;139.10;30.34;34.34;-4.00;-11.64;8.61;8.61;0.00;0.00;1;1
30044;NachRezeption;154.29;18.82;19.15;-0.33;-1.74;7.32;7.32;0.00;0.00;1;1
30044;VorArzt;155.47;17.64;17.97;-0.33;-1.85;7.32;7.32;0.00;0.00;1;1
30044;NachArzt;173.19;0.25;0.25;0.00;0.00;0.00;0.00;0.00;;1;1
30005;Ankunft;22.26;167.26;166.91;0.35;0.21;22.22;22.22;0.00;0.00;1;1
30005;NachRezeption;26.06;130.30;163.11;-32.81;-20.12;21.23;21.23;0.00;0.00;1;1
30005;VorSchwester;26.06;130.30;163.11;-32.81;-20.12;21.23;21.23;0.00;0.00;1;1
30005;NachSchwester;33.11;118.29;156.06;-37.77;-24.20;14.34;14.34;0.00;0.00;1;1
30005;VorArzt;136.64;34.27;52.53;-18.26;-34.76;14.34;14.34;0.00;0.00;0;1
30005;NachArzt;156.02;33.15;33.15;0.00;0.00;4.19;4.19;-0.00;-0.00;1;1
30038;Ankunft;128.90;41.19;63.25;-22.06;-34.88;11.39;11.39;0.00;0.00;0;1
30038;NachRezeption;141.96;30.13;50.19;-20.06;-39.97;10.53;10.53;0.00;0.00;0;1
30038;VorArzt;142.54;28.96;49.61;-20.64;-41.62;10.53;10.53;0.00;0.00;0;1
30038;NachArzt;159.83;32.32;32.32;0.00;0.00;1.11;1.11;0.00;0.00;1;1
30049;Ankunft;151.00;49.64;49.10;0.55;1.12;21.35;21.35;0.00;0.00;1;1
30049;NachRezeption;172.08;27.84;28.01;-0.17;-0.60;20.37;20.37;0.00;0.00;1;1
30049;VorArzt;172.28;27.65;27.82;-0.17;-0.60;20.37;20.37;0.00;0.00;1;1
30049;NachArzt;199.84;0.25;0.25;0.00;0.00;0.00;0.00;0.00;;1;1
30046;Ankunft;144.31;40.78;55.91;-15.14;-27.07;6.52;6.52;0.00;0.00;1;1
30046;NachRezeption;157.36;40.17;42.86;-2.69;-6.27;5.56;5.56;0.00;0.00;1;1
30046;VorArzt;159.47;35.94;40.75;-4.80;-11.79;5.56;5.56;0.00;0.00;1;1
30046;NachArzt;163.05;37.17;37.17;0.00;0.00;2.51;2.51;0.00;0.00;1;1
30037;Ankunft;128.43;48.91;77.00;-28.10;-36.49;6.32;6.32;0.00;0.00;0;1
30037;NachRezeption;141.10;38.74;64.33;-25.59;-39.78;4.34;4.34;-0.00;-0.00;0;1
30037;VorArzt;161.89;38.17;43.54;-5.38;-12.35;4.34;4.34;-0.00;-0.00;1;1
30037;NachArzt;165.70;39.73;39.73;0.00;0.00;1.02;1.02;-0.00;-0.00;1;1
30055;Ankunft;153.71;48.79;53.79;-5.00;-9.29;12.96;12.96;0.00;0.00;1;1
30055;NachRezeption;184.89;22.16;22.60;-0.44;-1.94;11.94;11.94;0.00;0.00;1;1
30055;VorSchwester;184.89;22.16;22.60;-0.44;-1.94;11.94;11.94;0.00;0.00;1;1
30055;NachSchwester;190.37;19.28;17.13;2.16;12.60;6.63;6.63;0.00;0.00;1;1
30055;VorArzt;191.00;18.66;16.49;2.17;13.17;6.63;6.63;0.00;0.00;1;1
30055;NachArzt;207.24;0.25;0.25;0.00;0.00;0.00;0.00;0.00;;1;1
30042;Ankunft;136.03;44.38;72.34;-27.95;-38.64;12.62;12.62;0.00;0.00;0;1
30042;NachRezeption;148.71;32.96;59.66;-26.70;-44.76;12.00;12.00;0.00;0.00;0;1
30042;VorSchwester;148.71;32.96;59.66;-26.70;-44.76;12.00;12.00;0.00;0.00;0;1
30042;NachSchwester;153.70;43.88;54.67;-10.78;-19.72;7.17;7.17;-0.00;-0.00;1;1
30042;VorArzt;154.20;43.91;54.17;-10.26;-18.94;7.17;7.17;-0.00;-0.00;1;1
30042;NachArzt;169.02;39.34;39.34;0.00;0.00;1.36;1.36;-0.00;-0.00;1;1
30061;Ankunft;165.69;51.14;45.06;6.09;13.51;8.13;8.13;0.00;0.00;1;1
30061;NachRezeption;204.33;6.59;6.42;0.17;2.60;3.93;3.93;0.00;0.00;1;1
30061;VorSchwester;204.33;6.59;6.42;0.17;2.60;3.93;3.93;0.00;0.00;1;1
30061;NachSchwester;205.34;5.41;5.41;0.00;0.00;3.09;3.09;0.00;0.00;1;1
30061;VorArzt;206.31;4.44;4.44;0.00;0.00;3.09;3.09;0.00;0.00;1;1
30061;NachArzt;210.50;0.25;0.25;0.00;0.00;0.00;0.00;0.00;;1;1
30047;Ankunft;145.69;46.97;69.92;-22.95;-32.82;6.08;6.08;0.00;0.00;0;1
30047;NachRezeption;161.88;45.06;53.73;-8.67;-16.13;4.57;4.57;-0.00;-0.00;1;1
30047;VorArzt;163.58;46.99;52.03;-5.04;-9.68;4.57;4.57;-0.00;-0.00;1;1
30047;NachArzt;173.44;42.17;42.17;0.00;0.00;0.32;0.32;0.00;0.00;1;1
30028;Ankunft;98.16;81.14;119.30;-38.16;-31.98;10.02;10.02;0.00;0.00;0;1
30028;NachRezeption;101.47;82.47;115.98;-33.51;-28.89;6.79;6.79;-0.00;-0.00;1;1
30028;VorArzt;172.09;48.41;45.36;3.04;6.71;6.79;6.79;-0.00;-0.00;1;1
30028;NachArzt;179.30;38.15;38.15;0.00;0.00;0.85;0.85;-0.00;-0.00;1;1
30010;Ankunft;47.84;133.01;170.02;-37.01;-21.77;12.92;12.92;0.00;0.00;1;1
30010;NachRezeption;55.79;131.11;162.07;-30.96;-19.10;7.51;7.51;0.00;0.00;1;1
30010;VorArzt;170.38;52.80;47.47;5.32;11.21;7.51;7.51;0.00;0.00;1;1
30010;NachArzt;180.72;37.14;37.14;0.00;0.00;0.40;0.40;0.00;0.00;1;1
30067;Ankunft;178.73;43.91;45.52;-1.61;-3.53;5.79;5.79;0.00;0.00;1;1
30067;NachRezeption;216.53;7.72;7.72;0.00;0.00;4.79;4.79;0.00;0.00;1;1
30067;VorArzt;217.38;6.86;6.86;0.00;0.00;4.79;4.79;0.00;0.00;1;1
30067;NachArzt;224.00;0.25;0.25;0.00;0.00;0.00;0.00;0.00;;1;1
30062;Ankunft;167.88;53.28;59.81;-6.53;-10.91;5.81;5.81;0.00;0.00;1;1
30062;NachRezeption;206.93;16.43;20.76;-4.33;-20.87;4.23;4.23;-0.00;-0.00;1;1
30062;VorArzt;208.19;15.33;19.50;-4.17;-21.37;4.23;4.23;-0.00;-0.00;1;1
30062;NachArzt;227.44;0.25;0.25;0.00;0.00;0.00;0.00;0.00;;1;1
30052;Ankunft;153.28;59.45;75.35;-15.90;-21.10;7.29;7.29;0.00;0.00;1;1
30052;NachRezeption;177.14;48.85;51.49;-2.63;-5.11;6.48;6.48;0.00;0.00;1;1
30052;VorArzt;177.91;47.31;50.71;-3.41;-6.72;6.48;6.48;0.00;0.00;1;1
30052;NachArzt;185.76;42.86;42.86;0.00;0.00;1.60;1.60;-0.00;-0.00;1;1
30064;Ankunft;169.40;56.82;62.20;-5.39;-8.66;8.92;8.92;0.00;0.00;1;1
30064;NachRezeption;210.68;20.20;20.92;-0.72;-3.45;7.19;7.19;0.00;0.00;1;1
30064;VorArzt;211.51;19.37;20.09;-0.72;-3.60;7.19;7.19;0.00;0.00;1;1
30064;NachArzt;231.35;0.25;0.25;0.00;0.00;0.00;0.00;0.00;;1;1
30063;Ankunft;169.18;56.07;65.36;-9.28;-14.20;11.67;11.67;0.00;0.00;1;1
30063;NachRezeption;208.96;21.41;25.58;-4.17;-16.29;11.00;11.00;0.00;0.00;1;1
30063;VorSchwester;208.96;21.41;25.58;-4.17;-16.29;11.00;11.00;0.00;0.00;1;1
30063;NachSchwester;213.44;20.95;21.10;-0.15;-0.70;6.68;6.68;0.00;0.00;1;1
30063;VorArzt;215.39;19.17;19.15;0.02;0.10;6.68;6.68;0.00;0.00;1;1
30063;NachArzt;234.29;0.25;0.25;0.00;0.00;0.00;0.00;0.00;;1;1
30015;Ankunft;64.42;182.45;176.23;6.22;3.53;5.34;5.34;0.00;0.00;1;1
30015;NachRezeption;69.39;169.63;171.26;-1.64;-0.95;4.54;4.54;0.00;0.00;1;1
30015;VorSchwester;69.39;169.63;171.26;-1.64;-0.95;4.54;4.54;0.00;0.00;1;1
30015;NachSchwester;71.62;167.40;169.04;-1.64;-0.97;2.48;2.48;0.00;0.00;1;1
30015;VorArzt;236.12;4.53;4.53;0.00;0.00;2.48;2.48;0.00;0.00;1;1
30015;NachArzt;240.40;0.25;0.25;0.00;0.00;0.00;0.00;0.00;;1;1
30053;Ankunft;153.29;66.28;88.52;-22.24;-25.12;12.30;12.30;0.00;0.00;1;1
30053;NachRezeption;183.27;52.23;58.55;-6.32;-10.79;6.18;6.18;0.00;0.00;1;1
30053;VorArzt;183.98;51.34;57.84;-6.50;-11.24;6.18;6.18;0.00;0.00;1;1
30053;NachArzt;190.99;50.83;50.83;0.00;0.00;1.12;1.12;-0.00;-0.00;1;1
30056;Ankunft;159.50;72.98;82.45;-9.47;-11.48;14.96;14.96;0.00;0.00;1;1
30056;NachRezeption;190.95;42.12;50.99;-8.87;-17.40;13.09;13.09;-0.00;-0.00;1;1
30056;VorSchwester;190.95;42.12;50.99;-8.87;-17.40;13.09;13.09;-0.00;-0.00;1;1
30056;NachSchwester;196.97;30.57;44.98;-14.41;-32.04;7.24;7.24;-0.00;-0.00;0;1
30056;VorArzt;219.17;11.36;22.78;-11.41;-50.11;7.24;7.24;-0.00;-0.00;0;1
30056;NachArzt;241.69;0.25;0.25;0.00;0.00;0.00;0.00;0.00;;1;1
30054;Ankunft;153.62;73.04;94.64;-21.60;-22.83;8.83;8.83;0.00;0.00;1;1
30054;NachRezeption;183.87;57.27;64.39;-7.11;-11.05;8.23;8.23;0.00;0.00;1;1
30054;VorSchwester;183.87;57.27;64.39;-7.11;-11.05;8.23;8.23;0.00;0.00;1;1
30054;NachSchwester;185.06;55.27;63.20;-7.93;-12.55;7.21;7.21;0.00;0.00;1;1
30054;VorArzt;185.60;54.19;62.66;-8.47;-13.52;7.21;7.21;0.00;0.00;1;1
30054;NachArzt;196.46;51.80;51.80;0.00;0.00;1.91;1.91;-0.00;-0.00;1;1
30068;Ankunft;181.01;66.11;69.99;-3.88;-5.54;18.25;18.25;0.00;0.00;1;1
30068;NachRezeption;221.70;23.83;29.30;-5.47;-18.67;14.33;14.33;-0.00;-0.00;1;1
30068;VorSchwester;221.70;23.83;29.30;-5.47;-18.67;14.33;14.33;-0.00;-0.00;1;1
30068;NachSchwester;226.02;19.51;24.98;-5.47;-21.90;10.18;10.18;-0.00;-0.00;1;1
30068;VorArzt;228.87;21.63;22.13;-0.50;-2.26;10.18;10.18;-0.00;-0.00;1;1
30068;NachArzt;250.75;0.25;0.25;0.00;0.00;0.00;0.00;0.00;;1;1
30057;Ankunft;160.12;77.83;94.61;-16.78;-17.74;11.22;11.22;0.00;0.00;1;1
30057;NachRezeption;193.41;64.70;61.33;3.37;5.50;9.88;9.88;0.00;0.00;1;1
30057;VorSchwester;193.41;64.70;61.33;3.37;5.50;9.88;9.88;0.00;0.00;1;1
30057;NachSchwester;195.25;60.85;59.49;1.36;2.29;8.20;8.20;0.00;0.00;1;1
30057;VorArzt;195.67;60.01;59.07;0.95;1.60;8.20;8.20;0.00;0.00;1;1
30057;NachArzt;200.45;54.28;54.28;0.00;0.00;4.38;4.38;0.00;0.00;1;1
30050;Ankunft;151.92;62.19;109.28;-47.09;-43.09;14.07;14.07;0.00;0.00;0;1
30050;NachRezeption;173.98;67.56;87.22;-19.66;-22.54;12.18;12.18;0.00;0.00;1;1
30050;VorSchwester;173.98;67.56;87.22;-19.66;-22.54;12.18;12.18;0.00;0.00;1;1
30050;NachSchwester;178.24;53.14;82.96;-29.82;-35.95;8.08;8.08;0.00;0.00;0;1
30050;VorArzt;181.99;51.98;79.21;-27.23;-34.38;8.08;8.08;0.00;0.00;0;1
30050;NachArzt;203.11;58.09;58.09;0.00;0.00;4.98;4.98;-0.00;-0.00;1;1
30018;Ankunft;80.16;121.26;190.12;-68.86;-36.22;14.38;14.38;0.00;0.00;0;1
30018;NachRezeption;84.55;120.91;185.73;-64.82;-34.90;10.96;10.96;0.00;0.00;0;1
30018;VorSchwester;84.55;120.91;185.73;-64.82;-34.90;10.96;10.96;0.00;0.00;0;1
30018;NachSchwester;88.44;113.45;181.84;-68.39;-37.61;7.23;7.23;0.00;0.00;0;1
30018;VorArzt;191.52;63.84;78.76;-14.92;-18.94;7.23;7.23;0.00;0.00;1;1
30018;NachArzt;209.60;60.68;60.68;0.00;0.00;0.91;0.91;0.00;0.00;1;1
30116;Ankunft;270.34;242.73;0.00;242.73;;9.64;;;;0;0
30058;Ankunft;160.71;78.78;113.33;-34.54;-30.48;6.47;6.47;0.00;0.00;0;1
30058;NachRezeption;194.97;67.81;79.06;-11.25;-14.23;4.90;4.90;0.00;0.00;1;1
30058;VorArzt;195.80;66.89;78.23;-11.34;-14.49;4.90;4.90;0.00;0.00;1;1
30058;NachArzt;214.09;59.94;59.94;0.00;0.00;0.57;0.57;0.00;0.00;1;1
30059;Ankunft;162.31;91.77;114.24;-22.47;-19.67;11.64;11.64;0.00;0.00;1;1
30059;NachRezeption;197.08;73.21;79.46;-6.25;-7.86;9.52;9.52;0.00;0.00;1;1
30059;VorArzt;197.74;71.91;78.81;-6.90;-8.76;9.52;9.52;0.00;0.00;1;1
30059;NachArzt;219.04;57.50;57.50;0.00;0.00;1.15;1.15;-0.00;-0.00;1;1
30060;Ankunft;162.72;91.67;114.23;-22.55;-19.74;11.02;11.02;0.00;0.00;1;1
30060;NachRezeption;197.63;71.28;79.32;-8.04;-10.14;10.48;10.48;0.00;0.00;1;1
30060;VorSchwester;197.63;71.28;79.32;-8.04;-10.14;10.48;10.48;0.00;0.00;1;1
30060;NachSchwester;201.91;69.18;75.04;-5.85;-7.80;6.36;6.36;0.00;0.00;1;1
30060;VorArzt;205.49;75.52;71.45;4.07;5.69;6.36;6.36;0.00;0.00;1;1
30060;NachArzt;220.22;56.73;56.73;0.00;0.00;0.40;0.40;0.00;0.00;1;1
30017;Ankunft;75.17;200.72;201.95;-1.23;-0.61;15.23;15.23;0.00;0.00;1;1
30017;NachRezeption;81.12;186.79;196.00;-9.21;-4.70;10.47;10.47;0.00;0.00;1;1
30017;VorSchwester;81.12;186.79;196.00;-9.21;-4.70;10.47;10.47;0.00;0.00;1;1
30017;NachSchwester;86.24;181.67;190.88;-9.21;-4.83;5.53;5.53;0.00;0.00;1;1
30017;VorArzt;261.97;6.69;15.15;-8.47;-55.88;5.53;5.53;0.00;0.00;0;1
30017;NachArzt;276.87;0.25;0.25;0.00;0.00;0.00;0.00;0.00;;1;1
30066;Ankunft;172.87;101.33;107.53;-6.20;-5.77;8.74;8.74;0.00;0.00;1;1
30066;NachRezeption;215.20;68.40;65.20;3.20;4.91;5.74;5.74;0.00;0.00;1;1
30066;VorSchwester;215.20;68.40;65.20;3.20;4.91;5.74;5.74;0.00;0.00;1;1
30066;NachSchwester;217.05;65.91;63.36;2.56;4.03;4.06;4.06;0.00;0.00;1;1
30066;VorArzt;219.42;62.32;60.99;1.33;2.18;4.06;4.06;0.00;0.00;1;1
30066;NachArzt;223.04;57.36;57.36;0.00;0.00;1.40;1.40;0.00;0.00;1;1
30083;Ankunft;206.38;76.89;75.72;1.17;1.55;7.57;7.57;0.00;0.00;1;1
30083;NachRezeption;268.55;13.38;13.55;-0.17;-1.23;4.81;4.81;0.00;0.00;1;1
30083;VorArzt;270.01;11.92;12.09;-0.17;-1.38;4.81;4.81;0.00;0.00;1;1
30083;NachArzt;281.85;0.25;0.25;0.00;0.00;0.00;0.00;0.00;;1;1
30087;Ankunft;216.79;66.97;67.92;-0.95;-1.39;3.80;3.80;0.00;0.00;1;1
30087;NachRezeption;275.31;7.59;9.39;-1.80;-19.20;2.44;2.44;0.00;0.00;1;1
30087;VorArzt;277.98;6.72;6.72;0.00;0.00;2.44;2.44;0.00;0.00;1;1
30087;NachArzt;284.46;0.25;0.25;0.00;0.00;0.00;0.00;0.00;;1;1
30070;Ankunft;183.93;95.21;108.01;-12.80;-11.85;5.01;5.01;0.00;0.00;1;1
30070;NachRezeption;226.94;66.80;64.99;1.81;2.78;4.47;4.47;0.00;0.00;1;1
30070;VorSchwester;226.94;66.80;64.99;1.81;2.78;4.47;4.47;0.00;0.00;1;1
30070;NachSchwester;228.56;63.40;63.38;0.02;0.03;3.02;3.02;0.00;0.00;1;1
30070;VorArzt;229.96;62.74;61.98;0.76;1.23;3.02;3.02;0.00;0.00;1;1
30070;NachArzt;234.01;57.53;57.93;-0.40;-0.70;0.53;0.53;-0.00;-0.00;1;1
30084;Ankunft;206.66;79.08;85.41;-6.33;-7.42;9.31;9.31;0.00;0.00;1;1
30084;NachRezeption;269.01;16.25;23.05;-6.81;-29.52;8.85;8.85;0.00;0.00;1;1
30084;VorSchwester;269.01;16.25;23.05;-6.81;-29.52;8.85;8.85;0.00;0.00;1;1
30084;NachSchwester;273.24;13.66;18.83;-5.17;-27.45;4.80;4.80;-0.00;-0.00;1;1
30084;VorArzt;273.95;12.95;18.12;-5.17;-28.53;4.80;4.80;-0.00;-0.00;1;1
30084;NachArzt;291.82;0.25;0.25;0.00;0.00;0.00;0.00;0.00;;1;1
30065;Ankunft;169.71;96.45;132.07;-35.62;-26.97;9.62;9.62;0.00;0.00;1;1
30065;NachRezeption;212.20;78.44;89.59;-11.16;-12.45;8.11;8.11;0.00;0.00;1;1
30065;VorSchwester;212.20;78.44;89.59;-11.16;-12.45;8.11;8.11;0.00;0.00;1;1
30065;NachSchwester;215.71;78.16;86.07;-7.92;-9.20;4.76;4.76;0.00;0.00;1;1
30065;VorArzt;217.58;80.58;84.21;-3.63;-4.31;4.76;4.76;0.00;0.00;1;1
30065;NachArzt;237.76;61.57;64.03;-2.46;-3.84;1.17;1.17;0.00;0.00;1;1
30102;Ankunft;237.81;66.75;66.51;0.25;0.37;1.88;1.88;0.00;0.00;1;1
30102;NachRezeption;298.85;5.46;5.46;0.00;0.00;1.10;1.10;0.00;0.00;1;1
30102;VorArzt;300.83;3.49;3.49;0.00;0.00;1.10;1.10;0.00;0.00;1;1
30102;NachArzt;304.07;0.25;0.25;0.00;0.00;0.00;0.00;0.00;;1;1
30103;Ankunft;237.82;79.59;79.22;0.37;0.47;12.98;12.98;0.00;0.00;1;1
30103;NachRezeption;300.53;16.52;16.52;0.00;0.00;11.30;11.30;0.00;0.00;1;1
30103;VorSchwester;300.53;16.52;16.52;0.00;0.00;11.30;11.30;0.00;0.00;1;1
30103;NachSchwester;307.60;9.45;9.45;0.00;0.00;4.40;4.40;0.00;0.00;1;1
30103;VorArzt;309.09;7.96;7.96;0.00;0.00;4.40;4.40;0.00;0.00;1;1
30103;NachArzt;316.80;0.25;0.25;0.00;0.00;0.00;0.00;0.00;;1;1
30123;Ankunft;317.73;294.24;0.00;294.24;;15.81;;;;0;0
30071;Ankunft;189.81;102.27;130.60;-28.33;-21.69;19.39;19.39;0.00;0.00;1;1
30071;NachRezeption;236.26;79.34;84.15;-4.81;-5.72;11.67;11.67;0.00;0.00;1;1
30071;VorArzt;237.30;77.25;83.11;-5.86;-7.05;11.67;11.67;0.00;0.00;1;1
30071;NachArzt;253.07;67.34;67.34;0.00;0.00;0.47;0.47;0.00;0.00;1;1
30075;Ankunft;191.22;111.16;129.61;-18.45;-14.24;4.66;4.66;0.00;0.00;1;1
30075;NachRezeption;242.78;81.82;78.05;3.77;4.82;3.93;3.93;-0.00;-0.00;1;1
30075;VorArzt;243.30;80.78;77.53;3.25;4.19;3.93;3.93;-0.00;-0.00;1;1
30075;NachArzt;254.43;66.40;66.40;0.00;0.00;0.42;0.42;-0.00;-0.00;1;1
30077;Ankunft;192.51;114.20;131.35;-17.15;-13.05;9.03;9.03;0.00;0.00;1;1
30077;NachRezeption;244.02;83.45;79.84;3.61;4.52;8.16;8.16;0.00;0.00;1;1
30077;VorSchwester;244.02;83.45;79.84;3.61;4.52;8.16;8.16;0.00;0.00;1;1
30077;NachSchwester;246.78;78.83;77.08;1.75;2.27;5.56;5.56;0.00;0.00;1;1
30077;VorArzt;248.89;80.83;74.97;5.87;7.83;5.56;5.56;0.00;0.00;1;1
30077;NachArzt;255.76;68.10;68.10;0.00;0.00;3.03;3.03;0.00;0.00;1;1
30125;Ankunft;326.35;278.80;0.00;278.80;;7.66;;;;0;0
30126;Ankunft;326.41;237.54;0.00;237.54;;8.70;;;;0;0
30078;Ankunft;193.05;119.93;134.47;-14.54;-10.81;6.81;6.81;0.00;0.00;1;1
30078;NachRezeption;246.27;80.04;81.25;-1.21;-1.48;4.55;4.55;0.00;0.00;1;1
30078;VorArzt;247.58;81.00;79.94;1.06;1.33;4.55;4.55;0.00;0.00;1;1
30078;NachArzt;259.49;68.02;68.02;0.00;0.00;0.99;0.99;0.00;0.00;1;1
30090;Ankunft;222.87;102.06;105.07;-3.01;-2.86;5.86;5.86;0.00;0.00;1;1
30090;NachRezeption;278.92;42.39;49.02;-6.63;-13.53;4.85;4.85;0.00;0.00;1;1
30090;VorSchwester;278.92;42.39;49.02;-6.63;-13.53;4.85;4.85;0.00;0.00;1;1
30090;NachSchwester;281.88;39.29;46.06;-6.77;-14.70;2.06;2.06;0.00;0.00;1;1
30090;VorArzt;318.20;4.10;9.74;-5.64;-57.89;2.06;2.06;0.00;0.00;0;1
30090;NachArzt;327.69;0.25;0.25;0.00;0.00;0.00;0.00;0.00;;1;1
30127;Ankunft;332.15;385.14;0.00;385.14;;10.34;;;;0;0
30130;Ankunft;338.90;208.72;0.00;208.72;;12.94;;;;0;0
30072;Ankunft;189.88;115.05;150.75;-35.70;-23.68;10.51;10.51;0.00;0.00;1;1
30072;NachRezeption;237.53;83.07;103.10;-20.02;-19.42;9.24;9.24;0.00;0.00;1;1
30072;VorArzt;238.93;84.07;101.70;-17.63;-17.33;9.24;9.24;0.00;0.00;1;1
30072;NachArzt;262.71;77.92;77.92;0.00;0.00;1.12;1.12;0.00;0.00;1;1
30107;Ankunft;245.36;80.73;99.31;-18.58;-18.71;8.48;8.48;0.00;0.00;1;1
30107;NachRezeption;313.35;27.65;31.32;-3.67;-11.73;7.40;7.40;0.00;0.00;1;1
30107;VorSchwester;313.35;27.65;31.32;-3.67;-11.73;7.40;7.40;0.00;0.00;1;1
30107;NachSchwester;316.35;27.99;28.32;-0.33;-1.18;4.57;4.57;0.00;0.00;1;1
30107;VorArzt;317.23;27.27;27.44;-0.17;-0.61;4.57;4.57;0.00;0.00;1;1
30107;NachArzt;344.42;0.25;0.25;0.00;0.00;0.00;0.00;0.00;;1;1
30081;Ankunft;203.07;118.84;142.83;-23.98;-16.79;12.65;12.65;0.00;0.00;1;1
30081;NachRezeption;256.14;82.58;89.76;-7.18;-8.00;11.17;11.17;0.00;0.00;1;1
30081;VorArzt;256.31;82.23;89.58;-7.35;-8.21;11.17;11.17;0.00;0.00;1;1
30081;NachArzt;265.56;80.33;80.33;0.00;0.00;5.26;5.26;0.00;0.00;1;1
30115;Ankunft;262.68;88.71;85.12;3.59;4.22;9.98;9.98;0.00;0.00;1;1
30115;NachRezeption;339.43;8.37;8.37;0.00;0.00;4.79;4.79;0.00;0.00;1;1
30115;VorSchwester;339.43;8.37;8.37;0.00;0.00;4.79;4.79;0.00;0.00;1;1
30115;NachSchwester;341.42;6.38;6.38;0.00;0.00;2.96;2.96;0.00;0.00;1;1
30115;VorArzt;342.29;5.51;5.51;0.00;0.00;2.96;2.96;0.00;0.00;1;1
30115;NachArzt;347.55;0.25;0.25;0.00;0.00;0.00;0.00;0.00;;1;1
30080;Ankunft;199.02;122.56;148.83;-26.27;-17.65;11.73;11.73;0.00;0.00;1;1
30080;NachRezeption;250.27;88.87;97.58;-8.71;-8.93;10.26;10.26;0.00;0.00;1;1
30080;VorArzt;250.64;88.14;97.22;-9.07;-9.33;10.26;10.26;0.00;0.00;1;1
30080;NachArzt;271.18;76.68;76.68;0.00;0.00;1.96;1.96;-0.00;-0.00;1;1
30110;Ankunft;247.92;82.97;101.23;-18.25;-18.03;7.71;7.71;0.00;0.00;1;1
30110;NachRezeption;319.58;28.65;29.57;-0.92;-3.11;3.72;3.72;0.00;0.00;1;1
30110;VorArzt;319.88;28.35;29.27;-0.92;-3.15;3.72;3.72;0.00;0.00;1;1
30110;NachArzt;348.90;0.25;0.25;0.00;0.00;0.00;0.00;0.00;;1;1
30079;Ankunft;198.85;121.09;152.93;-31.84;-20.82;13.68;13.68;0.00;0.00;1;1
30079;NachRezeption;248.81;91.26;102.97;-11.72;-11.38;13.04;13.04;0.00;0.00;1;1
30079;VorSchwester;248.81;91.26;102.97;-11.72;-11.38;13.04;13.04;0.00;0.00;1;1
30079;NachSchwester;252.46;92.37;99.33;-6.95;-7.00;9.56;9.56;0.00;0.00;1;1
30079;VorArzt;253.00;91.29;98.79;-7.49;-7.58;9.56;9.56;0.00;0.00;1;1
30079;NachArzt;271.36;80.43;80.43;0.00;0.00;3.93;3.93;0.00;0.00;1;1
30111;Ankunft;252.42;87.42;100.43;-13.01;-12.96;5.17;5.17;0.00;0.00;1;1
30111;NachRezeption;319.86;29.82;33.00;-3.18;-9.63;4.89;4.89;0.00;0.00;1;1
30111;VorArzt;320.45;28.94;32.40;-3.46;-10.69;4.89;4.89;0.00;0.00;1;1
30111;NachArzt;352.60;0.25;0.25;0.00;0.00;0.00;0.00;0.00;;1;1
30082;Ankunft;204.16;135.25;149.37;-14.12;-9.45;12.32;12.32;0.00;0.00;1;1
30082;NachRezeption;265.80;93.62;87.74;5.89;6.71;7.64;7.64;0.00;0.00;1;1
30082;VorArzt;266.18;92.87;87.36;5.51;6.31;7.64;7.64;0.00;0.00;1;1
30082;NachArzt;277.41;76.12;76.12;0.00;0.00;1.75;1.75;0.00;0.00;1;1
30113;Ankunft;260.79;89.36;97.83;-8.47;-8.66;9.77;9.77;0.00;0.00;1;1
30113;NachRezeption;327.89;34.73;30.73;3.99;12.99;9.31;9.31;0.00;0.00;1;1
30113;VorArzt;328.41;34.21;30.22;3.99;13.21;9.31;9.31;0.00;0.00;1;1
30113;NachArzt;358.38;0.25;0.25;0.00;0.00;0.00;0.00;0.00;;1;1
30132;Ankunft;358.93;224.65;0.00;224.65;;11.18;;;;0;0
30088;Ankunft;221.01;123.05;139.64;-16.59;-11.88;8.67;8.67;0.00;0.00;1;1
30088;NachRezeption;277.52;91.13;83.13;8.01;9.63;8.02;8.02;0.00;0.00;1;1
30088;VorArzt;278.86;86.02;81.79;4.23;5.17;8.02;8.02;0.00;0.00;1;1
30088;NachArzt;286.85;73.79;73.79;0.00;0.00;5.78;5.78;0.00;0.00;1;1
30133;Ankunft;360.95;165.37;0.00;165.37;;19.79;;;;0;0
30085;Ankunft;207.52;151.18;154.44;-3.25;-2.11;12.55;12.55;0.00;0.00;1;1
30085;NachRezeption;269.28;99.82;92.67;7.15;7.72;12.28;12.28;0.00;0.00;1;1
30085;VorArzt;270.79;93.63;91.16;2.46;2.70;12.28;12.28;0.00;0.00;1;1
30085;NachArzt;288.55;73.40;73.40;0.00;0.00;1.31;1.31;0.00;0.00;1;1
30134;Ankunft;363.13;193.86;0.00;193.86;;8.43;;;;0;0
30073;Ankunft;190.01;150.28;173.57;-23.29;-13.42;9.94;9.94;0.00;0.00;1;1
30073;NachRezeption;240.62;111.10;122.96;-11.86;-9.65;6.86;6.86;0.00;0.00;1;1
30073;VorSchwester;240.62;111.10;122.96;-11.86;-9.65;6.86;6.86;0.00;0.00;1;1
30073;NachSchwester;244.83;103.02;118.74;-15.73;-13.24;2.80;2.80;-0.00;-0.00;1;1
30073;VorArzt;277.14;78.05;86.43;-8.38;-9.70;2.80;2.80;-0.00;-0.00;1;1
30073;NachArzt;291.35;72.22;72.22;0.00;0.00;0.17;0.17;0.00;0.00;1;1
30095;Ankunft;231.06;128.84;135.86;-7.02;-5.17;7.38;7.38;0.00;0.00;1;1
30095;NachRezeption;289.20;81.75;77.72;4.02;5.18;6.05;6.05;-0.00;-0.00;1;1
30095;VorArzt;291.38;78.57;75.54;3.03;4.01;6.05;6.05;-0.00;-0.00;1;1
30095;NachArzt;294.68;72.24;72.24;0.00;0.00;3.35;3.35;-0.00;-0.00;1;1
30091;Ankunft;223.78;129.65;144.06;-14.41;-10.00;7.84;7.84;0.00;0.00;1;1
30091;NachRezeption;282.92;85.79;84.92;0.87;1.02;5.24;5.24;0.00;0.00;1;1
30091;VorArzt;283.33;84.96;84.51;0.46;0.54;5.24;5.24;0.00;0.00;1;1
30091;NachArzt;295.85;71.99;71.99;0.00;0.00;0.91;0.91;0.00;0.00;1;1
30097;Ankunft;234.03;126.74;136.46;-9.72;-7.13;5.89;5.89;0.00;0.00;1;1
30097;NachRezeption;291.32;81.10;79.17;1.94;2.45;5.49;5.49;0.00;0.00;1;1
30097;VorArzt;292.03;80.03;78.46;1.57;2.00;5.49;5.49;0.00;0.00;1;1
30097;NachArzt;297.69;72.80;72.80;0.00;0.00;2.65;2.65;0.00;0.00;1;1
30117;Ankunft;282.12;87.12;90.88;-3.76;-4.14;7.72;7.72;0.00;0.00;1;1
30117;NachRezeption;354.78;18.05;18.22;-0.17;-0.91;6.39;6.39;0.00;0.00;1;1
30117;VorArzt;356.40;16.43;16.60;-0.17;-1.00;6.39;6.39;0.00;0.00;1;1
30117;NachArzt;372.75;0.25;0.25;0.00;0.00;0.00;0.00;0.00;;1;1
30092;Ankunft;225.37;131.58;148.33;-16.74;-11.29;13.33;13.33;0.00;0.00;1;1
30092;NachRezeption;283.88;85.67;89.81;-4.14;-4.61;12.37;12.37;-0.00;-0.00;1;1
30092;VorSchwester;283.88;85.67;89.81;-4.14;-4.61;12.37;12.37;-0.00;-0.00;1;1
30092;NachSchwester;289.83;86.35;83.87;2.49;2.96;6.59;6.59;-0.00;-0.00;1;1
30092;VorArzt;290.05;85.91;83.65;2.27;2.71;6.59;6.59;-0.00;-0.00;1;1
30092;NachArzt;302.80;70.89;70.89;0.00;0.00;1.64;1.64;-0.00;-0.00;1;1
30119;Ankunft;299.45;78.04;76.02;2.02;2.65;2.91;2.91;0.00;0.00;1;1
30119;NachRezeption;371.01;4.46;4.46;0.00;0.00;2.30;2.30;0.00;0.00;1;1
30119;VorArzt;371.95;3.52;3.52;0.00;0.00;2.30;2.30;0.00;0.00;1;1
30119;NachArzt;375.22;0.25;0.25;0.00;0.00;0.00;0.00;0.00;;1;1
30093;Ankunft;226.87;140.75;150.64;-9.89;-6.56;11.26;11.26;0.00;0.00;1;1
30093;NachRezeption;285.73;84.80;91.77;-6.97;-7.60;9.41;9.41;0.00;0.00;1;1
30093;VorArzt;287.71;86.80;89.80;-3.00;-3.34;9.41;9.41;0.00;0.00;1;1
30093;NachArzt;305.01;72.49;72.49;0.00;0.00;0.42;0.42;0.00;0.00;1;1
30101;Ankunft;236.09;133.90;144.27;-10.37;-7.19;5.39;5.39;0.00;0.00;1;1
30101;NachRezeption;298.07;89.10;82.29;6.82;8.28;4.92;4.92;0.00;0.00;1;1
30101;VorArzt;298.29;88.67;82.07;6.60;8.04;4.92;4.92;0.00;0.00;1;1
30101;NachArzt;308.04;72.31;72.31;0.00;0.00;1.11;1.11;0.00;0.00;1;1
30100;Ankunft;235.45;134.75;145.90;-11.14;-7.64;10.13;10.13;0.00;0.00;1;1
30100;NachRezeption;297.61;86.01;83.74;2.27;2.71;8.04;8.04;0.00;0.00;1;1
30100;VorArzt;299.43;85.01;81.91;3.10;3.78;8.04;8.04;0.00;0.00;1;1
30100;NachArzt;312.23;69.11;69.11;0.00;0.00;0.99;0.99;0.00;0.00;1;1
30094;Ankunft;229.35;140.85;152.32;-11.47;-7.53;16.33;16.33;0.00;0.00;1;1
30094;NachRezeption;287.87;93.24;93.80;-0.55;-0.59;14.19;14.19;-0.00;-0.00;1;1
30094;VorSchwester;287.87;93.24;93.80;-0.55;-0.59;14.19;14.19;-0.00;-0.00;1;1
30094;NachSchwester;295.20;86.51;86.47;0.04;0.05;7.02;7.02;-0.00;-0.00;1;1
30094;VorArzt;299.64;83.08;82.03;1.04;1.27;7.02;7.02;-0.00;-0.00;1;1
30094;NachArzt;314.91;66.76;66.76;0.00;0.00;0.33;0.33;-0.00;-0.00;1;1
30120;Ankunft;302.75;101.32;84.05;17.27;20.55;8.97;8.97;0.00;0.00;1;1
30120;NachRezeption;371.97;14.83;14.83;0.00;0.00;8.01;8.01;-0.00;-0.00;1;1
30120;VorArzt;373.39;13.41;13.41;0.00;0.00;8.01;8.01;-0.00;-0.00;1;1
30120;NachArzt;386.55;0.25;0.25;0.00;0.00;0.00;0.00;0.00;;1;1
30121;Ankunft;303.90;98.35;88.08;10.26;11.65;11.69;11.69;0.00;0.00;1;1
30121;NachRezeption;377.01;14.98;14.98;0.00;0.00;8.30;8.30;0.00;0.00;1;1
30121;VorSchwester;377.01;14.98;14.98;0.00;0.00;8.30;8.30;0.00;0.00;1;1
30121;NachSchwester;380.45;11.53;11.53;0.00;0.00;5.02;5.02;0.00;0.00;1;1
30121;VorArzt;381.15;10.83;10.83;0.00;0.00;5.02;5.02;0.00;0.00;1;1
30121;NachArzt;391.73;0.25;0.25;0.00;0.00;0.00;0.00;0.00;;1;1
30108;Ankunft;247.03;170.17;163.47;6.70;4.10;31.03;31.03;0.00;0.00;1;1
30108;NachRezeption;314.41;97.72;96.09;1.64;1.70;29.97;29.97;0.00;0.00;1;1
30108;VorArzt;314.64;97.26;95.86;1.40;1.46;29.97;29.97;0.00;0.00;1;1
30108;NachArzt;316.21;94.29;94.29;0.00;0.00;28.83;28.83;0.00;0.00;1;1
30106;Ankunft;241.25;150.79;172.45;-21.66;-12.56;13.53;13.53;0.00;0.00;1;1
30106;NachRezeption;312.27;79.89;101.43;-21.54;-21.23;8.96;8.96;0.00;0.00;1;1
30106;VorSchwester;312.27;79.89;101.43;-21.54;-21.23;8.96;8.96;0.00;0.00;1;1
30106;NachSchwester;315.47;73.18;98.23;-25.05;-25.50;5.92;5.92;0.00;0.00;1;1
30106;VorArzt;315.91;72.31;97.79;-25.48;-26.06;5.92;5.92;0.00;0.00;1;1
30106;NachArzt;319.83;93.88;93.88;0.00;0.00;2.47;2.47;0.00;0.00;1;1
30109;Ankunft;247.22;151.68;170.93;-19.25;-11.26;11.09;11.09;0.00;0.00;1;1
30109;NachRezeption;315.60;82.44;102.55;-20.11;-19.61;9.91;9.91;0.00;0.00;1;1
30109;VorArzt;317.47;107.69;100.68;7.02;6.97;9.91;9.91;0.00;0.00;1;1
30109;NachArzt;325.46;92.68;92.68;0.00;0.00;4.44;4.44;0.00;0.00;1;1
30124;Ankunft;318.18;103.91;101.84;2.06;2.03;2.89;2.89;0.00;0.00;1;1
30124;NachRezeption;411.15;8.87;8.87;0.00;0.00;2.16;2.16;-0.00;-0.00;1;1
30124;VorArzt;411.57;8.46;8.46;0.00;0.00;2.16;2.16;-0.00;-0.00;1;1
30124;NachArzt;419.77;0.25;0.25;0.00;0.00;0.00;0.00;0.00;;1;1
30099;Ankunft;235.33;148.04;187.01;-38.98;-20.84;26.67;26.67;0.00;0.00;1;1
30099;NachRezeption;295.52;98.50;126.83;-28.32;-22.33;24.16;24.16;-0.00;-0.00;1;1
30099;VorSchwester;295.52;98.50;126.83;-28.32;-22.33;24.16;24.16;-0.00;-0.00;1;1
30099;NachSchwester;302.58;97.94;119.77;-21.82;-18.22;17.26;17.26;-0.00;-0.00;1;1
30099;VorArzt;303.02;99.83;119.33;-19.49;-16.34;17.26;17.26;-0.00;-0.00;1;1
30099;NachArzt;330.03;92.31;92.31;0.00;0.00;4.20;4.20;0.00;0.00;1;1
30104;Ankunft;239.61;149.63;188.56;-38.93;-20.65;12.27;12.27;0.00;0.00;1;1
30104;NachRezeption;302.15;91.01;126.02;-35.01;-27.78;11.82;11.82;0.00;0.00;1;1
30104;VorArzt;303.14;91.64;125.03;-33.39;-26.71;11.82;11.82;0.00;0.00;1;1
30104;NachArzt;338.93;89.24;89.24;0.00;0.00;0.74;0.74;-0.00;-0.00;1;1
30105;Ankunft;240.13;147.03;188.45;-41.42;-21.98;15.44;15.44;0.00;0.00;1;1
30105;NachRezeption;307.70;101.88;120.88;-19.00;-15.72;9.89;9.89;0.00;0.00;1;1
30105;VorArzt;308.36;101.84;120.22;-18.38;-15.29;9.89;9.89;0.00;0.00;1;1
30105;NachArzt;339.68;88.90;88.90;0.00;0.00;0.41;0.41;-0.00;-0.00;1;1
30086;Ankunft;213.72;167.13;216.75;-49.62;-22.89;14.91;14.91;0.00;0.00;1;1
30086;NachRezeption;273.37;130.89;157.09;-26.20;-16.68;11.74;11.74;0.00;0.00;1;1
30086;VorSchwester;273.37;130.89;157.09;-26.20;-16.68;11.74;11.74;0.00;0.00;1;1
30086;NachSchwester;278.29;122.94;152.18;-29.24;-19.21;6.99;6.99;0.00;0.00;1;1
30086;VorArzt;315.04;75.09;115.43;-40.34;-34.95;6.99;6.99;0.00;0.00;0;1
30086;NachArzt;345.01;85.46;85.46;0.00;0.00;1.08;1.08;0.00;0.00;1;1
30114;Ankunft;262.10;146.27;169.00;-22.73;-13.45;11.61;11.61;0.00;0.00;1;1
30114;NachRezeption;334.24;126.74;96.86;29.87;30.84;5.26;5.26;0.00;0.00;0;1
30114;VorArzt;334.65;125.92;96.45;29.46;30.55;5.26;5.26;0.00;0.00;0;1
30114;NachArzt;357.39;73.71;73.71;0.00;0.00;0.64;0.64;0.00;0.00;1;1
30051;Ankunft;152.07;232.22;279.81;-47.59;-17.01;12.61;12.61;0.00;0.00;1;1
30051;NachRezeption;176.32;215.75;255.56;-39.81;-15.58;10.27;10.27;0.00;0.00;1;1
30051;VorSchwester;176.32;215.75;255.56;-39.81;-15.58;10.27;10.27;0.00;0.00;1;1
30051;NachSchwester;180.25;209.74;251.63;-41.89;-16.65;6.51;6.51;-0.00;-0.00;1;1
30051;VorArzt;345.95;92.96;85.94;7.03;8.18;6.51;6.51;-0.00;-0.00;1;1
30051;NachArzt;364.27;67.61;67.61;0.00;0.00;0.78;0.78;-0.00;-0.00;1;1
30112;Ankunft;258.77;156.25;175.44;-19.19;-10.94;21.18;21.18;0.00;0.00;1;1
30112;NachRezeption;326.45;126.27;107.76;18.51;17.18;18.51;18.51;0.00;0.00;1;1
30112;VorSchwester;326.45;126.27;107.76;18.51;17.18;18.51;18.51;0.00;0.00;1;1
30112;NachSchwester;334.16;124.09;100.04;24.05;24.04;10.96;10.96;0.00;0.00;1;1
30112;VorArzt;335.48;121.47;98.73;22.74;23.03;10.96;10.96;0.00;0.00;1;1
30112;NachArzt;366.20;68.01;68.01;0.00;0.00;2.32;2.32;0.00;0.00;1;1
30131;Ankunft;342.54;93.49;93.10;0.40;0.43;3.89;3.89;0.00;0.00;1;1
30131;NachRezeption;429.31;6.49;6.33;0.17;2.63;3.08;3.08;0.00;0.00;1;1
30131;VorSchwester;429.31;6.49;6.33;0.17;2.63;3.08;3.08;0.00;0.00;1;1
30131;NachSchwester;431.55;4.08;4.08;0.00;0.00;1.01;1.01;0.00;0.00;1;1
30131;VorArzt;432.27;3.36;3.36;0.00;0.00;1.01;1.01;0.00;0.00;1;1
30131;NachArzt;435.38;0.25;0.25;0.00;0.00;0.00;0.00;0.00;;1;1
30098;Ankunft;235.31;186.25;200.35;-14.11;-7.04;10.77;10.77;0.00;0.00;1;1
30098;NachRezeption;293.00;140.44;142.66;-2.22;-1.55;9.62;9.62;0.00;0.00;1;1
30098;VorSchwester;293.00;140.44;142.66;-2.22;-1.55;9.62;9.62;0.00;0.00;1;1
30098;NachSchwester;298.18;136.47;137.49;-1.02;-0.74;4.62;4.62;0.00;0.00;1;1
30098;VorArzt;349.57;88.88;86.09;2.79;3.24;4.62;4.62;0.00;0.00;1;1
30098;NachArzt;367.59;68.07;68.07;0.00;0.00;1.46;1.46;0.00;0.00;1;1
30012;Ankunft;59.17;72.46;378.09;-305.62;-80.83;12.57;12.57;0.00;0.00;0;1
30012;NachRezeption;66.75;60.32;370.51;-310.19;-83.72;12.21;12.21;0.00;0.00;0;1
30012;VorArzt;111.80;33.45;325.46;-292.01;-89.72;12.21;12.21;0.00;0.00;0;1
30012;NachArzt;378.37;58.88;58.88;0.00;0.00;1.59;1.59;0.00;0.00;1;1
30118;Ankunft;289.33;171.05;151.71;19.34;12.75;18.48;18.48;0.00;0.00;1;1
30118;NachRezeption;363.32;88.98;77.72;11.27;14.50;17.03;17.03;0.00;0.00;1;1
30118;VorSchwester;363.32;88.98;77.72;11.27;14.50;17.03;17.03;0.00;0.00;1;1
30118;NachSchwester;369.08;82.03;71.96;10.07;14.00;11.44;11.44;-0.00;-0.00;1;1
30118;VorArzt;369.67;80.85;71.37;9.48;13.28;11.44;11.44;-0.00;-0.00;1;1
30118;NachArzt;383.05;57.99;57.99;0.00;0.00;3.78;3.78;-0.00;-0.00;1;1
30043;Ankunft;137.66;272.10;303.79;-31.69;-10.43;9.74;9.74;0.00;0.00;1;1
30043;NachRezeption;153.00;255.41;288.45;-33.04;-11.46;5.44;5.44;-0.00;-0.00;1;1
30043;VorSchwester;153.00;255.41;288.45;-33.04;-11.46;5.44;5.44;-0.00;-0.00;1;1
30043;NachSchwester;154.20;261.58;287.25;-25.67;-8.94;4.41;4.41;0.00;0.00;1;1
30043;VorArzt;380.26;64.53;61.19;3.34;5.46;4.41;4.41;0.00;0.00;1;1
30043;NachArzt;387.22;54.24;54.24;0.00;0.00;0.41;0.41;0.00;0.00;1;1
30122;Ankunft;306.57;169.48;135.37;34.12;25.20;12.47;12.47;0.00;0.00;1;1
30122;NachRezeption;379.16;72.66;62.78;9.88;15.74;10.73;10.73;0.00;0.00;1;1
30122;VorSchwester;379.16;72.66;62.78;9.88;15.74;10.73;10.73;0.00;0.00;1;1
30122;NachSchwester;383.38;68.50;58.56;9.94;16.98;6.67;6.67;0.00;0.00;1;1
30122;VorArzt;383.94;67.38;58.00;9.38;16.17;6.67;6.67;0.00;0.00;1;1
30122;NachArzt;393.57;48.37;48.37;0.00;0.00;0.49;0.49;0.00;0.00;1;1
30128;Ankunft;333.54;116.28;109.32;6.96;6.37;14.67;14.67;0.00;0.00;1;1
30128;NachRezeption;425.17;16.67;17.68;-1.01;-5.70;11.76;11.76;0.00;0.00;1;1
30128;VorSchwester;425.17;16.67;17.68;-1.01;-5.70;11.76;11.76;0.00;0.00;1;1
30128;NachSchwester;430.04;11.63;12.81;-1.17;-9.17;7.05;7.05;-0.00;-0.00;1;1
30128;VorArzt;430.67;11.01;12.19;-1.17;-9.64;7.05;7.05;-0.00;-0.00;1;1
30128;NachArzt;442.60;0.25;0.25;0.00;0.00;0.00;0.00;0.00;;1;1
30045;Ankunft;143.32;53.87;300.30;-246.43;-82.06;28.51;28.51;0.00;0.00;0;1
30045;NachRezeption;156.40;74.10;287.21;-213.11;-74.20;26.40;26.40;0.00;0.00;0;1
30045;VorSchwester;156.40;74.10;287.21;-213.11;-74.20;26.40;26.40;0.00;0.00;0;1
30045;NachSchwester;169.08;74.16;274.53;-200.37;-72.99;13.88;13.88;0.00;0.00;0;1
30045;VorArzt;171.49;73.27;272.13;-198.86;-73.08;13.88;13.88;0.00;0.00;0;1
30045;NachArzt;405.94;37.67;37.67;0.00;0.00;1.67;1.67;0.00;0.00;1;1
30040;Ankunft;135.06;58.25;309.25;-251.00;-81.16;25.90;25.90;0.00;0.00;0;1
30040;NachRezeption;146.33;52.53;297.98;-245.46;-82.37;25.65;25.65;0.00;0.00;0;1
30040;VorSchwester;146.33;52.53;297.98;-245.46;-82.37;25.65;25.65;0.00;0.00;0;1
30040;NachSchwester;155.44;69.78;288.88;-219.10;-75.84;16.71;16.71;0.00;0.00;0;1
30040;VorArzt;155.71;69.23;288.60;-219.37;-76.01;16.71;16.71;0.00;0.00;0;1
30040;NachArzt;407.91;36.40;36.40;0.00;0.00;0.70;0.70;0.00;0.00;1;1
30048;Ankunft;147.69;62.81;299.89;-237.08;-79.06;24.82;24.82;0.00;0.00;0;1
30048;NachRezeption;163.12;78.66;284.46;-205.79;-72.35;24.22;24.22;0.00;0.00;0;1
30048;VorSchwester;163.12;78.66;284.46;-205.79;-72.35;24.22;24.22;0.00;0.00;0;1
30048;NachSchwester;172.90;91.60;274.68;-183.08;-66.65;14.60;14.60;0.00;0.00;0;1
30048;VorArzt;178.49;89.25;269.08;-179.84;-66.83;14.60;14.60;0.00;0.00;0;1
30048;NachArzt;417.45;30.13;30.13;0.00;0.00;3.27;3.27;0.00;0.00;1;1
30074;Ankunft;191.09;149.04;258.68;-109.64;-42.38;13.07;13.07;0.00;0.00;0;1
30074;NachRezeption;242.04;122.77;207.73;-84.96;-40.90;12.76;12.76;0.00;0.00;0;1
30074;VorArzt;242.75;121.35;207.02;-85.67;-41.38;12.76;12.76;0.00;0.00;0;1
30074;NachArzt;418.64;31.14;31.14;0.00;0.00;2.20;2.20;0.00;0.00;1;1
30076;Ankunft;192.15;154.61;258.42;-103.81;-40.17;16.57;16.57;0.00;0.00;0;1
30076;NachRezeption;243.15;131.13;207.43;-76.30;-36.78;16.20;16.20;0.00;0.00;0;1
30076;VorArzt;246.31;128.51;204.26;-75.75;-37.08;16.20;16.20;0.00;0.00;0;1
30076;NachArzt;434.21;16.37;16.37;0.00;0.00;0.80;0.80;0.00;0.00;1;1
30129;Ankunft;334.13;122.41;120.35;2.06;1.72;18.47;18.47;0.00;0.00;1;1
30129;NachRezeption;427.34;18.91;27.13;-8.23;-30.33;16.30;16.30;-0.00;-0.00;0;1
30129;VorSchwester;427.34;18.91;27.13;-8.23;-30.33;16.30;16.30;-0.00;-0.00;0;1
30129;NachSchwester;432.36;21.79;22.12;-0.33;-1.51;11.46;11.46;-0.00;-0.00;1;1
30129;VorArzt;433.30;20.85;21.18;-0.33;-1.57;11.46;11.46;-0.00;-0.00;1;1
30129;NachArzt;454.23;0.25;0.25;0.00;0.00;0.00;0.00;0.00;;1;1
30089;Ankunft;222.72;127.76;233.13;-105.37;-45.20;45.53;45.53;0.00;0.00;0;1
30089;NachRezeption;277.92;88.09;177.94;-89.85;-50.50;45.14;45.14;-0.00;-0.00;0;1
30089;VorSchwester;277.92;88.09;177.94;-89.85;-50.50;45.14;45.14;-0.00;-0.00;0;1
30089;NachSchwester;287.55;90.82;168.30;-77.48;-46.04;35.67;35.67;0.00;0.00;0;1
30089;VorArzt;287.88;90.49;167.97;-77.48;-46.13;35.67;35.67;0.00;0.00;0;1
30089;NachArzt;455.61;0.25;0.25;0.00;0.00;0.00;0.00;0.00;;1;1
30096;Ankunft;233.16;162.95;236.69;-73.74;-31.15;23.15;23.15;0.00;0.00;0;1
30096;NachRezeption;290.92;160.27;178.93;-18.67;-10.43;21.44;21.44;0.00;0.00;1;1
30096;VorSchwester;290.92;160.27;178.93;-18.67;-10.43;21.44;21.44;0.00;0.00;1;1
30096;NachSchwester;298.69;163.55;171.16;-7.61;-4.44;13.83;13.83;0.00;0.00;1;1
30096;VorArzt;298.95;163.68;170.90;-7.22;-4.23;13.83;13.83;0.00;0.00;1;1
30096;NachArzt;468.68;1.18;1.18;0.00;0.00;0.93;0.93;0.00;0.00;1;1
30069;Ankunft;182.99;129.15;287.40;-158.25;-55.06;29.06;29.06;0.00;0.00;0;1
30069;NachRezeption;226.41;82.59;243.98;-161.39;-66.15;24.35;24.35;-0.00;-0.00;0;1
30069;VorSchwester;226.41;82.59;243.98;-161.39;-66.15;24.35;24.35;-0.00;-0.00;0;1
30069;NachSchwester;235.18;73.82;235.21;-161.39;-68.62;15.74;15.74;-0.00;-0.00;0;1
30069;VorArzt;292.84;52.15;177.55;-125.40;-70.63;15.74;15.74;-0.00;-0.00;0;1
30069;NachArzt;470.14;0.25;0.25;0.00;0.00;0.00;0.00;0.00;;1;1
40002;Ankunft;0.00;9.96;9.14;0.82;8.99;5.33;5.33;0.00;0.00;1;1
40002;NachRezeption;1.96;7.17;7.17;0.00;0.00;4.50;4.50;0.00;0.00;1;1
40002;VorSchwester;1.96;7.17;7.17;0.00;0.00;4.50;4.50;0.00;0.00;1;1
40002;NachSchwester;4.14;5.00;5.00;0.00;0.00;2.49;2.49;0.00;0.00;1;1
40002;VorArzt;6.23;2.91;2.91;0.00;0.00;2.49;2.49;0.00;0.00;1;1
40002;NachArzt;8.89;0.25;0.25;0.00;0.00;0.00;0.00;0.00;;1;1
40001;Ankunft;0.00;19.75;19.52;0.23;1.20;13.30;13.30;0.00;0.00;1;1
40001;NachRezeption;1.13;19.22;18.39;0.83;4.52;12.25;12.25;0.00;0.00;1;1
40001;VorSchwester;1.13;19.22;18.39;0.83;4.52;12.25;12.25;0.00;0.00;1;1
40001;NachSchwester;5.80;13.72;13.72;0.00;0.00;7.75;7.75;0.00;0.00;1;1
40001;VorArzt;11.35;8.17;8.17;0.00;0.00;7.75;7.75;0.00;0.00;1;1
40001;NachArzt;18.49;1.03;1.03;0.00;0.00;0.78;0.78;-0.00;-0.00;1;1
40007;Ankunft;34.45;10.50;10.50;0.00;0.00;7.92;7.92;0.00;0.00;1;1
40007;NachRezeption;36.45;8.50;8.50;0.00;0.00;6.00;6.00;0.00;0.00;1;1
40007;VorArzt;38.54;6.42;6.42;0.00;0.00;6.00;6.00;0.00;0.00;1;1
40007;NachArzt;44.70;0.25;0.25;0.00;0.00;0.00;0.00;0.00;;1;1
40008;Ankunft;35.27;12.15;12.15;0.00;0.00;8.03;8.03;0.00;0.00;1;1
40008;NachRezeption;38.77;8.64;8.64;0.00;0.00;5.70;5.70;0.00;0.00;1;1
40008;VorArzt;41.30;6.12;6.12;0.00;0.00;5.70;5.70;0.00;0.00;1;1
40008;NachArzt;47.16;0.25;0.25;0.00;0.00;0.00;0.00;0.00;;1;1
40009;Ankunft;38.90;21.05;9.30;11.75;126.29;7.31;7.31;0.00;0.00;0;1
40009;NachRezeption;40.49;7.72;7.72;0.00;0.00;5.81;5.81;-0.00;-0.00;1;1
40009;VorSchwester;40.49;7.72;7.72;0.00;0.00;5.81;5.81;-0.00;-0.00;1;1
40009;NachSchwester;43.65;4.55;4.55;0.00;0.00;2.81;2.81;-0.00;-0.00;1;1
40009;VorArzt;44.97;3.23;3.23;0.00;0.00;2.81;2.81;-0.00;-0.00;1;1
40009;NachArzt;47.95;0.25;0.25;0.00;0.00;0.00;0.00;0.00;;1;1
40010;Ankunft;41.76;11.91;11.94;-0.02;-0.19;10.40;10.40;0.00;0.00;1;1
40010;NachRezeption;46.13;7.56;7.56;0.00;0.00;6.11;6.11;0.00;0.00;1;1
40010;VorArzt;47.14;6.55;6.55;0.00;0.00;6.11;6.11;0.00;0.00;1;1
40010;NachArzt;53.44;0.25;0.25;0.00;0.00;0.00;0.00;0.00;;1;1
40011;Ankunft;49.49;13.37;13.03;0.35;2.66;11.62;11.62;0.00;0.00;1;1
40011;NachRezeption;50.26;12.26;12.26;0.00;0.00;10.93;10.93;-0.00;-0.00;1;1
40011;VorSchwester;50.26;12.26;12.26;0.00;0.00;10.93;10.93;-0.00;-0.00;1;1
40011;NachSchwester;55.83;6.69;6.69;0.00;0.00;5.53;5.53;-0.00;-0.00;1;1
40011;VorArzt;56.58;5.95;5.95;0.00;0.00;5.53;5.53;-0.00;-0.00;1;1
40011;NachArzt;62.27;0.25;0.25;0.00;0.00;0.00;0.00;0.00;;1;1
40004;Ankunft;16.56;58.06;56.36;1.70;3.01;13.64;13.64;0.00;0.00;1;1
40004;NachRezeption;17.72;55.21;55.21;0.00;0.00;12.57;12.57;0.00;0.00;1;1
40004;VorSchwester;17.72;55.21;55.21;0.00;0.00;12.57;12.57;0.00;0.00;1;1
40004;NachSchwester;23.43;49.50;49.50;0.00;0.00;7.02;7.02;0.00;0.00;1;1
40004;VorArzt;65.49;7.44;7.44;0.00;0.00;7.02;7.02;0.00;0.00;1;1
40004;NachArzt;72.68;0.25;0.25;0.00;0.00;0.00;0.00;0.00;;1;1
40003;Ankunft;7.15;73.91;72.96;0.95;1.31;30.90;30.90;0.00;0.00;1;1
40003;NachRezeption;8.46;71.65;71.65;0.00;0.00;29.68;29.68;0.00;0.00;1;1
40003;VorSchwester;8.46;71.65;71.65;0.00;0.00;29.68;29.68;0.00;0.00;1;1
40003;NachSchwester;18.98;61.12;61.12;0.00;0.00;19.32;19.32;0.00;0.00;1;1
40003;VorArzt;60.37;19.73;19.73;0.00;0.00;19.32;19.32;0.00;0.00;1;1
40003;NachArzt;79.86;0.25;0.25;0.00;0.00;0.00;0.00;0.00;;1;1
40016;Ankunft;66.33;15.43;17.31;-1.88;-10.89;12.16;12.16;0.00;0.00;1;1
40016;NachRezeption;74.25;9.56;9.39;0.17;1.77;4.32;4.32;-0.00;-0.00;1;1
40016;VorSchwester;74.25;9.56;9.39;0.17;1.77;4.32;4.32;-0.00;-0.00;1;1
40016;NachSchwester;75.37;8.27;8.27;0.00;0.00;3.37;3.37;-0.00;-0.00;1;1
40016;VorArzt;76.44;7.20;7.20;0.00;0.00;3.37;3.37;-0.00;-0.00;1;1
40016;NachArzt;83.39;0.25;0.25;0.00;0.00;0.00;0.00;0.00;;1;1
40006;Ankunft;29.40;80.69;66.19;14.50;21.91;15.04;15.04;0.00;0.00;1;1
40006;NachRezeption;31.00;64.44;64.59;-0.15;-0.23;13.53;13.53;0.00;0.00;1;1
40006;VorSchwester;31.00;64.44;64.59;-0.15;-0.23;13.53;13.53;0.00;0.00;1;1
40006;NachSchwester;34.45;60.99;61.14;-0.15;-0.24;10.24;10.24;0.00;0.00;1;1
40006;VorArzt;84.78;10.81;10.81;0.00;0.00;10.24;10.24;0.00;0.00;1;1
40006;NachArzt;95.34;0.25;0.25;0.00;0.00;0.00;0.00;0.00;;1;1
40014;Ankunft;59.47;33.12;36.82;-3.70;-10.06;25.93;25.93;0.00;0.00;1;1
40014;NachRezeption;65.56;26.01;30.74;-4.73;-15.38;25.19;25.19;-0.00;-0.00;1;1
40014;VorSchwester;65.56;26.01;30.74;-4.73;-15.38;25.19;25.19;-0.00;-0.00;1;1
40014;NachSchwester;78.43;17.69;17.86;-0.17;-0.93;12.48;12.48;0.00;0.00;1;1
40014;VorArzt;78.67;17.46;17.63;-0.17;-0.95;12.48;12.48;0.00;0.00;1;1
40014;NachArzt;96.04;0.25;0.25;0.00;0.00;0.00;0.00;0.00;;1;1
40013;Ankunft;57.58;40.24;39.63;0.61;1.54;21.40;21.40;0.00;0.00;1;1
40013;NachRezeption;64.82;23.75;32.39;-8.64;-26.67;19.68;19.68;-0.00;-0.00;1;1
40013;VorSchwester;64.82;23.75;32.39;-8.64;-26.67;19.68;19.68;-0.00;-0.00;1;1
40013;NachSchwester;70.73;32.01;26.47;5.54;20.92;13.93;13.93;-0.00;-0.00;1;1
40013;VorArzt;71.59;32.17;25.61;6.56;25.60;13.93;13.93;-0.00;-0.00;1;1
40013;NachArzt;84.93;12.28;12.28;0.00;0.00;1.85;1.85;-0.00;-0.00;1;1
40019;Ankunft;70.01;37.43;35.26;2.17;6.15;5.06;5.06;0.00;0.00;1;1
40019;NachRezeption;86.45;24.57;18.82;5.75;30.55;3.89;3.89;-0.00;-0.00;0;1
40019;VorArzt;87.05;23.37;18.22;5.15;28.27;3.89;3.89;-0.00;-0.00;1;1
40019;NachArzt;98.89;6.38;6.38;0.00;0.00;0.50;0.50;-0.00;-0.00;1;1
40028;Ankunft;90.73;15.55;15.09;0.46;3.03;5.52;5.52;0.00;0.00;1;1
40028;NachRezeption;98.52;7.48;7.31;0.17;2.28;4.44;4.44;0.00;0.00;1;1
40028;VorSchwester;98.52;7.48;7.31;0.17;2.28;4.44;4.44;0.00;0.00;1;1
40028;NachSchwester;99.83;6.00;6.00;0.00;0.00;3.30;3.30;0.00;0.00;1;1
40028;VorArzt;101.45;4.37;4.37;0.00;0.00;3.30;3.30;0.00;0.00;1;1
40028;NachArzt;105.57;0.25;0.25;0.00;0.00;0.00;0.00;0.00;;1;1
40021;Ankunft;72.17;47.90;40.35;7.56;18.73;11.71;11.71;0.00;0.00;1;1
40021;NachRezeption;90.17;20.75;22.35;-1.60;-7.16;9.87;9.87;0.00;0.00;1;1
40021;VorSchwester;90.95;20.28;21.57;-1.29;-6.00;9.87;9.87;0.00;0.00;1;1
40021;NachSchwester;93.59;15.35;18.93;-3.57;-18.88;7.56;7.56;-0.00;-0.00;1;1
40021;VorArzt;95.35;17.31;17.16;0.14;0.84;7.56;7.56;-0.00;-0.00;1;1
40021;NachArzt;102.11;10.41;10.41;0.00;0.00;1.66;1.66;0.00;0.00;1;1
40020;Ankunft;71.20;30.94;48.47;-17.53;-36.16;12.80;12.80;0.00;0.00;0;1
40020;NachRezeption;88.33;18.37;31.34;-12.96;-41.37;10.92;10.92;0.00;0.00;0;1
40020;VorSchwester;88.33;18.37;31.34;-12.96;-41.37;10.92;10.92;0.00;0.00;0;1
40020;NachSchwester;92.73;18.39;26.94;-8.54;-31.72;6.69;6.69;-0.00;-0.00;0;1
40020;VorArzt;93.48;17.64;26.18;-8.54;-32.63;6.69;6.69;-0.00;-0.00;0;1
40020;NachArzt;119.42;0.25;0.25;0.00;0.00;0.00;0.00;0.00;;1;1
40031;Ankunft;95.13;26.68;28.13;-1.44;-5.13;8.19;8.19;0.00;0.00;1;1
40031;NachRezeption;104.68;15.73;18.57;-2.84;-15.29;6.68;6.68;0.00;0.00;1;1
40031;VorArzt;105.06;14.99;18.20;-3.21;-17.65;6.68;6.68;0.00;0.00;1;1
40031;NachArzt;108.08;15.18;15.18;0.00;0.00;4.34;4.34;-0.00;-0.00;1;1
40015;Ankunft;64.03;47.74;65.15;-17.41;-26.72;22.62;22.62;0.00;0.00;1;1
40015;NachRezeption;66.36;43.88;62.82;-18.94;-30.14;21.81;21.81;0.00;0.00;0;1
40015;VorSchwester;75.91;50.74;53.27;-2.53;-4.75;21.81;21.81;0.00;0.00;1;1
40015;NachSchwester;80.25;46.88;48.93;-2.05;-4.19;17.63;17.63;0.00;0.00;1;1
40015;VorArzt;92.19;27.52;36.99;-9.47;-25.60;17.63;17.63;0.00;0.00;1;1
40015;NachArzt;112.56;16.62;16.62;0.00;0.00;4.13;4.13;0.00;0.00;1;1
40022;Ankunft;74.26;43.82;58.80;-14.98;-25.48;8.20;8.20;0.00;0.00;1;1
40022;NachRezeption;92.31;19.08;40.74;-21.66;-53.16;6.05;6.05;0.00;0.00;0;1
40022;VorArzt;92.48;18.75;40.58;-21.83;-53.79;6.05;6.05;0.00;0.00;0;1
40022;NachArzt;113.54;19.51;19.51;0.00;0.00;0.76;0.76;-0.00;-0.00;1;1
40025;Ankunft;79.64;42.33;60.66;-18.33;-30.23;10.41;10.41;0.00;0.00;0;1
40025;NachRezeption;94.16;34.36;46.14;-11.78;-25.53;10.07;10.07;0.00;0.00;1;1
40025;VorArzt;95.66;36.24;44.64;-8.41;-18.83;10.07;10.07;0.00;0.00;1;1
40025;NachArzt;122.73;17.57;17.57;0.00;0.00;1.04;1.04;-0.00;-0.00;1;1
40033;Ankunft;101.11;32.09;39.24;-7.15;-18.21;9.97;9.97;0.00;0.00;1;1
40033;NachRezeption;109.16;31.98;31.18;0.80;2.56;6.60;6.60;0.00;0.00;1;1
40033;VorArzt;110.71;30.43;29.63;0.80;2.70;6.60;6.60;0.00;0.00;1;1
40033;NachArzt;140.10;0.25;0.25;0.00;0.00;0.00;0.00;0.00;;1;1
40034;Ankunft;101.36;33.75;43.56;-9.81;-22.52;11.29;11.29;0.00;0.00;1;1
40034;NachRezeption;110.78;31.73;34.15;-2.42;-7.09;9.68;9.68;0.00;0.00;1;1
40034;VorSchwester;110.78;31.73;34.15;-2.42;-7.09;9.68;9.68;0.00;0.00;1;1
40034;NachSchwester;112.14;28.83;32.78;-3.96;-12.06;8.48;8.48;0.00;0.00;1;1
40034;VorArzt;114.91;31.47;30.02;1.45;4.84;8.48;8.48;0.00;0.00;1;1
40034;NachArzt;124.91;20.01;20.01;0.00;0.00;3.15;3.15;0.00;0.00;1;1
40035;Ankunft;106.44;32.61;39.30;-6.68;-17.01;10.47;10.47;0.00;0.00;1;1
40035;NachRezeption;113.74;34.45;32.00;2.45;7.66;9.17;9.17;0.00;0.00;1;1
40035;VorSchwester;113.74;34.45;32.00;2.45;7.66;9.17;9.17;0.00;0.00;1;1
40035;NachSchwester;117.85;30.20;27.89;2.32;8.30;5.22;5.22;0.00;0.00;1;1
40035;VorArzt;118.50;29.55;27.24;2.32;8.50;5.22;5.22;0.00;0.00;1;1
40035;NachArzt;145.49;0.25;0.25;0.00;0.00;0.00;0.00;0.00;;1;1
40037;Ankunft;107.29;29.92;38.57;-8.65;-22.43;8.24;8.24;0.00;0.00;1;1
40037;NachRezeption;118.84;22.41;27.02;-4.61;-17.07;4.02;4.02;0.00;0.00;1;1
40037;VorSchwester;118.84;22.41;27.02;-4.61;-17.07;4.02;4.02;0.00;0.00;1;1
40037;NachSchwester;120.04;25.22;25.82;-0.59;-2.29;2.98;2.98;0.00;0.00;1;1
40037;VorArzt;122.24;20.82;23.62;-2.79;-11.82;2.98;2.98;0.00;0.00;1;1
40037;NachArzt;124.95;20.91;20.91;0.00;0.00;0.93;0.93;0.00;0.00;1;1
40036;Ankunft;106.46;33.07;41.10;-8.03;-19.54;11.41;11.41;0.00;0.00;1;1
40036;NachRezeption;114.61;32.80;32.95;-0.15;-0.46;10.53;10.53;0.00;0.00;1;1
40036;VorSchwester;114.61;32.80;32.95;-0.15;-0.46;10.53;10.53;0.00;0.00;1;1
40036;NachSchwester;120.89;32.11;26.67;5.43;20.38;4.42;4.42;-0.00;-0.00;1;1
40036;VorArzt;123.24;29.79;24.32;5.47;22.49;4.42;4.42;-0.00;-0.00;1;1
40036;NachArzt;147.31;0.25;0.25;0.00;0.00;0.00;0.00;0.00;;1;1
40023;Ankunft;77.85;57.79;72.85;-15.07;-20.68;5.57;5.57;0.00;0.00;1;1
40023;NachRezeption;93.08;42.55;57.62;-15.07;-26.15;4.80;4.80;0.00;0.00;1;1
40023;VorArzt;130.42;8.13;20.28;-12.16;-59.94;4.80;4.80;0.00;0.00;0;1
40023;NachArzt;150.45;0.25;0.25;0.00;0.00;0.00;0.00;0.00;;1;1
40038;Ankunft;110.02;47.15;43.38;3.77;8.70;13.83;13.83;0.00;0.00;1;1
40038;NachRezeption;124.96;31.15;28.43;2.72;9.56;12.04;12.04;0.00;0.00;1;1
40038;VorSchwester;124.96;31.15;28.43;2.72;9.56;12.04;12.04;0.00;0.00;1;1
40038;NachSchwester;131.51;31.44;21.89;9.55;43.62;5.67;5.67;0.00;0.00;0;1
40038;VorArzt;131.71;31.24;21.69;9.55;44.02;5.67;5.67;0.00;0.00;0;1
40038;NachArzt;153.15;0.25;0.25;0.00;0.00;0.00;0.00;0.00;;1;1
40045;Ankunft;127.10;25.40;26.63;-1.23;-4.61;4.16;4.16;0.00;0.00;1;1
40045;NachRezeption;147.82;5.91;5.91;0.00;0.00;2.86;2.86;0.00;0.00;1;1
40045;VorArzt;148.00;5.73;5.73;0.00;0.00;2.86;2.86;0.00;0.00;1;1
40045;NachArzt;153.48;0.25;0.25;0.00;0.00;0.00;0.00;0.00;;1;1
40026;Ankunft;84.78;51.36;77.37;-26.01;-33.62;27.45;27.45;0.00;0.00;0;1
40026;NachRezeption;95.27;47.67;66.87;-19.20;-28.71;26.34;26.34;0.00;0.00;1;1
40026;VorSchwester;95.27;47.67;66.87;-19.20;-28.71;26.34;26.34;0.00;0.00;1;1
40026;NachSchwester;102.76;47.94;59.39;-11.45;-19.28;19.02;19.02;0.00;0.00;1;1
40026;VorArzt;104.41;44.64;57.74;-13.10;-22.68;19.02;19.02;0.00;0.00;1;1
40026;NachArzt;129.89;32.26;32.26;0.00;0.00;14.25;14.25;0.00;0.00;1;1
40027;Ankunft;89.77;34.93;75.44;-40.51;-53.70;10.55;10.55;0.00;0.00;0;1
40027;NachRezeption;97.43;34.57;67.78;-33.21;-49.00;10.24;10.24;0.00;0.00;0;1
40027;VorArzt;99.63;31.29;65.59;-34.30;-52.30;10.24;10.24;0.00;0.00;0;1
40027;NachArzt;133.33;31.88;31.88;0.00;0.00;1.99;1.99;-0.00;-0.00;1;1
40041;Ankunft;116.99;46.48;50.54;-4.06;-8.04;5.55;5.55;0.00;0.00;1;1
40041;NachRezeption;133.79;37.12;33.74;3.38;10.02;4.74;4.74;0.00;0.00;1;1
40041;VorArzt;134.75;28.65;32.77;-4.12;-12.58;4.74;4.74;0.00;0.00;1;1
40041;NachArzt;167.28;0.25;0.25;0.00;0.00;0.00;0.00;0.00;;1;1
40012;Ankunft;57.36;111.24;112.36;-1.12;-1.00;16.10;16.10;0.00;0.00;1;1
40012;NachRezeption;63.10;82.92;106.62;-23.70;-22.23;10.45;10.45;-0.00;-0.00;1;1
40012;VorSchwester;63.10;82.92;106.62;-23.70;-22.23;10.45;10.45;-0.00;-0.00;1;1
40012;NachSchwester;67.71;78.31;102.01;-23.70;-23.23;6.00;6.00;0.00;0.00;1;1
40012;VorArzt;139.60;6.91;30.12;-23.21;-77.06;6.00;6.00;0.00;0.00;0;1
40012;NachArzt;169.47;0.25;0.25;0.00;0.00;0.00;0.00;0.00;;1;1
40032;Ankunft;99.21;46.63;72.11;-25.48;-35.33;12.59;12.59;0.00;0.00;0;1
40032;NachRezeption;105.79;40.42;65.52;-25.11;-38.32;11.98;11.98;0.00;0.00;0;1
40032;VorArzt;106.10;39.81;65.22;-25.41;-38.96;11.98;11.98;0.00;0.00;0;1
40032;NachArzt;135.93;35.39;35.39;0.00;0.00;6.10;6.10;0.00;0.00;1;1
40030;Ankunft;94.52;38.33;80.79;-42.46;-52.56;15.53;15.53;0.00;0.00;0;1
40030;NachRezeption;103.17;40.13;72.13;-31.99;-44.36;12.33;12.33;0.00;0.00;0;1
40030;VorSchwester;103.17;40.13;72.13;-31.99;-44.36;12.33;12.33;0.00;0.00;0;1
40030;NachSchwester;108.02;38.37;67.28;-28.91;-42.97;7.65;7.65;0.00;0.00;0;1
40030;VorArzt;114.03;48.39;61.28;-12.89;-21.03;7.65;7.65;0.00;0.00;1;1
40030;NachArzt;142.73;32.57;32.57;0.00;0.00;1.02;1.02;0.00;0.00;1;1
40042;Ankunft;119.00;48.00;57.73;-9.73;-16.86;12.39;12.39;0.00;0.00;1;1
40042;NachRezeption;139.18;37.53;37.55;-0.02;-0.06;7.00;7.00;0.00;0.00;1;1
40042;VorSchwester;139.18;37.53;37.55;-0.02;-0.06;7.00;7.00;0.00;0.00;1;1
40042;NachSchwester;142.10;34.09;34.64;-0.54;-1.57;4.25;4.25;0.00;0.00;1;1
40042;VorArzt;142.51;33.68;34.23;-0.54;-1.59;4.25;4.25;0.00;0.00;1;1
40042;NachArzt;176.48;0.25;0.25;0.00;0.00;0.00;0.00;0.00;;1;1
40024;Ankunft;78.15;102.04;108.12;-6.08;-5.62;12.60;12.60;0.00;0.00;1;1
40024;NachRezeption;93.82;78.99;92.45;-13.46;-14.56;11.86;11.86;0.00;0.00;1;1
40024;VorSchwester;93.82;78.99;92.45;-13.46;-14.56;11.86;11.86;0.00;0.00;1;1
40024;NachSchwester;99.55;73.26;86.72;-13.46;-15.52;6.30;6.30;0.00;0.00;1;1
40024;VorArzt;166.09;10.09;20.18;-10.08;-49.98;6.30;6.30;0.00;0.00;0;1
40024;NachArzt;186.02;0.25;0.25;0.00;0.00;0.00;0.00;0.00;;1;1
40040;Ankunft;113.35;74.89;76.04;-1.15;-1.51;11.42;11.42;0.00;0.00;1;1
40040;NachRezeption;132.21;71.35;57.17;14.18;24.80;10.27;10.27;0.00;0.00;1;1
40040;VorArzt;134.19;64.45;55.19;9.27;16.79;10.27;10.27;0.00;0.00;1;1
40040;NachArzt;162.37;27.01;27.01;0.00;0.00;1.54;1.54;0.00;0.00;1;1
40050;Ankunft;144.37;66.78;48.03;18.75;39.04;6.77;6.77;0.00;0.00;0;1
40050;NachRezeption;176.03;20.39;16.37;4.02;24.58;5.96;5.96;0.00;0.00;1;1
40050;VorArzt;177.31;19.11;15.09;4.02;26.67;5.96;5.96;0.00;0.00;1;1
40050;NachArzt;192.15;0.25;0.25;0.00;0.00;0.00;0.00;0.00;;1;1
40051;Ankunft;144.86;66.46;53.52;12.94;24.17;9.73;9.73;0.00;0.00;1;1
40051;NachRezeption;176.85;25.56;21.53;4.02;18.69;8.90;8.90;0.00;0.00;1;1
40051;VorSchwester;176.85;25.56;21.53;4.02;18.69;8.90;8.90;0.00;0.00;1;1
40051;NachSchwester;180.10;18.12;18.29;-0.17;-0.91;5.82;5.82;0.00;0.00;1;1
40051;VorArzt;182.58;15.64;15.81;-0.17;-1.05;5.82;5.82;0.00;0.00;1;1
40051;NachArzt;198.14;0.25;0.25;0.00;0.00;0.00;0.00;0.00;;1;1
40039;Ankunft;113.18;74.88;86.18;-11.30;-13.11;15.63;15.63;0.00;0.00;1;1
40039;NachRezeption;131.06;66.61;68.30;-1.68;-2.47;13.67;13.67;0.00;0.00;1;1
40039;VorArzt;133.05;63.71;66.31;-2.60;-3.92;13.67;13.67;0.00;0.00;1;1
40039;NachArzt;163.30;32.02;36.05;-4.03;-11.18;3.68;3.68;-0.00;-0.00;1;1
40043;Ankunft;123.63;84.06;77.81;6.25;8.03;21.08;21.08;0.00;0.00;1;1
40043;NachRezeption;141.69;55.87;59.74;-3.87;-6.48;19.61;19.61;0.00;0.00;1;1
40043;VorSchwester;141.69;55.87;59.74;-3.87;-6.48;19.61;19.61;0.00;0.00;1;1
40043;NachSchwester;150.22;41.04;51.22;-10.18;-19.87;11.25;11.25;0.00;0.00;1;1
40043;VorArzt;178.72;11.75;22.72;-10.97;-48.30;11.25;11.25;0.00;0.00;0;1
40043;NachArzt;201.18;0.25;0.25;0.00;0.00;0.00;0.00;0.00;;1;1
40046;Ankunft;132.17;69.41;73.99;-4.58;-6.19;6.02;6.02;0.00;0.00;1;1
40046;NachRezeption;162.56;37.40;43.60;-6.20;-14.23;5.53;5.53;0.00;0.00;1;1
40046;VorArzt;165.25;45.16;40.91;4.25;10.39;5.53;5.53;0.00;0.00;1;1
40046;NachArzt;172.07;34.09;34.09;0.00;0.00;0.90;0.90;0.00;0.00;1;1
40063;Ankunft;169.26;40.16;39.59;0.57;1.44;3.36;3.36;0.00;0.00;1;1
40063;NachRezeption;203.51;5.34;5.34;0.00;0.00;3.13;3.13;0.00;0.00;1;1
40063;VorArzt;205.22;3.63;3.63;0.00;0.00;3.13;3.13;0.00;0.00;1;1
40063;NachArzt;208.60;0.25;0.25;0.00;0.00;0.00;0.00;0.00;;1;1
40047;Ankunft;132.43;74.77;77.93;-3.16;-4.05;10.15;10.15;0.00;0.00;1;1
40047;NachRezeption;163.14;41.84;47.22;-5.38;-11.38;9.57;9.57;0.00;0.00;1;1
40047;VorSchwester;163.14;41.84;47.22;-5.38;-11.38;9.57;9.57;0.00;0.00;1;1
40047;NachSchwester;166.21;47.43;44.16;3.27;7.40;6.68;6.68;0.00;0.00;1;1
40047;VorArzt;166.88;46.07;43.48;2.59;5.95;6.68;6.68;0.00;0.00;1;1
40047;NachArzt;172.11;38.25;38.25;0.00;0.00;4.20;4.20;0.00;0.00;1;1
40005;Ankunft;20.71;140.51;197.27;-56.76;-28.77;15.17;15.17;0.00;0.00;1;1
40005;NachRezeption;21.68;136.84;196.29;-59.46;-30.29;14.28;14.28;0.00;0.00;0;1
40005;VorSchwester;21.68;136.84;196.29;-59.46;-30.29;14.28;14.28;0.00;0.00;0;1
40005;NachSchwester;27.96;130.55;190.01;-59.46;-31.29;8.16;8.16;0.00;0.00;0;1
40005;VorArzt;149.94;40.31;68.03;-27.72;-40.75;8.16;8.16;0.00;0.00;0;1
40005;NachArzt;178.79;39.18;39.18;0.00;0.00;1.65;1.65;-0.00;-0.00;1;1
40048;Ankunft;141.49;68.65;78.41;-9.76;-12.45;7.10;7.10;0.00;0.00;1;1
40048;NachRezeption;173.50;47.04;46.40;0.64;1.37;4.83;4.83;0.00;0.00;1;1
40048;VorArzt;174.15;47.81;45.75;2.06;4.51;4.83;4.83;0.00;0.00;1;1
40048;NachArzt;179.56;40.34;40.34;0.00;0.00;1.93;1.93;0.00;0.00;1;1
40044;Ankunft;126.99;67.91;93.51;-25.60;-27.38;8.70;8.70;0.00;0.00;1;1
40044;NachRezeption;146.52;63.27;73.99;-10.71;-14.48;7.95;7.95;0.00;0.00;1;1
40044;VorSchwester;146.52;63.27;73.99;-10.71;-14.48;7.95;7.95;0.00;0.00;1;1
40044;NachSchwester;150.42;55.64;70.08;-14.44;-20.61;4.22;4.22;0.00;0.00;1;1
40044;VorArzt;150.76;54.96;69.74;-14.78;-21.19;4.22;4.22;0.00;0.00;1;1
40044;NachArzt;182.57;37.93;37.93;0.00;0.00;0.60;0.60;0.00;0.00;1;1
40049;Ankunft;142.24;101.81;85.44;16.37;19.16;8.05;8.05;0.00;0.00;1;1
40049;NachRezeption;174.20;63.06;53.48;9.57;17.90;7.35;7.35;0.00;0.00;1;1
40049;VorArzt;174.46;62.52;53.22;9.31;17.49;7.35;7.35;0.00;0.00;1;1
40049;NachArzt;189.77;37.91;37.91;0.00;0.00;0.33;0.33;0.00;0.00;1;1
40061;Ankunft;164.25;62.74;63.45;-0.71;-1.12;13.09;13.09;0.00;0.00;1;1
40061;NachRezeption;202.44;16.67;25.26;-8.59;-34.00;12.75;12.75;0.00;0.00;0;1
40061;VorSchwester;202.44;16.67;25.26;-8.59;-34.00;12.75;12.75;0.00;0.00;0;1
40061;NachSchwester;208.84;18.69;18.86;-0.17;-0.88;6.52;6.52;0.00;0.00;1;1
40061;VorArzt;209.14;13.54;18.56;-5.02;-27.04;6.52;6.52;0.00;0.00;1;1
40061;NachArzt;227.45;0.25;0.25;0.00;0.00;0.00;0.00;0.00;;1;1
40068;Ankunft;174.88;62.90;56.39;6.51;11.54;9.25;9.25;0.00;0.00;1;1
40068;NachRezeption;215.71;15.39;15.56;-0.17;-1.07;7.91;7.91;0.00;0.00;1;1
40068;VorArzt;216.68;14.60;14.60;0.00;0.00;7.91;7.91;0.00;0.00;1;1
40068;NachArzt;231.03;0.25;0.25;0.00;0.00;0.00;0.00;0.00;;1;1
40105;Ankunft;237.08;282.72;0.00;282.72;;8.31;;;;0;0
40066;Ankunft;172.58;63.52;66.96;-3.44;-5.13;17.34;17.34;0.00;0.00;1;1
40066;NachRezeption;212.30;22.73;27.24;-4.50;-16.53;15.32;15.32;0.00;0.00;1;1
40066;VorSchwester;212.30;22.73;27.24;-4.50;-16.53;15.32;15.32;0.00;0.00;1;1
40066;NachSchwester;216.12;23.25;23.42;-0.17;-0.71;11.67;11.67;0.00;0.00;1;1
40066;VorArzt;216.89;18.15;22.65;-4.50;-19.88;11.67;11.67;0.00;0.00;1;1
40066;NachArzt;239.29;0.25;0.25;0.00;0.00;0.00;0.00;0.00;;1;1
40075;Ankunft;190.11;47.87;51.79;-3.92;-7.57;4.35;4.35;0.00;0.00;1;1
40075;NachRezeption;228.41;5.39;13.49;-8.10;-60.01;3.54;3.54;0.00;0.00;0;1
40075;VorSchwester;228.41;5.39;13.49;-8.10;-60.01;3.54;3.54;0.00;0.00;0;1
40075;NachSchwester;229.92;15.78;11.98;3.80;31.69;2.20;2.20;0.00;0.00;1;1
40075;VorArzt;231.06;2.61;10.84;-8.23;-75.91;2.20;2.20;0.00;0.00;0;1
40075;NachArzt;241.65;0.25;0.25;0.00;0.00;0.00;0.00;0.00;;1;1
40052;Ankunft;145.64;98.85;100.81;-1.96;-1.95;12.21;12.21;0.00;0.00;1;1
40052;NachRezeption;177.50;65.54;68.95;-3.41;-4.94;11.56;11.56;-0.00;-0.00;1;1
40052;VorSchwester;177.50;65.54;68.95;-3.41;-4.94;11.56;11.56;-0.00;-0.00;1;1
40052;NachSchwester;181.51;62.73;64.94;-2.21;-3.40;7.72;7.72;-0.00;-0.00;1;1
40052;VorArzt;182.58;55.37;63.87;-8.50;-13.30;7.72;7.72;-0.00;-0.00;1;1
40052;NachArzt;204.89;41.56;41.56;0.00;0.00;1.13;1.13;0.00;0.00;1;1
40076;Ankunft;192.11;50.36;56.13;-5.77;-10.27;10.27;10.27;0.00;0.00;1;1
40076;NachRezeption;232.21;18.32;16.04;2.28;14.24;6.47;6.47;0.00;0.00;1;1
40076;VorSchwester;232.21;18.32;16.04;2.28;14.24;6.47;6.47;0.00;0.00;1;1
40076;NachSchwester;234.18;16.18;14.07;2.12;15.05;4.67;4.67;0.00;0.00;1;1
40076;VorArzt;235.81;14.55;12.43;2.12;17.03;4.67;4.67;0.00;0.00;1;1
40076;NachArzt;247.99;0.25;0.25;0.00;0.00;0.00;0.00;0.00;;1;1
40053;Ankunft;149.26;88.12;99.39;-11.28;-11.35;12.74;12.74;0.00;0.00;1;1
40053;NachRezeption;178.46;62.06;70.19;-8.13;-11.58;11.78;11.78;0.00;0.00;1;1
40053;VorSchwester;178.46;62.06;70.19;-8.13;-11.58;11.78;11.78;0.00;0.00;1;1
40053;NachSchwester;184.25;63.31;64.40;-1.09;-1.69;6.16;6.16;-0.00;-0.00;1;1
40053;VorArzt;184.75;62.32;63.90;-1.58;-2.48;6.16;6.16;-0.00;-0.00;1;1
40053;NachArzt;205.31;43.34;43.34;0.00;0.00;2.20;2.20;-0.00;-0.00;1;1
40085;Ankunft;206.27;263.70;43.13;220.57;511.40;12.72;;;;0;1
40085;NachRezeption;249.32;238.07;0.08;237.99;285584.27;11.96;;;;0;0
40079;Ankunft;194.51;49.88;58.05;-8.17;-14.08;3.67;3.67;0.00;0.00;1;1
40079;NachRezeption;241.03;11.03;11.53;-0.50;-4.34;1.53;1.53;0.00;0.00;1;1
40079;VorArzt;241.45;10.61;11.11;-0.50;-4.50;1.53;1.53;0.00;0.00;1;1
40079;NachArzt;252.31;0.25;0.25;0.00;0.00;0.00;0.00;0.00;;1;1
40056;Ankunft;158.44;79.89;96.00;-16.10;-16.78;10.19;10.19;0.00;0.00;1;1
40056;NachRezeption;186.90;64.91;67.53;-2.63;-3.89;8.10;8.10;0.00;0.00;1;1
40056;VorArzt;187.54;63.62;66.89;-3.27;-4.89;8.10;8.10;0.00;0.00;1;1
40056;NachArzt;212.18;42.26;42.26;0.00;0.00;0.97;0.97;-0.00;-0.00;1;1
40088;Ankunft;212.16;46.47;44.69;1.78;3.99;3.48;3.48;0.00;0.00;1;1
40088;NachRezeption;253.38;3.47;3.47;0.00;0.00;2.41;2.41;0.00;0.00;1;1
40088;VorArzt;253.63;3.21;3.21;0.00;0.00;2.41;2.41;0.00;0.00;1;1
40088;NachArzt;256.60;0.25;0.25;0.00;0.00;0.00;0.00;0.00;;1;1
40117;Ankunft;262.76;486.48;0.00;486.48;;13.51;;;;0;0
40065;Ankunft;171.22;88.35;92.93;-4.58;-4.93;9.18;9.18;0.00;0.00;1;1
40065;NachRezeption;205.17;56.87;58.98;-2.10;-3.57;8.26;8.26;0.00;0.00;1;1
40065;VorArzt;205.56;58.31;58.60;-0.29;-0.49;8.26;8.26;0.00;0.00;1;1
40065;NachArzt;215.75;48.41;48.41;0.00;0.00;1.28;1.28;0.00;0.00;1;1
40070;Ankunft;183.11;68.33;82.40;-14.06;-17.07;14.79;14.79;0.00;0.00;1;1
40070;NachRezeption;222.44;33.67;43.06;-9.39;-21.81;12.78;12.78;0.00;0.00;1;1
40070;VorArzt;224.43;31.68;41.07;-9.39;-22.87;12.78;12.78;0.00;0.00;1;1
40070;NachArzt;265.25;0.25;0.25;0.00;0.00;0.00;0.00;0.00;;1;1
40062;Ankunft;166.10;94.84;100.93;-6.09;-6.03;10.32;10.32;0.00;0.00;1;1
40062;NachRezeption;203.27;59.54;63.76;-4.22;-6.62;9.50;9.50;0.00;0.00;1;1
40062;VorArzt;206.07;54.95;60.96;-6.01;-9.86;9.50;9.50;0.00;0.00;1;1
40062;NachArzt;220.77;46.26;46.26;0.00;0.00;1.08;1.08;-0.00;-0.00;1;1
40060;Ankunft;163.39;99.77;105.46;-5.69;-5.39;15.54;15.54;0.00;0.00;1;1
40060;NachRezeption;202.10;59.94;66.74;-6.80;-10.19;12.71;12.71;0.00;0.00;1;1
40060;VorSchwester;202.10;59.94;66.74;-6.80;-10.19;12.71;12.71;0.00;0.00;1;1
40060;NachSchwester;206.13;61.16;62.72;-1.56;-2.49;8.85;8.85;0.00;0.00;1;1
40060;VorArzt;209.08;57.63;59.77;-2.14;-3.58;8.85;8.85;0.00;0.00;1;1
40060;NachArzt;222.95;45.90;45.90;0.00;0.00;1.82;1.82;-0.00;-0.00;1;1
40073;Ankunft;185.94;70.99;93.40;-22.41;-24.00;13.65;13.65;0.00;0.00;1;1
40073;NachRezeption;225.64;54.49;53.70;0.79;1.47;13.08;13.08;0.00;0.00;1;1
40073;VorArzt;226.14;49.09;53.20;-4.12;-7.74;13.08;13.08;0.00;0.00;1;1
40073;NachArzt;279.09;0.25;0.25;0.00;0.00;0.00;0.00;0.00;;1;1
40124;Ankunft;282.51;380.50;0.00;380.50;;29.99;;;;0;0
40078;Ankunft;193.89;60.14;92.27;-32.13;-34.82;12.59;12.59;0.00;0.00;0;1
40078;NachRezeption;238.89;46.62;47.26;-0.64;-1.36;8.07;8.07;0.00;0.00;1;1
40078;VorArzt;240.94;44.58;45.22;-0.64;-1.42;8.07;8.07;0.00;0.00;1;1
40078;NachArzt;285.91;0.25;0.25;0.00;0.00;0.00;0.00;0.00;;1;1
40091;Ankunft;214.19;104.62;75.23;29.39;39.06;5.19;5.19;0.00;0.00;0;1
40091;NachRezeption;256.82;30.03;32.60;-2.58;-7.90;4.14;4.14;-0.00;-0.00;1;1
40091;VorSchwester;256.82;30.03;32.60;-2.58;-7.90;4.14;4.14;-0.00;-0.00;1;1
40091;NachSchwester;258.02;28.66;31.40;-2.74;-8.74;3.10;3.10;-0.00;-0.00;1;1
40091;VorArzt;279.14;3.52;10.29;-6.77;-65.80;3.10;3.10;-0.00;-0.00;0;1
40091;NachArzt;289.18;0.25;0.25;0.00;0.00;0.00;0.00;0.00;;1;1
40083;Ankunft;202.17;51.11;92.17;-41.06;-44.55;8.57;8.57;0.00;0.00;0;1
40083;NachRezeption;244.15;48.09;50.19;-2.10;-4.18;7.12;7.12;0.00;0.00;1;1
40083;VorArzt;244.87;47.37;49.47;-2.10;-4.24;7.12;7.12;0.00;0.00;1;1
40083;NachArzt;294.09;0.25;0.25;0.00;0.00;0.00;0.00;0.00;;1;1
40104;Ankunft;235.29;75.24;65.28;9.96;15.26;5.04;5.04;0.00;0.00;1;1
40104;NachRezeption;294.71;5.86;5.86;0.00;0.00;2.93;2.93;0.00;0.00;1;1
40104;VorArzt;296.96;3.61;3.61;0.00;0.00;2.93;2.93;0.00;0.00;1;1
40104;NachArzt;300.32;0.25;0.25;0.00;0.00;0.00;0.00;0.00;;1;1
40107;Ankunft;239.73;212.49;66.43;146.07;219.89;26.62;;;;0;1
40107;NachRezeption;297.93;181.41;8.22;173.19;2105.67;25.57;;;;0;1
40107;VorSchwester;297.93;181.41;8.22;173.19;2105.67;25.57;;;;0;1
40107;NachSchwester;305.99;174.25;0.17;174.09;104451.56;17.68;;;;0;0
40108;Ankunft;239.87;72.68;66.98;5.70;8.51;4.56;4.56;0.00;0.00;1;1
40108;NachRezeption;298.46;8.39;8.39;0.00;0.00;4.04;4.04;0.00;0.00;1;1
40108;VorArzt;301.45;5.39;5.39;0.00;0.00;4.04;4.04;0.00;0.00;1;1
40108;NachArzt;306.59;0.25;0.25;0.00;0.00;0.00;0.00;0.00;;1;1
40055;Ankunft;153.59;129.39;153.64;-24.25;-15.78;13.02;13.02;0.00;0.00;1;1
40055;NachRezeption;184.81;95.35;122.43;-27.08;-22.12;8.76;8.76;0.00;0.00;1;1
40055;VorSchwester;184.81;95.35;122.43;-27.08;-22.12;8.76;8.76;0.00;0.00;1;1
40055;NachSchwester;186.01;94.35;121.22;-26.87;-22.17;7.72;7.72;0.00;0.00;1;1
40055;VorArzt;232.60;64.46;74.63;-10.17;-13.63;7.72;7.72;0.00;0.00;1;1
40055;NachArzt;243.16;64.07;64.07;0.00;0.00;6.37;6.37;0.00;0.00;1;1
40059;Ankunft;163.37;123.81;148.16;-24.35;-16.44;9.10;9.10;0.00;0.00;1;1
40059;NachRezeption;195.60;90.81;115.94;-25.12;-21.67;5.07;5.07;0.00;0.00;1;1
40059;VorSchwester;195.60;90.81;115.94;-25.12;-21.67;5.07;5.07;0.00;0.00;1;1
40059;NachSchwester;198.11;87.15;113.42;-26.27;-23.17;2.73;2.73;0.00;0.00;1;1
40059;VorArzt;237.83;61.48;73.70;-12.22;-16.59;2.73;2.73;0.00;0.00;1;1
40059;NachArzt;250.61;60.92;60.92;0.00;0.00;0.28;0.28;-0.00;-0.00;1;1
40067;Ankunft;173.91;115.74;138.03;-22.29;-16.15;30.28;30.28;0.00;0.00;1;1
40067;NachRezeption;214.38;74.67;97.56;-22.89;-23.46;28.20;28.20;-0.00;-0.00;1;1
40067;VorSchwester;214.38;74.67;97.56;-22.89;-23.46;28.20;28.20;-0.00;-0.00;1;1
40067;NachSchwester;219.51;80.21;92.43;-12.22;-13.22;23.24;23.24;0.00;0.00;1;1
40067;VorArzt;221.38;78.71;90.56;-11.86;-13.09;23.24;23.24;0.00;0.00;1;1
40067;NachArzt;254.02;57.92;57.92;0.00;0.00;0.41;0.41;-0.00;-0.00;1;1
40071;Ankunft;184.21;103.24;130.29;-27.06;-20.77;11.41;11.41;0.00;0.00;1;1
40071;NachRezeption;224.23;89.61;90.27;-0.66;-0.73;9.62;9.62;0.00;0.00;1;1
40071;VorArzt;225.74;73.82;88.76;-14.94;-16.84;9.62;9.62;0.00;0.00;1;1
40071;NachArzt;265.85;48.65;48.65;0.00;0.00;0.54;0.54;0.00;0.00;1;1
40072;Ankunft;185.36;101.15;130.56;-29.40;-22.52;4.88;4.88;0.00;0.00;1;1
40072;NachRezeption;225.07;86.53;90.84;-4.32;-4.75;4.04;4.04;0.00;0.00;1;1
40072;VorArzt;225.79;80.92;90.13;-9.21;-10.22;4.04;4.04;0.00;0.00;1;1
40072;NachArzt;269.21;46.71;46.71;0.00;0.00;0.26;0.26;-0.00;-0.00;1;1
40089;Ankunft;212.51;69.80;105.57;-35.77;-33.89;17.80;17.80;0.00;0.00;0;1
40089;NachRezeption;254.81;61.75;63.26;-1.51;-2.39;17.34;17.34;0.00;0.00;1;1
40089;VorArzt;255.25;61.32;62.83;-1.51;-2.41;17.34;17.34;0.00;0.00;1;1
40089;NachArzt;317.83;0.25;0.25;0.00;0.00;0.00;0.00;0.00;;1;1
40112;Ankunft;246.40;71.44;72.06;-0.62;-0.87;5.28;5.28;0.00;0.00;1;1
40112;NachRezeption;309.50;9.13;8.97;0.17;1.86;4.39;4.39;0.00;0.00;1;1
40112;VorSchwester;309.50;9.13;8.97;0.17;1.86;4.39;4.39;0.00;0.00;1;1
40112;NachSchwester;310.73;7.74;7.74;0.00;0.00;3.33;3.33;0.00;0.00;1;1
40112;VorArzt;311.82;6.65;6.65;0.00;0.00;3.33;3.33;0.00;0.00;1;1
40112;NachArzt;318.22;0.25;0.25;0.00;0.00;0.00;0.00;0.00;;1;1
40130;Ankunft;322.28;216.47;0.00;216.47;;32.25;;;;0;0
40069;Ankunft;175.43;101.86;151.50;-49.64;-32.77;15.56;15.56;0.00;0.00;0;1
40069;NachRezeption;216.24;69.38;110.69;-41.31;-37.32;15.03;15.03;0.00;0.00;0;1
40069;VorSchwester;216.24;69.38;110.69;-41.31;-37.32;15.03;15.03;0.00;0.00;0;1
40069;NachSchwester;225.09;92.59;101.85;-9.26;-9.09;6.35;6.35;0.00;0.00;1;1
40069;VorArzt;226.23;90.34;100.70;-10.36;-10.28;6.35;6.35;0.00;0.00;1;1
40069;NachArzt;275.43;51.50;51.50;0.00;0.00;0.30;0.30;0.00;0.00;1;1
40096;Ankunft;224.00;99.39;103.36;-3.97;-3.84;3.42;3.42;0.00;0.00;1;1
40096;NachRezeption;269.68;57.87;57.68;0.20;0.34;2.50;2.50;0.00;0.00;1;1
40096;VorArzt;273.33;58.24;54.03;4.21;7.80;2.50;2.50;0.00;0.00;1;1
40096;NachArzt;277.67;49.69;49.69;0.00;0.00;0.43;0.43;0.00;0.00;1;1
40081;Ankunft;196.97;106.84;136.22;-29.37;-21.56;10.28;10.28;0.00;0.00;1;1
40081;NachRezeption;242.40;107.59;90.79;16.81;18.51;9.35;9.35;0.00;0.00;1;1
40081;VorArzt;242.84;106.71;90.35;16.36;18.11;9.35;9.35;0.00;0.00;1;1
40081;NachArzt;286.81;46.38;46.38;0.00;0.00;1.80;1.80;0.00;0.00;1;1
40125;Ankunft;284.49;50.23;49.19;1.03;2.10;3.52;3.52;0.00;0.00;1;1
40125;NachRezeption;330.05;3.63;3.63;0.00;0.00;1.67;1.67;0.00;0.00;1;1
40125;VorArzt;331.09;2.60;2.60;0.00;0.00;1.67;1.67;0.00;0.00;1;1
40125;NachArzt;333.43;0.25;0.25;0.00;0.00;0.00;0.00;0.00;;1;1
40064;Ankunft;169.80;129.16;164.63;-35.48;-21.55;15.93;15.93;0.00;0.00;1;1
40064;NachRezeption;204.25;96.56;130.18;-33.62;-25.83;15.19;15.19;-0.00;-0.00;1;1
40064;VorSchwester;204.25;96.56;130.18;-33.62;-25.83;15.19;15.19;-0.00;-0.00;1;1
40064;NachSchwester;210.49;96.97;123.94;-26.97;-21.76;9.12;9.12;-0.00;-0.00;1;1
40064;VorArzt;251.37;70.55;83.06;-12.51;-15.06;9.12;9.12;-0.00;-0.00;1;1
40064;NachArzt;297.22;37.21;37.21;0.00;0.00;1.25;1.25;-0.00;-0.00;1;1
40087;Ankunft;210.80;100.96;124.21;-23.25;-18.72;10.25;10.25;0.00;0.00;1;1
40087;NachRezeption;252.31;106.05;82.71;23.34;28.22;8.72;8.72;0.00;0.00;1;1
40087;VorArzt;253.03;104.77;81.99;22.79;27.79;8.72;8.72;0.00;0.00;1;1
40087;NachArzt;302.39;32.62;32.62;0.00;0.00;0.58;0.58;-0.00;-0.00;1;1
40086;Ankunft;208.51;102.35;129.19;-26.84;-20.78;13.42;13.42;0.00;0.00;1;1
40086;NachRezeption;250.77;110.64;86.94;23.70;27.26;11.98;11.98;0.00;0.00;1;1
40086;VorSchwester;250.77;110.64;86.94;23.70;27.26;11.98;11.98;0.00;0.00;1;1
40086;NachSchwester;254.60;109.55;83.11;26.44;31.81;8.32;8.32;0.00;0.00;0;1
40086;VorArzt;255.77;107.20;81.94;25.26;30.83;8.32;8.32;0.00;0.00;0;1
40086;NachArzt;314.72;22.98;22.98;0.00;0.00;0.35;0.35;-0.00;-0.00;1;1
40093;Ankunft;215.25;61.30;123.14;-61.84;-50.22;11.87;11.87;0.00;0.00;0;1
40093;NachRezeption;262.79;60.85;75.60;-14.75;-19.51;10.64;10.64;0.00;0.00;1;1
40093;VorSchwester;262.79;60.85;75.60;-14.75;-19.51;10.64;10.64;0.00;0.00;1;1
40093;NachSchwester;266.47;65.78;71.92;-6.14;-8.54;7.13;7.13;-0.00;-0.00;1;1
40093;VorArzt;267.22;56.54;71.17;-14.63;-20.55;7.13;7.13;-0.00;-0.00;1;1
40093;NachArzt;338.14;0.25;0.25;0.00;0.00;0.00;0.00;0.00;;1;1
40133;Ankunft;340.61;367.29;0.00;367.29;;19.22;;;;0;0
40054;Ankunft;152.40;196.11;194.74;1.37;0.70;4.69;4.69;0.00;0.00;1;1
40054;NachRezeption;180.55;163.65;166.60;-2.95;-1.77;2.61;2.61;-0.00;-0.00;1;1
40054;VorSchwester;180.55;163.65;166.60;-2.95;-1.77;2.61;2.61;-0.00;-0.00;1;1
40054;NachSchwester;181.94;162.27;165.21;-2.95;-1.78;1.39;1.39;-0.00;-0.00;1;1
40054;VorArzt;342.40;4.75;4.75;0.00;0.00;1.39;1.39;-0.00;-0.00;1;1
40054;NachArzt;346.90;0.25;0.25;0.00;0.00;0.00;0.00;0.00;;1;1
40097;Ankunft;224.06;86.84;123.57;-36.73;-29.73;17.20;17.20;0.00;0.00;1;1
40097;NachRezeption;272.34;69.42;75.29;-5.87;-7.80;14.55;14.55;0.00;0.00;1;1
40097;VorSchwester;272.34;69.42;75.29;-5.87;-7.80;14.55;14.55;0.00;0.00;1;1
40097;NachSchwester;277.80;63.79;69.83;-6.04;-8.65;9.25;9.25;0.00;0.00;1;1
40097;VorArzt;280.75;61.00;66.88;-5.87;-8.78;9.25;9.25;0.00;0.00;1;1
40097;NachArzt;347.38;0.25;0.25;0.00;0.00;0.00;0.00;0.00;;1;1
40115;Ankunft;257.64;121.35;91.04;30.31;33.29;7.55;7.55;0.00;0.00;0;1
40115;NachRezeption;313.05;34.55;35.63;-1.08;-3.04;6.36;6.36;-0.00;-0.00;1;1
40115;VorSchwester;313.05;34.55;35.63;-1.08;-3.04;6.36;6.36;-0.00;-0.00;1;1
40115;NachSchwester;314.60;31.28;34.08;-2.80;-8.22;4.97;4.97;-0.00;-0.00;1;1
40115;VorArzt;315.14;30.56;33.55;-2.98;-8.89;4.97;4.97;-0.00;-0.00;1;1
40115;NachArzt;320.78;27.90;27.90;0.00;0.00;2.18;2.18;-0.00;-0.00;1;1
40101;Ankunft;234.11;90.47;116.13;-25.66;-22.10;15.43;15.43;0.00;0.00;1;1
40101;NachRezeption;290.62;54.43;59.62;-5.19;-8.70;7.04;7.04;0.00;0.00;1;1
40101;VorSchwester;290.62;54.43;59.62;-5.19;-8.70;7.04;7.04;0.00;0.00;1;1
40101;NachSchwester;294.90;63.08;55.34;7.75;14.00;2.93;2.93;-0.00;-0.00;1;1
40101;VorArzt;295.20;62.79;55.04;7.75;14.07;2.93;2.93;-0.00;-0.00;1;1
40101;NachArzt;349.99;0.25;0.25;0.00;0.00;0.00;0.00;0.00;;1;1
40094;Ankunft;217.23;156.41;134.16;22.25;16.58;7.35;7.35;0.00;0.00;1;1
40094;NachRezeption;264.71;114.27;86.68;27.59;31.83;6.71;6.71;0.00;0.00;0;1
40094;VorSchwester;264.71;114.27;86.68;27.59;31.83;6.71;6.71;0.00;0.00;0;1
40094;NachSchwester;266.89;109.11;84.51;24.61;29.12;4.70;4.70;0.00;0.00;1;1
40094;VorArzt;319.03;25.47;32.36;-6.89;-21.30;4.70;4.70;0.00;0.00;1;1
40094;NachArzt;322.94;28.45;28.45;0.00;0.00;2.71;2.71;0.00;0.00;1;1
40090;Ankunft;214.14;103.90;137.71;-33.81;-24.55;17.16;17.16;0.00;0.00;1;1
40090;NachRezeption;255.77;122.53;96.08;26.45;27.53;16.20;16.20;-0.00;-0.00;1;1
40090;VorSchwester;255.77;122.53;96.08;26.45;27.53;16.20;16.20;-0.00;-0.00;1;1
40090;NachSchwester;263.08;113.13;88.77;24.36;27.44;9.06;9.06;-0.00;-0.00;1;1
40090;VorArzt;263.34;112.60;88.50;24.09;27.22;9.06;9.06;-0.00;-0.00;1;1
40090;NachArzt;326.99;24.85;24.85;0.00;0.00;0.46;0.46;-0.00;-0.00;1;1
40092;Ankunft;214.91;102.90;139.61;-36.72;-26.30;14.96;14.96;0.00;0.00;1;1
40092;NachRezeption;261.56;112.81;92.96;19.84;21.34;10.23;10.23;0.00;0.00;1;1
40092;VorSchwester;261.56;112.81;92.96;19.84;21.34;10.23;10.23;0.00;0.00;1;1
40092;NachSchwester;265.59;105.57;88.93;16.63;18.70;6.36;6.36;0.00;0.00;1;1
40092;VorArzt;266.53;104.35;87.99;16.36;18.59;6.36;6.36;0.00;0.00;1;1
40092;NachArzt;330.84;23.68;23.68;0.00;0.00;2.68;2.68;-0.00;-0.00;1;1
40095;Ankunft;220.72;119.19;134.16;-14.96;-11.15;9.99;9.99;0.00;0.00;1;1
40095;NachRezeption;265.87;111.71;89.01;22.71;25.52;8.84;8.84;0.00;0.00;1;1
40095;VorArzt;266.49;110.59;88.38;22.21;25.13;8.84;8.84;0.00;0.00;1;1
40095;NachArzt;331.60;23.27;23.27;0.00;0.00;0.35;0.35;-0.00;-0.00;1;1
40084;Ankunft;204.41;130.27;152.41;-22.14;-14.53;6.96;6.96;0.00;0.00;1;1
40084;NachRezeption;245.24;113.99;111.59;2.40;2.15;5.87;5.87;0.00;0.00;1;1
40084;VorArzt;271.76;75.33;85.06;-9.73;-11.44;5.87;5.87;0.00;0.00;1;1
40084;NachArzt;337.96;18.86;18.86;0.00;0.00;1.51;1.51;0.00;0.00;1;1
40103;Ankunft;234.99;108.18;122.51;-14.33;-11.70;14.61;14.61;0.00;0.00;1;1
40103;NachRezeption;292.60;66.26;64.90;1.36;2.10;13.10;13.10;0.00;0.00;1;1
40103;VorSchwester;292.60;66.26;64.90;1.36;2.10;13.10;13.10;0.00;0.00;1;1
40103;NachSchwester;296.16;68.94;61.34;7.60;12.39;9.71;9.71;0.00;0.00;1;1
40103;VorArzt;296.59;68.50;60.91;7.60;12.47;9.71;9.71;0.00;0.00;1;1
40103;NachArzt;357.25;0.25;0.25;0.00;0.00;0.00;0.00;0.00;;1;1
40102;Ankunft;234.25;163.30;123.36;39.95;32.38;7.91;7.91;0.00;0.00;0;1
40102;NachRezeption;291.09;100.31;66.51;33.80;50.81;7.44;7.44;0.00;0.00;0;1
40102;VorArzt;293.51;95.48;64.10;31.38;48.96;7.44;7.44;0.00;0.00;0;1
40102;NachArzt;345.34;12.26;12.26;0.00;0.00;0.40;0.40;0.00;0.00;1;1
40029;Ankunft;93.90;220.95;265.30;-44.34;-16.71;14.04;14.04;0.00;0.00;1;1
40029;NachRezeption;99.98;213.19;259.22;-46.03;-17.76;12.58;12.58;0.00;0.00;1;1
40029;VorSchwester;99.98;213.19;259.22;-46.03;-17.76;12.58;12.58;0.00;0.00;1;1
40029;NachSchwester;105.64;208.52;253.56;-45.04;-17.76;7.09;7.09;0.00;0.00;1;1
40029;VorArzt;299.85;42.48;59.35;-16.87;-28.42;7.09;7.09;0.00;0.00;1;1
40029;NachArzt;356.60;2.59;2.59;0.00;0.00;0.64;0.64;-0.00;-0.00;1;1
40128;Ankunft;307.98;80.87;52.61;28.25;53.69;3.94;3.94;0.00;0.00;0;1
40128;NachRezeption;337.27;40.61;23.33;17.29;74.11;2.93;2.93;0.00;0.00;0;1
40128;VorArzt;355.78;6.85;4.81;2.04;42.32;2.93;2.93;0.00;0.00;1;1
40128;NachArzt;359.40;1.20;1.20;0.00;0.00;0.95;0.95;-0.00;-0.00;1;1
40135;Ankunft;364.04;151.30;0.00;151.30;;16.09;;;;0;0
40129;Ankunft;319.73;41.56;44.73;-3.17;-7.09;19.64;19.64;0.00;0.00;1;1
40129;NachRezeption;346.42;18.70;18.05;0.65;3.58;10.85;10.85;-0.00;-0.00;1;1
40129;VorSchwester;346.42;18.70;18.05;0.65;3.58;10.85;10.85;-0.00;-0.00;1;1
40129;NachSchwester;349.98;15.13;14.48;0.65;4.46;7.45;7.45;-0.00;-0.00;1;1
40129;VorArzt;351.09;14.02;13.37;0.65;4.83;7.45;7.45;-0.00;-0.00;1;1
40129;NachArzt;364.22;0.25;0.25;0.00;0.00;0.00;0.00;0.00;;1;1
40098;Ankunft;226.03;147.37;139.64;7.74;5.54;18.32;18.32;0.00;0.00;1;1
40098;NachRezeption;280.35;105.90;85.32;20.57;24.11;10.31;10.31;0.00;0.00;1;1
40098;VorSchwester;280.35;105.90;85.32;20.57;24.11;10.31;10.31;0.00;0.00;1;1
40098;NachSchwester;284.96;99.27;80.70;18.57;23.01;5.85;5.85;0.00;0.00;1;1
40098;VorArzt;304.31;66.02;61.36;4.66;7.60;5.85;5.85;0.00;0.00;1;1
40098;NachArzt;363.50;2.17;2.17;0.00;0.00;1.92;1.92;0.00;0.00;1;1
40110;Ankunft;243.69;175.36;127.31;48.04;37.74;7.51;7.51;0.00;0.00;0;1
40110;NachRezeption;307.57;95.16;63.43;31.73;50.02;7.09;7.09;0.00;0.00;0;1
40110;VorArzt;308.13;95.05;62.88;32.17;51.17;7.09;7.09;0.00;0.00;0;1
40110;NachArzt;368.84;2.17;2.17;0.00;0.00;1.92;1.92;0.00;0.00;1;1
40114;Ankunft;248.34;111.27;126.25;-14.98;-11.87;6.05;6.05;0.00;0.00;1;1
40114;NachRezeption;311.17;63.75;63.42;0.34;0.53;5.34;5.34;0.00;0.00;1;1
40114;VorArzt;311.47;63.46;63.12;0.34;0.53;5.34;5.34;0.00;0.00;1;1
40114;NachArzt;374.34;0.25;0.25;0.00;0.00;0.00;0.00;0.00;;1;1
40100;Ankunft;229.12;156.80;146.53;10.27;7.01;18.69;18.69;0.00;0.00;1;1
40100;NachRezeption;282.24;108.20;93.41;14.79;15.83;17.07;17.07;0.00;0.00;1;1
40100;VorSchwester;282.24;108.20;93.41;14.79;15.83;17.07;17.07;0.00;0.00;1;1
40100;NachSchwester;288.46;104.59;87.19;17.40;19.95;11.02;11.02;0.00;0.00;1;1
40100;VorArzt;308.65;64.85;67.00;-2.15;-3.21;11.02;11.02;0.00;0.00;1;1
40100;NachArzt;373.81;1.84;1.84;0.00;0.00;1.59;1.59;0.00;0.00;1;1
40111;Ankunft;245.20;175.54;135.14;40.40;29.89;12.32;12.32;0.00;0.00;1;1
40111;NachRezeption;308.61;94.56;71.73;22.83;31.83;11.28;11.28;0.00;0.00;0;1
40111;VorSchwester;308.61;94.56;71.73;22.83;31.83;11.28;11.28;0.00;0.00;0;1
40111;NachSchwester;313.94;90.44;66.40;24.03;36.19;6.12;6.12;0.00;0.00;0;1
40111;VorArzt;315.19;89.40;65.15;24.25;37.22;6.12;6.12;0.00;0.00;0;1
40111;NachArzt;379.16;1.19;1.19;0.00;0.00;0.94;0.94;0.00;0.00;1;1
40099;Ankunft;226.38;188.67;155.05;33.62;21.68;30.92;;;;1;1
40099;NachRezeption;280.62;132.31;100.81;31.50;31.24;30.65;;;;0;1
40099;VorSchwester;280.62;132.31;100.81;31.50;31.24;30.65;;;;0;1
40099;NachSchwester;289.99;131.24;91.44;39.80;43.53;21.44;;;;0;1
40099;VorArzt;381.26;112.20;0.17;112.03;67219.64;21.44;;;;0;0
40116;Ankunft;262.45;162.15;119.43;42.72;35.77;7.94;7.94;0.00;0.00;0;1
40116;NachRezeption;313.87;90.73;68.00;22.73;33.42;7.12;7.12;0.00;0.00;0;1
40116;VorArzt;316.26;88.16;65.62;22.54;34.35;7.12;7.12;0.00;0.00;0;1
40116;NachArzt;380.99;0.88;0.88;0.00;0.00;0.63;0.63;-0.00;-0.00;1;1
40118;Ankunft;267.57;115.11;119.12;-4.01;-3.36;8.28;8.28;0.00;0.00;1;1
40118;NachRezeption;315.57;72.76;71.12;1.64;2.31;7.12;7.12;0.00;0.00;1;1
40118;VorArzt;316.59;66.57;70.10;-3.53;-5.04;7.12;7.12;0.00;0.00;1;1
40118;NachArzt;386.44;0.25;0.25;0.00;0.00;0.00;0.00;0.00;;1;1
40134;Ankunft;348.09;40.74;39.79;0.95;2.39;3.70;3.70;0.00;0.00;1;1
40134;NachRezeption;358.47;29.07;29.40;-0.33;-1.13;2.75;2.75;0.00;0.00;1;1
40134;VorSchwester;358.47;29.07;29.40;-0.33;-1.13;2.75;2.75;0.00;0.00;1;1
40134;NachSchwester;360.37;27.00;27.50;-0.50;-1.82;1.01;1.01;0.00;0.00;1;1
40134;VorArzt;381.88;5.99;5.99;0.00;0.00;1.01;1.01;0.00;0.00;1;1
40134;NachArzt;387.62;0.25;0.25;0.00;0.00;0.00;0.00;0.00;;1;1
40113;Ankunft;247.16;114.22;141.13;-26.91;-19.07;13.26;13.26;0.00;0.00;1;1
40113;NachRezeption;310.45;63.30;77.84;-14.54;-18.68;12.30;12.30;0.00;0.00;1;1
40113;VorSchwester;310.90;65.74;77.39;-11.65;-15.05;12.30;12.30;0.00;0.00;1;1
40113;NachSchwester;316.49;73.55;71.80;1.75;2.44;6.88;6.88;0.00;0.00;1;1
40113;VorArzt;317.60;70.39;70.69;-0.30;-0.43;6.88;6.88;0.00;0.00;1;1
40113;NachArzt;388.04;0.25;0.25;0.00;0.00;0.00;0.00;0.00;;1;1
40120;Ankunft;269.71;117.85;126.66;-8.81;-6.96;8.82;8.82;0.00;0.00;1;1
40120;NachRezeption;319.38;78.52;76.99;1.53;1.99;8.33;8.33;0.00;0.00;1;1
40120;VorArzt;319.89;78.01;76.48;1.53;2.00;8.33;8.33;0.00;0.00;1;1
40120;NachArzt;396.12;0.25;0.25;0.00;0.00;0.00;0.00;0.00;;1;1
40119;Ankunft;269.43;163.80;130.62;33.19;25.41;14.65;14.65;0.00;0.00;1;1
40119;NachRezeption;318.89;99.83;81.16;18.67;23.00;11.59;11.59;0.00;0.00;1;1
40119;VorArzt;320.36;105.68;79.69;25.99;32.62;11.59;11.59;0.00;0.00;0;1
40119;NachArzt;397.96;2.09;2.09;0.00;0.00;1.84;1.84;0.00;0.00;1;1
40122;Ankunft;272.21;170.35;131.27;39.08;29.77;9.60;9.60;0.00;0.00;1;1
40122;NachRezeption;326.55;101.87;76.93;24.94;32.42;6.95;6.95;0.00;0.00;0;1
40122;VorArzt;326.79;101.39;76.69;24.70;32.21;6.95;6.95;0.00;0.00;0;1
40122;NachArzt;402.48;1.01;1.01;0.00;0.00;0.76;0.76;0.00;0.00;1;1
40123;Ankunft;281.30;153.32;126.55;26.78;21.16;10.40;10.40;0.00;0.00;1;1
40123;NachRezeption;328.20;104.50;79.65;24.85;31.19;9.47;9.47;0.00;0.00;0;1
40123;VorArzt;328.42;104.06;79.43;24.63;31.00;9.47;9.47;0.00;0.00;0;1
40123;NachArzt;406.20;1.65;1.65;0.00;0.00;1.40;1.40;0.00;0.00;1;1
40127;Ankunft;305.10;97.77;110.28;-12.51;-11.35;11.54;11.54;0.00;0.00;1;1
40127;NachRezeption;336.27;80.11;79.11;1.00;1.26;10.20;10.20;0.00;0.00;1;1
40127;VorSchwester;336.27;80.11;79.11;1.00;1.26;10.20;10.20;0.00;0.00;1;1
40127;NachSchwester;340.46;77.01;74.93;2.08;2.78;6.18;6.18;0.00;0.00;1;1
40127;VorArzt;341.03;76.43;74.35;2.08;2.80;6.18;6.18;0.00;0.00;1;1
40127;NachArzt;415.13;0.25;0.25;0.00;0.00;0.00;0.00;0.00;;1;1
40121;Ankunft;270.35;173.18;147.97;25.21;17.04;25.88;25.88;0.00;0.00;1;1
40121;NachRezeption;323.89;115.84;94.43;21.41;22.67;21.37;21.37;0.00;0.00;1;1
40121;VorSchwester;323.89;115.84;94.43;21.41;22.67;21.37;21.37;0.00;0.00;1;1
40121;NachSchwester;330.00;110.28;88.33;21.95;24.85;15.43;15.43;0.00;0.00;1;1
40121;VorArzt;333.05;108.28;85.27;23.01;26.98;15.43;15.43;0.00;0.00;1;1
40121;NachArzt;408.79;9.54;9.54;0.00;0.00;9.29;9.29;0.00;0.00;1;1
40126;Ankunft;285.32;151.17;134.58;16.60;12.33;11.12;11.12;0.00;0.00;1;1
40126;NachRezeption;331.30;110.74;88.60;22.14;24.99;9.87;9.87;0.00;0.00;1;1
40126;VorArzt;334.15;100.70;85.75;14.95;17.44;9.87;9.87;0.00;0.00;1;1
40126;NachArzt;414.67;5.22;5.22;0.00;0.00;1.57;1.57;-0.00;-0.00;1;1
40106;Ankunft;238.38;197.36;185.66;11.70;6.30;15.74;15.74;0.00;0.00;1;1
40106;NachRezeption;296.89;105.96;127.15;-21.19;-16.66;13.56;13.56;0.00;0.00;1;1
40106;VorSchwester;296.89;105.96;127.15;-21.19;-16.66;13.56;13.56;0.00;0.00;1;1
40106;NachSchwester;302.13;100.69;121.91;-21.23;-17.41;8.49;8.49;0.00;0.00;1;1
40106;VorArzt;348.32;27.99;75.72;-47.73;-63.03;8.49;8.49;0.00;0.00;0;1
40106;NachArzt;422.69;1.35;1.35;0.00;0.00;1.10;1.10;0.00;0.00;1;1
40074;Ankunft;187.77;169.25;237.34;-68.09;-28.69;19.20;19.20;0.00;0.00;1;1
40074;NachRezeption;227.27;125.33;197.84;-72.51;-36.65;17.57;17.57;0.00;0.00;0;1
40074;VorSchwester;227.27;125.33;197.84;-72.51;-36.65;17.57;17.57;0.00;0.00;0;1
40074;NachSchwester;234.99;117.61;190.12;-72.51;-38.14;10.02;10.02;0.00;0.00;0;1
40074;VorArzt;342.17;15.00;82.94;-67.94;-81.92;10.02;10.02;0.00;0.00;0;1
40074;NachArzt;424.86;0.25;0.25;0.00;0.00;0.00;0.00;0.00;;1;1
40131;Ankunft;332.62;130.91;99.89;31.01;31.05;9.85;9.85;0.00;0.00;0;1
40131;NachRezeption;355.23;78.85;77.28;1.56;2.02;9.41;9.41;0.00;0.00;1;1
40131;VorArzt;355.66;77.98;76.85;1.13;1.47;9.41;9.41;0.00;0.00;1;1
40131;NachArzt;429.57;2.94;2.94;0.00;0.00;2.69;2.69;0.00;0.00;1;1
40132;Ankunft;338.26;101.73;94.92;6.81;7.18;4.96;4.96;0.00;0.00;1;1
40132;NachRezeption;357.12;84.06;76.06;8.00;10.51;4.58;4.58;0.00;0.00;1;1
40132;VorSchwester;357.12;84.06;76.06;8.00;10.51;4.58;4.58;0.00;0.00;1;1
40132;NachSchwester;358.67;82.34;74.51;7.83;10.51;3.19;3.19;0.00;0.00;1;1
40132;VorArzt;429.29;3.89;3.89;0.00;0.00;3.19;3.19;0.00;0.00;1;1
40132;NachArzt;432.93;0.25;0.25;0.00;0.00;0.00;0.00;0.00;;1;1
40018;Ankunft;69.50;46.89;370.38;-323.49;-87.34;23.81;23.81;0.00;0.00;0;1
40018;NachRezeption;85.28;26.31;354.60;-328.29;-92.58;22.03;22.03;0.00;0.00;0;1
40018;VorSchwester;85.28;26.31;354.60;-328.29;-92.58;22.03;22.03;0.00;0.00;0;1
40018;NachSchwester;92.88;32.85;347.00;-314.15;-90.53;14.60;14.60;0.00;0.00;0;1
40018;VorArzt;96.57;39.86;343.30;-303.44;-88.39;14.60;14.60;0.00;0.00;0;1
40018;NachArzt;439.63;0.25;0.25;0.00;0.00;0.00;0.00;0.00;;1;1
40017;Ankunft;68.19;79.67;382.34;-302.68;-79.16;33.89;33.89;0.00;0.00;0;1
40017;NachRezeption;83.50;44.24;367.04;-322.80;-87.95;24.64;24.64;-0.00;-0.00;0;1
40017;VorSchwester;83.50;44.24;367.04;-322.80;-87.95;24.64;24.64;-0.00;-0.00;0;1
40017;NachSchwester;91.12;33.35;359.42;-326.07;-90.72;17.19;17.19;-0.00;-0.00;0;1
40017;VorArzt;99.46;46.05;351.07;-305.02;-86.88;17.19;17.19;-0.00;-0.00;0;1
40017;NachArzt;444.99;5.55;5.55;0.00;0.00;5.30;5.30;-0.00;-0.00;1;1
40057;Ankunft;158.94;106.95;304.33;-197.38;-64.86;34.24;34.24;0.00;0.00;0;1
40057;NachRezeption;187.76;88.15;275.51;-187.36;-68.01;33.38;33.38;-0.00;-0.00;0;1
40057;VorSchwester;187.76;88.15;275.51;-187.36;-68.01;33.38;33.38;-0.00;-0.00;0;1
40057;NachSchwester;203.44;87.35;259.83;-172.48;-66.38;17.87;17.87;-0.00;-0.00;0;1
40057;VorArzt;204.47;83.33;258.80;-175.47;-67.80;17.87;17.87;-0.00;-0.00;0;1
40057;NachArzt;461.61;1.66;1.66;0.00;0.00;1.41;1.41;-0.00;-0.00;1;1
40058;Ankunft;162.97;110.51;301.28;-190.78;-63.32;34.04;34.04;0.00;0.00;0;1
40058;NachRezeption;191.57;89.38;272.69;-183.31;-67.22;31.77;31.77;0.00;0.00;0;1
40058;VorSchwester;191.57;89.38;272.69;-183.31;-67.22;31.77;31.77;0.00;0.00;0;1
40058;NachSchwester;199.73;86.88;264.53;-177.65;-67.16;23.78;23.78;0.00;0.00;0;1
40058;VorArzt;200.74;84.85;263.52;-178.67;-67.80;23.78;23.78;0.00;0.00;0;1
40058;NachArzt;462.58;1.67;1.67;0.00;0.00;0.99;0.99;0.00;0.00;1;1
40077;Ankunft;193.15;120.41;282.04;-161.63;-57.31;17.55;;;;0;1
40077;NachRezeption;234.37;152.42;240.82;-88.40;-36.71;15.38;;;;0;1
40077;VorArzt;234.65;151.87;240.54;-88.68;-36.86;15.38;;;;0;1
40082;Ankunft;201.54;120.90;276.12;-155.22;-56.21;16.80;;;;0;1
40082;NachRezeption;242.70;167.55;234.96;-67.41;-28.69;16.50;;;;1;1
40082;VorArzt;243.24;172.85;234.42;-61.57;-26.27;16.50;;;;1;1
40080;Ankunft;196.65;115.93;293.59;-177.66;-60.51;15.31;;;;0;1
40080;NachRezeption;241.46;93.35;248.78;-155.43;-62.48;14.89;;;;0;1
40080;VorArzt;297.28;113.05;192.96;-79.92;-41.42;14.89;;;;0;1
40080;NachArzt;489.99;0.25;0.25;0.00;0.00;0.00;;;;1;0
40109;Ankunft;240.38;152.35;251.87;-99.52;-39.51;26.27;;;;0;1
40109;NachRezeption;300.78;142.12;191.48;-49.36;-25.78;23.95;;;;1;1
40109;VorSchwester;300.78;142.12;191.48;-49.36;-25.78;23.95;;;;1;1
40109;NachSchwester;310.46;137.60;181.79;-44.19;-24.31;14.43;;;;1;1
40109;VorArzt;310.65;137.42;181.61;-44.19;-24.33;14.43;;;;1;1
50001;Ankunft;7.83;5.71;6.59;-0.88;-13.30;4.29;4.29;0.00;0.00;1;1
50001;NachRezeption;8.20;5.34;6.22;-0.88;-14.10;4.00;4.00;0.00;0.00;1;1
50001;VorArzt;9.12;4.42;5.29;-0.88;-16.56;4.00;4.00;0.00;0.00;1;1
50001;NachArzt;11.98;2.44;2.44;0.00;0.00;1.31;1.31;0.00;0.00;1;1
50002;Ankunft;11.86;8.64;8.64;0.00;0.00;7.73;7.73;0.00;0.00;1;1
50002;NachRezeption;13.02;8.78;7.47;1.31;17.54;6.65;6.65;0.00;0.00;1;1
50002;VorArzt;13.43;7.97;7.07;0.90;12.79;6.65;6.65;0.00;0.00;1;1
50002;NachArzt;19.08;1.41;1.41;0.00;0.00;1.16;1.16;0.00;0.00;1;1
50006;Ankunft;30.91;24.20;24.20;0.00;0.00;13.86;13.86;0.00;0.00;1;1
50006;NachRezeption;43.62;11.48;11.48;0.00;0.00;10.56;10.56;0.00;0.00;1;1
50006;VorArzt;44.13;10.97;10.97;0.00;0.00;10.56;10.56;0.00;0.00;1;1
50006;NachArzt;54.86;0.25;0.25;0.00;0.00;0.00;0.00;0.00;;1;1
50011;Ankunft;50.03;10.36;9.76;0.60;6.10;8.27;8.27;0.00;0.00;1;1
50011;NachRezeption;51.84;7.95;7.95;0.00;0.00;6.54;6.54;0.00;0.00;1;1
50011;VorSchwester;51.84;7.95;7.95;0.00;0.00;6.54;6.54;0.00;0.00;1;1
50011;NachSchwester;54.04;7.97;5.75;2.22;38.59;4.51;4.51;0.00;0.00;1;1
50011;VorArzt;54.86;6.33;4.93;1.40;28.35;4.51;4.51;0.00;0.00;1;1
50011;NachArzt;58.34;1.46;1.46;0.00;0.00;1.21;1.21;0.00;0.00;1;1
50012;Ankunft;53.85;9.94;10.30;-0.36;-3.52;8.09;8.09;0.00;0.00;1;1
50012;NachRezeption;56.26;6.88;7.89;-1.00;-12.73;5.77;5.77;0.00;0.00;1;1
50012;VorSchwester;56.26;6.88;7.89;-1.00;-12.73;5.77;5.77;0.00;0.00;1;1
50012;NachSchwester;58.47;4.67;5.67;-1.00;-17.70;3.72;3.72;-0.00;-0.00;1;1
50012;VorArzt;59.01;4.83;5.14;-0.30;-5.93;3.72;3.72;-0.00;-0.00;1;1
50012;NachArzt;62.42;1.72;1.72;0.00;0.00;0.47;0.47;-0.00;-0.00;1;1
50014;Ankunft;65.71;9.53;9.53;0.00;0.00;8.75;8.75;0.00;0.00;1;1
50014;NachRezeption;68.07;7.16;7.16;0.00;0.00;6.46;6.46;-0.00;-0.00;1;1
50014;VorArzt;68.36;6.88;6.88;0.00;0.00;6.46;6.46;-0.00;-0.00;1;1
50014;NachArzt;74.99;0.25;0.25;0.00;0.00;0.00;0.00;0.00;;1;1
50018;Ankunft;76.09;16.82;16.40;0.42;2.54;8.36;8.36;0.00;0.00;1;1
50018;NachRezeption;83.49;9.00;9.00;0.00;0.00;7.43;7.43;-0.00;-0.00;1;1
50018;VorSchwester;83.49;9.00;9.00;0.00;0.00;7.43;7.43;-0.00;-0.00;1;1
50018;NachSchwester;87.37;5.12;5.12;0.00;0.00;3.72;3.72;-0.00;-0.00;1;1
50018;VorArzt;88.35;4.14;4.14;0.00;0.00;3.72;3.72;-0.00;-0.00;1;1
50018;NachArzt;92.24;0.25;0.25;0.00;0.00;0.00;0.00;0.00;;1;1
50015;Ankunft;73.42;19.71;19.71;0.00;0.00;18.03;18.03;0.00;0.00;1;1
50015;NachRezeption;74.90;18.23;18.23;0.00;0.00;16.64;16.64;0.00;0.00;1;1
50015;VorArzt;76.07;17.06;17.06;0.00;0.00;16.64;16.64;0.00;0.00;1;1
50015;NachArzt;92.88;0.25;0.25;0.00;0.00;0.00;0.00;0.00;;1;1
50013;Ankunft;61.98;65.09;36.45;28.64;78.58;9.49;9.49;0.00;0.00;0;1
50013;NachRezeption;63.59;31.37;34.84;-3.47;-9.95;7.96;7.96;0.00;0.00;1;1
50013;VorSchwester;63.59;31.37;34.84;-3.47;-9.95;7.96;7.96;0.00;0.00;1;1
50013;NachSchwester;66.59;28.38;31.85;-3.47;-10.89;5.14;5.14;0.00;0.00;1;1
50013;VorArzt;89.41;9.02;9.02;0.00;0.00;5.14;5.14;0.00;0.00;1;1
50013;NachArzt;98.18;0.25;0.25;0.00;0.00;0.00;0.00;0.00;;1;1
50020;Ankunft;78.91;21.97;25.60;-3.63;-14.18;6.75;6.75;0.00;0.00;1;1
50020;NachRezeption;87.42;13.12;17.08;-3.97;-23.22;4.80;4.80;0.00;0.00;1;1
50020;VorArzt;89.10;9.93;15.40;-5.48;-35.57;4.80;4.80;0.00;0.00;0;1
50020;NachArzt;95.99;8.51;8.51;0.00;0.00;1.21;1.21;-0.00;-0.00;1;1
50024;Ankunft;91.36;27.25;16.84;10.41;61.79;13.00;13.00;0.00;0.00;0;1
50024;NachRezeption;94.84;23.94;13.36;10.57;79.11;9.60;9.60;0.00;0.00;0;1
50024;VorArzt;95.40;23.37;12.79;10.57;82.63;9.60;9.60;0.00;0.00;0;1
50024;NachArzt;107.95;0.25;0.25;0.00;0.00;0.00;0.00;0.00;;1;1
50023;Ankunft;90.46;19.17;25.97;-6.81;-26.21;13.56;13.56;0.00;0.00;1;1
50023;NachRezeption;91.20;18.08;25.23;-7.16;-28.36;13.04;13.04;0.00;0.00;1;1
50023;VorArzt;92.39;24.20;24.04;0.16;0.66;13.04;13.04;0.00;0.00;1;1
50023;NachArzt;106.58;9.85;9.85;0.00;0.00;2.61;2.61;-0.00;-0.00;1;1
50016;Ankunft;74.17;35.33;44.07;-8.74;-19.83;13.83;13.83;0.00;0.00;1;1
50016;NachRezeption;82.11;28.57;36.13;-7.56;-20.92;6.62;6.62;-0.00;-0.00;1;1
50016;VorSchwester;82.11;28.57;36.13;-7.56;-20.92;6.62;6.62;-0.00;-0.00;1;1
50016;NachSchwester;85.05;23.46;33.19;-9.73;-29.31;3.85;3.85;-0.00;-0.00;1;1
50016;VorArzt;98.62;18.03;19.62;-1.59;-8.12;3.85;3.85;-0.00;-0.00;1;1
50016;NachArzt;110.10;8.14;8.14;0.00;0.00;0.49;0.49;-0.00;-0.00;1;1
50010;Ankunft;47.14;58.28;72.20;-13.92;-19.28;8.59;8.59;0.00;0.00;1;1
50010;NachRezeption;47.98;56.87;71.35;-14.48;-20.29;8.31;8.31;0.00;0.00;1;1
50010;VorArzt;96.13;17.02;23.20;-6.19;-26.66;8.31;8.31;0.00;0.00;1;1
50010;NachArzt;115.33;4.00;4.00;0.00;0.00;1.09;1.09;-0.00;-0.00;1;1
50029;Ankunft;101.64;21.42;18.95;2.47;13.02;5.46;5.46;0.00;0.00;1;1
50029;NachRezeption;109.82;19.52;10.76;8.76;81.41;3.10;3.10;-0.00;-0.00;0;1
50029;VorArzt;110.34;18.97;10.24;8.73;85.26;3.10;3.10;-0.00;-0.00;0;1
50029;NachArzt;117.90;2.68;2.68;0.00;0.00;0.70;0.70;0.00;0.00;1;1
50005;Ankunft;29.99;91.53;92.92;-1.39;-1.49;11.92;11.92;0.00;0.00;1;1
50005;NachRezeption;40.32;80.65;82.59;-1.94;-2.34;4.48;4.48;0.00;0.00;1;1
50005;VorSchwester;40.32;80.65;82.59;-1.94;-2.34;4.48;4.48;0.00;0.00;1;1
50005;NachSchwester;42.67;78.30;80.23;-1.94;-2.41;2.29;2.29;0.00;0.00;1;1
50005;VorArzt;118.27;4.64;4.64;0.00;0.00;2.29;2.29;0.00;0.00;1;1
50005;NachArzt;122.66;0.25;0.25;0.00;0.00;0.00;0.00;0.00;;1;1
50022;Ankunft;82.50;36.88;42.29;-5.42;-12.81;17.40;17.40;0.00;0.00;1;1
50022;NachRezeption;90.68;19.78;34.11;-14.34;-42.03;16.64;16.64;0.00;0.00;0;1
50022;VorSchwester;90.68;19.78;34.11;-14.34;-42.03;16.64;16.64;0.00;0.00;0;1
50022;NachSchwester;96.15;46.67;28.64;18.03;62.95;11.33;11.33;-0.00;-0.00;0;1
50022;VorArzt;97.64;43.69;27.15;16.55;60.95;11.33;11.33;-0.00;-0.00;0;1
50022;NachArzt;120.20;4.59;4.59;0.00;0.00;1.40;1.40;-0.00;-0.00;1;1
50028;Ankunft;99.07;26.50;29.65;-3.15;-10.62;11.41;11.41;0.00;0.00;1;1
50028;NachRezeption;107.47;25.05;21.24;3.80;17.91;8.36;8.36;0.00;0.00;1;1
50028;VorSchwester;107.47;25.05;21.24;3.80;17.91;8.36;8.36;0.00;0.00;1;1
50028;NachSchwester;109.43;21.13;19.28;1.85;9.57;6.57;6.57;-0.00;-0.00;1;1
50028;VorArzt;111.29;17.89;17.42;0.47;2.71;6.57;6.57;-0.00;-0.00;1;1
50028;NachArzt;120.72;7.99;7.99;0.00;0.00;3.92;3.92;-0.00;-0.00;1;1
50034;Ankunft;116.93;14.68;17.00;-2.33;-13.68;6.62;6.62;0.00;0.00;1;1
50034;NachRezeption;119.80;9.30;14.13;-4.82;-34.14;6.07;6.07;-0.00;-0.00;1;1
50034;VorArzt;120.44;11.03;13.49;-2.46;-18.25;6.07;6.07;-0.00;-0.00;1;1
50034;NachArzt;122.94;10.99;10.99;0.00;0.00;4.01;4.01;-0.00;-0.00;1;1
50009;Ankunft;46.93;72.71;90.85;-18.14;-19.96;6.29;6.29;0.00;0.00;1;1
50009;NachRezeption;47.70;71.95;90.09;-18.14;-20.13;5.76;5.76;0.00;0.00;1;1
50009;VorArzt;113.47;15.19;24.31;-9.12;-37.51;5.76;5.76;0.00;0.00;0;1
50009;NachArzt;137.54;0.25;0.25;0.00;0.00;0.00;0.00;0.00;;1;1
50004;Ankunft;27.86;100.20;110.59;-10.39;-9.40;18.02;18.02;0.00;0.00;1;1
50004;NachRezeption;32.87;88.36;105.58;-17.22;-16.31;13.91;13.91;0.00;0.00;1;1
50004;VorSchwester;32.87;88.36;105.58;-17.22;-16.31;13.91;13.91;0.00;0.00;1;1
50004;NachSchwester;40.48;73.14;97.97;-24.83;-25.34;6.47;6.47;0.00;0.00;1;1
50004;VorArzt;103.60;17.46;34.85;-17.39;-49.90;6.47;6.47;0.00;0.00;0;1
50004;NachArzt;127.89;10.56;10.56;0.00;0.00;1.69;1.69;0.00;0.00;1;1
50025;Ankunft;91.83;33.53;52.31;-18.78;-35.90;18.03;18.03;0.00;0.00;0;1
50025;NachRezeption;99.55;52.13;44.59;7.53;16.89;13.31;13.31;0.00;0.00;1;1
50025;VorSchwester;99.55;52.13;44.59;7.53;16.89;13.31;13.31;0.00;0.00;1;1
50025;NachSchwester;102.59;48.24;41.55;6.68;16.08;10.44;10.44;0.00;0.00;1;1
50025;VorArzt;103.03;47.36;41.11;6.24;15.18;10.44;10.44;0.00;0.00;1;1
50025;NachArzt;129.42;14.72;14.72;0.00;0.00;3.84;3.84;0.00;0.00;1;1
50003;Ankunft;27.61;109.78;117.13;-7.36;-6.28;15.59;15.59;0.00;0.00;1;1
50003;NachRezeption;28.77;96.34;115.98;-19.64;-16.93;14.52;14.52;0.00;0.00;1;1
50003;VorSchwester;28.77;96.34;115.98;-19.64;-16.93;14.52;14.52;0.00;0.00;1;1
50003;NachSchwester;36.66;88.44;108.08;-19.64;-18.17;6.79;6.79;0.00;0.00;1;1
50003;VorArzt;117.90;9.86;26.84;-16.99;-63.27;6.79;6.79;0.00;0.00;0;1
50003;NachArzt;144.49;0.25;0.25;0.00;0.00;0.00;0.00;0.00;;1;1
50027;Ankunft;94.80;34.97;49.99;-15.02;-30.05;8.51;8.51;0.00;0.00;0;1
50027;NachRezeption;103.21;45.71;41.58;4.13;9.92;8.34;8.34;0.00;0.00;1;1
50027;VorSchwester;103.21;45.71;41.58;4.13;9.92;8.34;8.34;0.00;0.00;1;1
50027;NachSchwester;107.51;43.87;37.29;6.58;17.66;4.21;4.21;-0.00;-0.00;1;1
50027;VorArzt;109.37;40.31;35.42;4.89;13.80;4.21;4.21;-0.00;-0.00;1;1
50027;NachArzt;131.61;13.18;13.18;0.00;0.00;0.65;0.65;-0.00;-0.00;1;1
50030;Ankunft;104.99;44.57;39.93;4.64;11.62;13.89;13.89;0.00;0.00;1;1
50030;NachRezeption;110.76;37.25;34.16;3.09;9.05;12.95;12.95;0.00;0.00;1;1
50030;VorSchwester;110.76;37.25;34.16;3.09;9.05;12.95;12.95;0.00;0.00;1;1
50030;NachSchwester;116.08;35.09;28.84;6.25;21.67;7.80;7.80;0.00;0.00;1;1
50030;VorArzt;117.02;34.15;27.91;6.25;22.39;7.80;7.80;0.00;0.00;1;1
50030;NachArzt;144.67;0.25;0.25;0.00;0.00;0.00;0.00;0.00;;1;1
50007;Ankunft;44.69;72.81;102.79;-29.98;-29.17;8.74;8.74;0.00;0.00;1;1
50007;NachRezeption;46.08;71.42;101.40;-29.98;-29.57;7.43;7.43;0.00;0.00;1;1
50007;VorArzt;109.65;16.32;37.83;-21.51;-56.86;7.43;7.43;0.00;0.00;0;1
50007;NachArzt;136.70;10.78;10.78;0.00;0.00;0.32;0.32;0.00;0.00;1;1
50021;Ankunft;79.63;58.52;73.96;-15.44;-20.88;16.33;16.33;0.00;0.00;1;1
50021;NachRezeption;89.91;42.86;63.67;-20.82;-32.69;13.84;13.84;0.00;0.00;0;1
50021;VorSchwester;89.91;42.86;63.67;-20.82;-32.69;13.84;13.84;0.00;0.00;0;1
50021;NachSchwester;95.42;38.64;58.17;-19.53;-33.57;8.50;8.50;0.00;0.00;0;1
50021;VorArzt;123.86;12.95;29.73;-16.78;-56.45;8.50;8.50;0.00;0.00;0;1
50021;NachArzt;153.34;0.25;0.25;0.00;0.00;0.00;0.00;0.00;;1;1
50041;Ankunft;134.81;25.63;24.41;1.22;5.00;6.21;6.21;0.00;0.00;1;1
50041;NachRezeption;147.08;10.51;12.14;-1.63;-13.45;3.84;3.84;0.00;0.00;1;1
50041;VorArzt;147.96;9.63;11.27;-1.63;-14.49;3.84;3.84;0.00;0.00;1;1
50041;NachArzt;158.97;0.25;0.25;0.00;0.00;0.00;0.00;0.00;;1;1
50040;Ankunft;129.04;34.68;31.01;3.67;11.85;6.59;6.59;0.00;0.00;1;1
50040;NachRezeption;140.22;18.85;19.83;-0.98;-4.96;6.30;6.30;0.00;0.00;1;1
50040;VorArzt;143.53;9.72;16.52;-6.80;-41.16;6.30;6.30;0.00;0.00;0;1
50040;NachArzt;159.80;0.25;0.25;0.00;0.00;0.00;0.00;0.00;;1;1
50035;Ankunft;119.16;44.08;46.78;-2.70;-5.78;6.60;6.60;0.00;0.00;1;1
50035;NachRezeption;121.71;36.60;44.24;-7.63;-17.25;5.39;5.39;-0.00;-0.00;1;1
50035;VorSchwester;121.71;36.60;44.24;-7.63;-17.25;5.39;5.39;-0.00;-0.00;1;1
50035;NachSchwester;124.18;32.97;41.76;-8.79;-21.04;3.08;3.08;0.00;0.00;1;1
50035;VorArzt;143.97;23.78;21.97;1.81;8.26;3.08;3.08;0.00;0.00;1;1
50035;NachArzt;146.70;19.24;19.24;0.00;0.00;1.04;1.04;0.00;0.00;1;1
50026;Ankunft;93.96;32.09;77.62;-45.54;-58.66;14.85;14.85;0.00;0.00;0;1
50026;NachRezeption;103.04;46.26;68.54;-22.28;-32.51;11.36;11.36;0.00;0.00;0;1
50026;VorArzt;103.23;46.07;68.35;-22.28;-32.60;11.36;11.36;0.00;0.00;0;1
50026;NachArzt;171.33;0.25;0.25;0.00;0.00;0.00;0.00;0.00;;1;1
50039;Ankunft;128.74;44.97;46.44;-1.47;-3.16;9.51;9.51;0.00;0.00;1;1
50039;NachRezeption;139.94;25.00;35.25;-10.24;-29.06;7.94;7.94;0.00;0.00;1;1
50039;VorArzt;141.14;28.37;34.05;-5.67;-16.66;7.94;7.94;0.00;0.00;1;1
50039;NachArzt;152.69;22.50;22.50;0.00;0.00;2.12;2.12;0.00;0.00;1;1
50042;Ankunft;136.91;32.44;39.95;-7.51;-18.79;5.95;5.95;0.00;0.00;1;1
50042;NachRezeption;149.99;29.47;26.87;2.60;9.67;3.36;3.36;-0.00;-0.00;1;1
50042;VorArzt;150.88;27.69;25.98;1.71;6.58;3.36;3.36;-0.00;-0.00;1;1
50042;NachArzt;154.97;21.89;21.89;0.00;0.00;1.25;1.25;-0.00;-0.00;1;1
50045;Ankunft;141.05;35.21;37.12;-1.92;-5.17;5.49;5.49;0.00;0.00;1;1
50045;NachRezeption;155.76;27.03;22.41;4.62;20.60;4.37;4.37;0.00;0.00;1;1
50045;VorSchwester;155.76;27.03;22.41;4.62;20.60;4.37;4.37;0.00;0.00;1;1
50045;NachSchwester;158.07;22.24;20.10;2.14;10.65;2.22;2.22;-0.00;-0.00;1;1
50045;VorArzt;158.30;21.78;19.87;1.91;9.61;2.22;2.22;-0.00;-0.00;1;1
50045;NachArzt;160.05;18.13;18.13;0.00;0.00;1.32;1.32;-0.00;-0.00;1;1
50033;Ankunft;107.04;77.52;75.02;2.51;3.34;8.97;8.97;0.00;0.00;1;1
50033;NachRezeption;117.67;58.10;64.39;-6.29;-9.77;7.65;7.65;0.00;0.00;1;1
50033;VorSchwester;117.67;58.10;64.39;-6.29;-9.77;7.65;7.65;0.00;0.00;1;1
50033;NachSchwester;121.05;54.72;61.01;-6.29;-10.31;4.44;4.44;0.00;0.00;1;1
50033;VorArzt;170.91;7.23;11.15;-3.92;-35.19;4.44;4.44;0.00;0.00;1;1
50033;NachArzt;181.81;0.25;0.25;0.00;0.00;0.00;0.00;0.00;;1;1
50053;Ankunft;162.03;31.68;24.49;7.19;29.35;4.94;4.94;0.00;0.00;1;1
50053;NachRezeption;178.73;7.79;7.79;0.00;0.00;4.29;4.29;0.00;0.00;1;1
50053;VorArzt;179.36;7.16;7.16;0.00;0.00;4.29;4.29;0.00;0.00;1;1
50053;NachArzt;186.27;0.25;0.25;0.00;0.00;0.00;0.00;0.00;;1;1
50055;Ankunft;162.67;33.92;30.70;3.23;10.51;5.86;5.86;0.00;0.00;1;1
50055;NachRezeption;182.20;12.98;11.18;1.80;16.13;4.97;4.97;0.00;0.00;1;1
50055;VorSchwester;182.20;12.98;11.18;1.80;16.13;4.97;4.97;0.00;0.00;1;1
50055;NachSchwester;185.04;8.17;8.34;-0.17;-2.00;2.30;2.30;-0.00;-0.00;1;1
50055;VorArzt;188.18;5.19;5.19;0.00;0.00;2.30;2.30;-0.00;-0.00;1;1
50055;NachArzt;193.12;0.25;0.25;0.00;0.00;0.00;0.00;0.00;;1;1
50057;Ankunft;163.10;41.12;35.26;5.86;16.63;5.78;5.78;0.00;0.00;1;1
50057;NachRezeption;183.80;14.77;14.55;0.22;1.51;5.48;5.48;0.00;0.00;1;1
50057;VorArzt;184.42;14.15;13.94;0.22;1.58;5.48;5.48;0.00;0.00;1;1
50057;NachArzt;198.11;0.25;0.25;0.00;0.00;0.00;0.00;0.00;;1;1
50031;Ankunft;105.60;59.66;93.43;-33.77;-36.15;15.52;15.52;0.00;0.00;0;1
50031;NachRezeption;111.94;55.37;87.09;-31.72;-36.42;14.34;14.34;0.00;0.00;0;1
50031;VorArzt;112.75;53.76;86.28;-32.52;-37.69;14.34;14.34;0.00;0.00;0;1
50031;NachArzt;173.02;26.01;26.01;0.00;0.00;1.53;1.53;-0.00;-0.00;1;1
50060;Ankunft;166.56;37.20;38.50;-1.30;-3.39;13.38;13.38;0.00;0.00;1;1
50060;NachRezeption;191.55;17.90;13.51;4.38;32.44;8.33;8.33;-0.00;-0.00;1;1
50060;VorSchwester;191.55;17.90;13.51;4.38;32.44;8.33;8.33;-0.00;-0.00;1;1
50060;NachSchwester;195.13;17.27;9.94;7.33;73.77;4.92;4.92;-0.00;-0.00;0;1
50060;VorArzt;195.81;16.58;9.25;7.33;79.22;4.92;4.92;-0.00;-0.00;0;1
50060;NachArzt;204.81;0.25;0.25;0.00;0.00;0.00;0.00;0.00;;1;1
50050;Ankunft;148.82;53.07;57.03;-3.96;-6.94;8.13;8.13;0.00;0.00;1;1
50050;NachRezeption;169.49;32.58;36.36;-3.78;-10.40;7.33;7.33;0.00;0.00;1;1
50050;VorArzt;190.71;9.50;15.15;-5.65;-37.29;7.33;7.33;0.00;0.00;0;1
50050;NachArzt;205.60;0.25;0.25;0.00;0.00;0.00;0.00;0.00;;1;1
50047;Ankunft;146.09;45.44;65.43;-19.99;-30.55;4.47;4.47;0.00;0.00;0;1
50047;NachRezeption;164.82;33.69;46.70;-13.01;-27.87;3.39;3.39;0.00;0.00;1;1
50047;VorArzt;165.45;32.43;46.07;-13.65;-29.62;3.39;3.39;0.00;0.00;1;1
50047;NachArzt;173.45;38.08;38.08;0.00;0.00;1.44;1.44;-0.00;-0.00;1;1
50061;Ankunft;168.74;37.26;43.79;-6.53;-14.91;7.04;7.04;0.00;0.00;1;1
50061;NachRezeption;194.56;13.98;17.97;-3.99;-22.18;4.02;4.02;0.00;0.00;1;1
50061;VorArzt;197.45;6.71;15.08;-8.37;-55.50;4.02;4.02;0.00;0.00;0;1
50061;NachArzt;212.29;0.25;0.25;0.00;0.00;0.00;0.00;0.00;;1;1
50056;Ankunft;162.77;50.10;51.68;-1.58;-3.06;4.88;4.88;0.00;0.00;1;1
50056;NachRezeption;183.50;40.18;30.95;9.22;29.80;3.57;3.57;0.00;0.00;1;1
50056;VorSchwester;184.03;32.29;30.42;1.87;6.14;3.57;3.57;0.00;0.00;1;1
50056;NachSchwester;186.51;33.46;27.94;5.52;19.74;2.26;2.26;-0.00;-0.00;1;1
50056;VorArzt;210.40;4.05;4.05;0.00;0.00;2.26;2.26;-0.00;-0.00;1;1
50056;NachArzt;214.20;0.25;0.25;0.00;0.00;0.00;0.00;0.00;;1;1
50008;Ankunft;46.08;134.21;169.70;-35.49;-20.91;5.75;5.75;0.00;0.00;1;1
50008;NachRezeption;47.17;125.60;168.60;-43.01;-25.51;4.74;4.74;0.00;0.00;1;1
50008;VorSchwester;47.17;125.60;168.60;-43.01;-25.51;4.74;4.74;0.00;0.00;1;1
50008;NachSchwester;48.65;123.31;167.13;-43.82;-26.22;3.42;3.42;0.00;0.00;1;1
50008;VorArzt;168.12;30.48;47.66;-17.18;-36.04;3.42;3.42;0.00;0.00;0;1
50008;NachArzt;175.42;40.35;40.35;0.00;0.00;1.19;1.19;0.00;0.00;1;1
50017;Ankunft;74.89;101.62;144.15;-42.53;-29.51;6.80;6.80;0.00;0.00;1;1
50017;NachRezeption;82.57;94.82;136.47;-41.66;-30.52;6.34;6.34;0.00;0.00;0;1
50017;VorArzt;162.52;36.05;56.52;-20.47;-36.21;6.34;6.34;0.00;0.00;0;1
50017;NachArzt;177.20;41.84;41.84;0.00;0.00;2.75;2.75;0.00;0.00;1;1
50063;Ankunft;170.55;40.90;48.58;-7.67;-15.80;7.45;7.45;0.00;0.00;1;1
50063;NachRezeption;197.42;21.58;21.71;-0.14;-0.64;6.43;6.43;0.00;0.00;1;1
50063;VorArzt;197.97;14.31;21.16;-6.85;-32.36;6.43;6.43;0.00;0.00;0;1
50063;NachArzt;218.88;0.25;0.25;0.00;0.00;0.00;0.00;0.00;;1;1
50019;Ankunft;77.77;101.86;152.39;-50.54;-33.16;12.74;12.74;0.00;0.00;0;1
50019;NachRezeption;85.47;89.14;144.70;-55.56;-38.40;10.77;10.77;0.00;0.00;0;1
50019;VorSchwester;85.47;89.14;144.70;-55.56;-38.40;10.77;10.77;0.00;0.00;0;1
50019;NachSchwester;91.75;80.72;138.41;-57.68;-41.68;4.65;4.65;0.00;0.00;0;1
50019;VorArzt;164.33;33.24;65.83;-32.60;-49.51;4.65;4.65;0.00;0.00;0;1
50019;NachArzt;177.89;52.27;52.27;0.00;0.00;2.35;2.35;0.00;0.00;1;1
50064;Ankunft;173.18;48.57;57.41;-8.84;-15.40;20.87;20.87;0.00;0.00;1;1
50064;NachRezeption;207.91;18.45;22.68;-4.22;-18.63;11.91;11.91;0.00;0.00;1;1
50064;VorArzt;208.18;18.18;22.41;-4.22;-18.85;11.91;11.91;0.00;0.00;1;1
50064;NachArzt;230.34;0.25;0.25;0.00;0.00;0.00;0.00;0.00;;1;1
50049;Ankunft;148.69;56.54;90.40;-33.86;-37.46;17.53;17.53;0.00;0.00;0;1
50049;NachRezeption;168.69;43.95;70.40;-26.45;-37.57;15.30;15.30;0.00;0.00;0;1
50049;VorSchwester;168.69;43.95;70.40;-26.45;-37.57;15.30;15.30;0.00;0.00;0;1
50049;NachSchwester;173.80;56.26;65.29;-9.03;-13.83;10.36;10.36;0.00;0.00;1;1
50049;VorArzt;174.17;55.51;64.92;-9.40;-14.49;10.36;10.36;0.00;0.00;1;1
50049;NachArzt;186.24;52.85;52.85;0.00;0.00;2.18;2.18;0.00;0.00;1;1
50068;Ankunft;175.79;65.09;64.14;0.95;1.49;16.32;16.32;0.00;0.00;1;1
50068;NachRezeption;216.20;28.96;23.73;5.24;22.08;15.81;15.81;-0.00;-0.00;1;1
50068;VorSchwester;216.20;28.96;23.73;5.24;22.08;15.81;15.81;-0.00;-0.00;1;1
50068;NachSchwester;219.19;20.41;20.74;-0.33;-1.61;12.99;12.99;-0.00;-0.00;1;1
50068;VorArzt;220.56;19.04;19.37;-0.33;-1.72;12.99;12.99;-0.00;-0.00;1;1
50068;NachArzt;239.68;0.25;0.25;0.00;0.00;0.00;0.00;0.00;;1;1
50058;Ankunft;164.47;52.92;75.74;-22.82;-30.13;6.16;6.16;0.00;0.00;0;1
50058;NachRezeption;184.60;59.66;55.61;4.05;7.28;5.37;5.37;0.00;0.00;1;1
50058;VorArzt;185.09;58.66;55.11;3.55;6.44;5.37;5.37;0.00;0.00;1;1
50058;NachArzt;190.66;49.55;49.55;0.00;0.00;1.12;1.12;0.00;0.00;1;1
50051;Ankunft;149.95;53.87;93.85;-39.98;-42.60;10.72;10.72;0.00;0.00;0;1
50051;NachRezeption;172.98;36.66;70.82;-34.16;-48.23;7.23;7.23;-0.00;-0.00;0;1
50051;VorArzt;174.43;47.96;69.37;-21.41;-30.87;7.23;7.23;-0.00;-0.00;0;1
50051;NachArzt;192.46;51.34;51.34;0.00;0.00;1.21;1.21;-0.00;-0.00;1;1
50072;Ankunft;182.40;67.64;62.95;4.69;7.45;7.36;7.36;0.00;0.00;1;1
50072;NachRezeption;234.82;10.36;10.53;-0.17;-1.58;5.98;5.98;0.00;0.00;1;1
50072;VorArzt;235.57;9.61;9.78;-0.17;-1.70;5.98;5.98;0.00;0.00;1;1
50072;NachArzt;245.10;0.25;0.25;0.00;0.00;0.00;0.00;0.00;;1;1
50032;Ankunft;105.97;109.26;149.97;-40.71;-27.15;17.80;17.80;0.00;0.00;1;1
50032;NachRezeption;113.74;89.20;142.21;-53.01;-37.28;16.00;16.00;-0.00;-0.00;0;1
50032;VorSchwester;113.74;89.20;142.21;-53.01;-37.28;16.00;16.00;-0.00;-0.00;0;1
50032;NachSchwester;117.32;83.68;138.63;-54.95;-39.64;12.59;12.59;0.00;0.00;0;1
50032;VorArzt;185.51;65.08;70.43;-5.35;-7.60;12.59;12.59;0.00;0.00;1;1
50032;NachArzt;199.73;56.22;56.22;0.00;0.00;6.15;6.15;-0.00;-0.00;1;1
50079;Ankunft;199.85;280.07;58.92;221.15;375.32;22.49;;;;0;1
50079;NachRezeption;258.69;263.53;0.08;263.45;316134.22;19.66;;;;0;0
50115;Ankunft;259.01;251.73;0.00;251.73;;30.68;;;;0;0
50062;Ankunft;169.77;61.18;91.58;-30.40;-33.19;5.16;5.16;0.00;0.00;0;1
50062;NachRezeption;196.40;61.85;64.96;-3.11;-4.79;3.32;3.32;0.00;0.00;1;1
50062;VorArzt;201.13;64.97;60.22;4.74;7.88;3.32;3.32;0.00;0.00;1;1
50062;NachArzt;208.10;53.26;53.26;0.00;0.00;0.20;0.20;0.00;0.00;1;1
50116;Ankunft;261.82;233.21;0.00;233.21;;16.69;;;;0;0
50076;Ankunft;192.81;67.92;72.28;-4.36;-6.03;8.47;8.47;0.00;0.00;1;1
50076;NachRezeption;246.80;21.03;18.29;2.75;15.01;5.38;5.38;0.00;0.00;1;1
50076;VorArzt;249.87;14.08;15.22;-1.14;-7.48;5.38;5.38;0.00;0.00;1;1
50076;NachArzt;264.84;0.25;0.25;0.00;0.00;0.00;0.00;0.00;;1;1
50043;Ankunft;140.13;82.06;128.14;-46.08;-35.96;17.51;17.51;0.00;0.00;0;1
50043;NachRezeption;151.05;75.86;117.22;-41.36;-35.29;16.45;16.45;0.00;0.00;0;1
50043;VorSchwester;151.05;75.86;117.22;-41.36;-35.29;16.45;16.45;0.00;0.00;0;1
50043;NachSchwester;160.54;62.00;107.74;-45.74;-42.45;7.13;7.13;0.00;0.00;0;1
50043;VorArzt;197.44;58.21;70.84;-12.62;-17.82;7.13;7.13;0.00;0.00;1;1
50043;NachArzt;211.77;56.50;56.50;0.00;0.00;1.13;1.13;-0.00;-0.00;1;1
50059;Ankunft;164.48;95.45;106.14;-10.70;-10.08;17.37;17.37;0.00;0.00;1;1
50059;NachRezeption;186.50;73.42;84.12;-10.70;-12.72;15.46;15.46;0.00;0.00;1;1
50059;VorSchwester;198.05;62.99;72.57;-9.57;-13.19;15.46;15.46;0.00;0.00;1;1
50059;NachSchwester;201.97;59.08;68.65;-9.57;-13.95;11.72;11.72;0.00;0.00;1;1
50059;VorArzt;247.79;14.74;22.83;-8.09;-35.43;11.72;11.72;0.00;0.00;0;1
50059;NachArzt;270.37;0.25;0.25;0.00;0.00;0.00;0.00;0.00;;1;1
50120;Ankunft;274.06;228.33;0.00;228.33;;15.85;;;;0;0
50080;Ankunft;201.14;74.48;73.52;0.96;1.31;10.66;10.66;0.00;0.00;1;1
50080;NachRezeption;260.23;13.90;14.44;-0.53;-3.68;9.12;9.12;0.00;0.00;1;1
50080;VorSchwester;260.23;13.90;14.44;-0.53;-3.68;9.12;9.12;0.00;0.00;1;1
50080;NachSchwester;265.63;9.03;9.03;0.00;0.00;3.88;3.88;0.00;0.00;1;1
50080;VorArzt;266.04;8.62;8.62;0.00;0.00;3.88;3.88;0.00;0.00;1;1
50080;NachArzt;274.41;0.25;0.25;0.00;0.00;0.00;0.00;0.00;;1;1
50085;Ankunft;211.02;68.78;73.03;-4.25;-5.82;8.30;8.30;0.00;0.00;1;1
50085;NachRezeption;267.06;14.10;16.99;-2.89;-16.99;6.50;6.50;0.00;0.00;1;1
50085;VorArzt;268.21;12.95;15.84;-2.89;-18.22;6.50;6.50;0.00;0.00;1;1
50085;NachArzt;283.80;0.25;0.25;0.00;0.00;0.00;0.00;0.00;;1;1
50121;Ankunft;289.03;199.22;0.00;199.22;;10.18;;;;0;0
50123;Ankunft;294.26;192.41;0.00;192.41;;17.34;;;;0;0
50124;Ankunft;295.79;234.58;0.00;234.58;;30.79;;;;0;0
50037;Ankunft;122.01;56.88;175.06;-118.18;-67.51;24.17;24.17;0.00;0.00;0;1
50037;NachRezeption;129.84;41.16;167.23;-126.07;-75.39;22.96;22.96;0.00;0.00;0;1
50037;VorSchwester;129.84;41.16;167.23;-126.07;-75.39;22.96;22.96;0.00;0.00;0;1
50037;NachSchwester;140.11;40.46;156.95;-116.50;-74.22;12.85;12.85;0.00;0.00;0;1
50037;VorArzt;140.89;45.03;156.18;-111.14;-71.17;12.85;12.85;0.00;0.00;0;1
50037;NachArzt;296.82;0.25;0.25;0.00;0.00;0.00;0.00;0.00;;1;1
50044;Ankunft;140.92;59.74;158.77;-99.02;-62.37;17.88;17.88;0.00;0.00;0;1
50044;NachRezeption;154.64;39.43;145.05;-105.62;-72.81;14.30;14.30;-0.00;-0.00;0;1
50044;VorArzt;155.39;38.68;144.30;-105.62;-73.19;14.30;14.30;-0.00;-0.00;0;1
50044;NachArzt;299.44;0.25;0.25;0.00;0.00;0.00;0.00;0.00;;1;1
50065;Ankunft;173.26;83.72;128.10;-44.38;-34.65;9.95;9.95;0.00;0.00;0;1
50065;NachRezeption;210.00;62.82;91.36;-28.54;-31.24;7.86;7.86;0.00;0.00;0;1
50065;VorSchwester;210.00;62.82;91.36;-28.54;-31.24;7.86;7.86;0.00;0.00;0;1
50065;NachSchwester;212.15;65.19;89.22;-24.03;-26.93;5.88;5.88;0.00;0.00;1;1
50065;VorArzt;213.24;63.81;88.12;-24.31;-27.59;5.88;5.88;0.00;0.00;1;1
50065;NachArzt;218.26;83.10;83.10;0.00;0.00;1.99;1.99;0.00;0.00;1;1
50067;Ankunft;175.16;89.35;129.24;-39.89;-30.87;8.99;8.99;0.00;0.00;0;1
50067;NachRezeption;214.50;64.35;89.89;-25.54;-28.41;6.73;6.73;0.00;0.00;1;1
50067;VorSchwester;214.50;64.35;89.89;-25.54;-28.41;6.73;6.73;0.00;0.00;1;1
50067;NachSchwester;217.29;78.16;87.10;-8.95;-10.27;4.10;4.10;0.00;0.00;1;1
50067;VorArzt;218.74;87.21;85.66;1.55;1.81;4.10;4.10;0.00;0.00;1;1
50067;NachArzt;221.56;82.84;82.84;0.00;0.00;1.60;1.60;0.00;0.00;1;1
50066;Ankunft;174.54;93.99;135.61;-41.62;-30.69;12.16;12.16;0.00;0.00;0;1
50066;NachRezeption;212.24;70.52;97.91;-27.39;-27.97;11.36;11.36;0.00;0.00;1;1
50066;VorSchwester;212.24;70.52;97.91;-27.39;-27.97;11.36;11.36;0.00;0.00;1;1
50066;NachSchwester;217.05;81.25;93.10;-11.85;-12.72;6.72;6.72;-0.00;-0.00;1;1
50066;VorArzt;217.65;92.51;92.50;0.02;0.02;6.72;6.72;-0.00;-0.00;1;1
50066;NachArzt;224.93;85.21;85.21;0.00;0.00;3.51;3.51;-0.00;-0.00;1;1
50036;Ankunft;120.17;112.73;191.05;-78.32;-40.99;5.48;5.48;0.00;0.00;0;1
50036;NachRezeption;123.31;114.81;187.91;-73.10;-38.90;3.87;3.87;0.00;0.00;0;1
50036;VorSchwester;123.31;114.81;187.91;-73.10;-38.90;3.87;3.87;0.00;0.00;0;1
50036;NachSchwester;124.85;111.73;186.37;-74.64;-40.05;2.50;2.50;0.00;0.00;0;1
50036;VorArzt;224.67;85.07;86.55;-1.48;-1.71;2.50;2.50;0.00;0.00;1;1
50036;NachArzt;226.53;84.69;84.69;0.00;0.00;1.07;1.07;0.00;0.00;1;1
50127;Ankunft;320.78;276.15;0.00;276.15;;18.19;;;;0;0
50094;Ankunft;223.10;101.81;99.74;2.07;2.08;11.29;11.29;0.00;0.00;1;1
50094;NachRezeption;306.55;16.46;16.29;0.17;1.02;9.04;9.04;0.00;0.00;1;1
50094;VorSchwester;306.55;16.46;16.29;0.17;1.02;9.04;9.04;0.00;0.00;1;1
50094;NachSchwester;311.74;11.11;11.11;0.00;0.00;4.03;4.03;0.00;0.00;1;1
50094;VorArzt;312.87;9.98;9.98;0.00;0.00;4.03;4.03;0.00;0.00;1;1
50094;NachArzt;322.59;0.25;0.25;0.00;0.00;0.00;0.00;0.00;;1;1
50128;Ankunft;324.60;255.66;0.00;255.66;;14.04;;;;0;0
50101;Ankunft;235.87;92.82;93.63;-0.81;-0.87;4.06;4.06;0.00;0.00;1;1
50101;NachRezeption;323.43;5.37;6.07;-0.70;-11.55;3.04;3.04;0.00;0.00;1;1
50101;VorArzt;324.42;4.38;5.08;-0.70;-13.82;3.04;3.04;0.00;0.00;1;1
50101;NachArzt;329.25;0.25;0.25;0.00;0.00;0.00;0.00;0.00;;1;1
50069;Ankunft;177.34;108.29;155.73;-47.44;-30.46;23.03;23.03;0.00;0.00;0;1
50069;NachRezeption;227.73;100.68;105.34;-4.65;-4.42;14.26;14.26;0.00;0.00;1;1
50069;VorArzt;228.23;99.69;104.84;-5.15;-4.91;14.26;14.26;0.00;0.00;1;1
50069;NachArzt;237.48;95.58;95.58;0.00;0.00;7.27;7.27;0.00;0.00;1;1
50071;Ankunft;180.62;110.83;154.38;-43.55;-28.21;5.16;5.16;0.00;0.00;1;1
50071;NachRezeption;233.44;92.53;101.55;-9.02;-8.88;3.23;3.23;-0.00;-0.00;1;1
50071;VorArzt;233.96;93.12;101.03;-7.92;-7.84;3.23;3.23;-0.00;-0.00;1;1
50071;NachArzt;238.95;96.05;96.05;0.00;0.00;1.93;1.93;-0.00;-0.00;1;1
50131;Ankunft;342.31;274.28;0.00;274.28;;36.36;;;;0;0
50038;Ankunft;125.28;133.86;219.92;-86.06;-39.13;7.49;7.49;0.00;0.00;0;1
50038;NachRezeption;136.68;120.07;208.52;-88.45;-42.42;4.66;4.66;0.00;0.00;0;1
50038;VorSchwester;136.68;120.07;208.52;-88.45;-42.42;4.66;4.66;0.00;0.00;0;1
50038;NachSchwester;138.85;118.63;206.35;-87.72;-42.51;2.65;2.65;0.00;0.00;0;1
50038;VorArzt;243.28;101.67;101.93;-0.25;-0.25;2.65;2.65;0.00;0.00;1;1
50038;NachArzt;247.71;97.49;97.49;0.00;0.00;0.21;0.21;0.00;0.00;1;1
50100;Ankunft;235.73;117.09;110.40;6.69;6.06;8.34;8.34;0.00;0.00;1;1
50100;NachRezeption;322.40;23.54;23.73;-0.19;-0.79;7.06;7.06;0.00;0.00;1;1
50100;VorSchwester;322.40;23.54;23.73;-0.19;-0.79;7.06;7.06;0.00;0.00;1;1
50100;NachSchwester;326.21;30.13;19.92;10.21;51.22;3.42;3.42;0.00;0.00;0;1
50100;VorArzt;339.96;6.17;6.17;0.00;0.00;3.42;3.42;0.00;0.00;1;1
50100;NachArzt;345.88;0.25;0.25;0.00;0.00;0.00;0.00;0.00;;1;1
50075;Ankunft;191.89;107.83;160.13;-52.30;-32.66;7.38;7.38;0.00;0.00;0;1
50075;NachRezeption;242.51;107.99;109.51;-1.52;-1.39;4.99;4.99;0.00;0.00;1;1
50075;VorArzt;244.35;101.85;107.67;-5.81;-5.40;4.99;4.99;0.00;0.00;1;1
50075;NachArzt;250.49;101.54;101.54;0.00;0.00;2.39;2.39;-0.00;-0.00;1;1
50105;Ankunft;241.79;123.05;111.34;11.71;10.52;11.11;11.11;0.00;0.00;1;1
50105;NachRezeption;340.06;13.07;13.07;0.00;0.00;8.45;8.45;0.00;0.00;1;1
50105;VorArzt;340.45;12.67;12.67;0.00;0.00;8.45;8.45;0.00;0.00;1;1
50105;NachArzt;352.87;0.25;0.25;0.00;0.00;0.00;0.00;0.00;;1;1
50132;Ankunft;353.37;170.20;0.00;170.20;;4.48;;;;0;0
50107;Ankunft;245.88;119.49;108.32;11.18;10.32;11.82;11.82;0.00;0.00;1;1
50107;NachRezeption;344.91;9.29;9.29;0.00;0.00;7.90;7.90;0.00;0.00;1;1
50107;VorArzt;345.45;8.75;8.75;0.00;0.00;7.90;7.90;0.00;0.00;1;1
50107;NachArzt;353.95;0.25;0.25;0.00;0.00;0.00;0.00;0.00;;1;1
50070;Ankunft;180.55;126.22;174.27;-48.05;-27.57;20.13;20.13;0.00;0.00;1;1
50070;NachRezeption;231.51;104.16;123.32;-19.16;-15.54;18.71;18.71;0.00;0.00;1;1
50070;VorSchwester;231.51;104.16;123.32;-19.16;-15.54;18.71;18.71;0.00;0.00;1;1
50070;NachSchwester;235.53;105.01;119.30;-14.29;-11.98;14.85;14.85;0.00;0.00;1;1
50070;VorArzt;236.59;104.30;118.24;-13.94;-11.79;14.85;14.85;0.00;0.00;1;1
50070;NachArzt;251.90;102.93;102.93;0.00;0.00;2.80;2.80;-0.00;-0.00;1;1
50077;Ankunft;196.94;112.51;158.21;-45.70;-28.89;4.38;4.38;0.00;0.00;1;1
50077;NachRezeption;247.44;103.27;107.71;-4.44;-4.12;3.75;3.75;-0.00;-0.00;1;1
50077;VorSchwester;247.44;103.27;107.71;-4.44;-4.12;3.75;3.75;-0.00;-0.00;1;1
50077;NachSchwester;249.02;102.01;106.12;-4.11;-3.87;2.33;2.33;-0.00;-0.00;1;1
50077;VorArzt;249.50;102.24;105.65;-3.41;-3.23;2.33;2.33;-0.00;-0.00;1;1
50077;NachArzt;252.66;102.49;102.49;0.00;0.00;0.32;0.32;-0.00;-0.00;1;1
50109;Ankunft;249.17;104.32;107.72;-3.40;-3.16;4.77;4.77;0.00;0.00;1;1
50109;NachRezeption;348.01;12.47;8.88;3.59;40.40;3.60;3.60;0.00;0.00;1;1
50109;VorArzt;349.27;11.20;7.62;3.59;47.11;3.60;3.60;0.00;0.00;1;1
50109;NachArzt;356.64;0.25;0.25;0.00;0.00;0.00;0.00;0.00;;1;1
50074;Ankunft;184.37;125.30;175.84;-50.55;-28.75;11.26;11.26;0.00;0.00;1;1
50074;NachRezeption;236.83;104.79;123.38;-18.59;-15.07;10.22;10.22;-0.00;-0.00;1;1
50074;VorSchwester;236.83;104.79;123.38;-18.59;-15.07;10.22;10.22;-0.00;-0.00;1;1
50074;NachSchwester;240.82;107.62;119.39;-11.76;-9.85;6.39;6.39;-0.00;-0.00;1;1
50074;VorArzt;241.96;110.49;118.25;-7.76;-6.56;6.39;6.39;-0.00;-0.00;1;1
50074;NachArzt;258.49;101.72;101.72;0.00;0.00;0.73;0.73;0.00;0.00;1;1
50073;Ankunft;183.92;127.75;178.50;-50.74;-28.43;15.34;15.34;0.00;0.00;1;1
50073;NachRezeption;235.79;111.67;126.63;-14.96;-11.81;14.37;14.37;-0.00;-0.00;1;1
50073;VorSchwester;235.79;111.67;126.63;-14.96;-11.81;14.37;14.37;-0.00;-0.00;1;1
50073;NachSchwester;240.89;116.19;121.53;-5.34;-4.39;9.44;9.44;0.00;0.00;1;1
50073;VorArzt;241.74;116.97;120.67;-3.70;-3.07;9.44;9.44;0.00;0.00;1;1
50073;NachArzt;259.29;103.13;103.13;0.00;0.00;2.21;2.21;-0.00;-0.00;1;1
50133;Ankunft;369.68;195.23;0.00;195.23;;7.54;;;;0;0
50078;Ankunft;198.10;125.36;172.53;-47.17;-27.34;13.03;13.03;0.00;0.00;1;1
50078;NachRezeption;249.71;124.83;120.91;3.92;3.24;10.75;10.75;0.00;0.00;1;1
50078;VorArzt;253.20;120.86;117.43;3.44;2.93;10.75;10.75;0.00;0.00;1;1
50078;NachArzt;269.84;100.79;100.79;0.00;0.00;5.92;5.92;-0.00;-0.00;1;1
50086;Ankunft;211.92;122.90;160.73;-37.83;-23.54;6.58;6.58;0.00;0.00;1;1
50086;NachRezeption;268.98;104.73;103.68;1.05;1.02;5.79;5.79;0.00;0.00;1;1
50086;VorSchwester;268.98;104.73;103.68;1.05;1.02;5.79;5.79;0.00;0.00;1;1
50086;NachSchwester;271.70;106.30;100.96;5.34;5.29;3.23;3.23;0.00;0.00;1;1
50086;VorArzt;272.57;104.55;100.08;4.47;4.47;3.23;3.23;0.00;0.00;1;1
50086;NachArzt;276.87;95.78;95.78;0.00;0.00;0.94;0.94;0.00;0.00;1;1
50113;Ankunft;255.33;125.34;118.60;6.74;5.68;9.15;9.15;0.00;0.00;1;1
50113;NachRezeption;358.32;15.60;15.60;0.00;0.00;8.49;8.49;0.00;0.00;1;1
50113;VorArzt;359.01;14.91;14.91;0.00;0.00;8.49;8.49;0.00;0.00;1;1
50113;NachArzt;373.67;0.25;0.25;0.00;0.00;0.00;0.00;0.00;;1;1
50083;Ankunft;210.39;121.44;164.05;-42.61;-25.97;10.44;10.44;0.00;0.00;1;1
50083;NachRezeption;263.85;115.92;110.59;5.33;4.82;8.91;8.91;0.00;0.00;1;1
50083;VorArzt;264.38;114.87;110.06;4.81;4.37;8.91;8.91;0.00;0.00;1;1
50083;NachArzt;277.13;97.31;97.31;0.00;0.00;1.78;1.78;-0.00;-0.00;1;1
50088;Ankunft;214.90;131.63;161.42;-29.78;-18.45;7.53;7.53;0.00;0.00;1;1
50088;NachRezeption;270.77;109.90;105.54;4.36;4.13;6.55;6.55;-0.00;-0.00;1;1
50088;VorSchwester;270.77;109.90;105.54;4.36;4.13;6.55;6.55;-0.00;-0.00;1;1
50088;NachSchwester;272.67;108.23;103.65;4.59;4.43;4.81;4.81;-0.00;-0.00;1;1
50088;VorArzt;273.61;106.36;102.71;3.65;3.55;4.81;4.81;-0.00;-0.00;1;1
50088;NachArzt;279.98;96.33;96.33;0.00;0.00;1.87;1.87;0.00;0.00;1;1
50087;Ankunft;212.90;125.90;166.01;-40.11;-24.16;8.23;8.23;0.00;0.00;1;1
50087;NachRezeption;269.79;109.85;109.12;0.73;0.67;7.42;7.42;0.00;0.00;1;1
50087;VorArzt;270.31;114.90;108.60;6.30;5.80;7.42;7.42;0.00;0.00;1;1
50087;NachArzt;284.97;93.93;93.93;0.00;0.00;2.59;2.59;0.00;0.00;1;1
50114;Ankunft;256.94;119.19;122.05;-2.87;-2.35;9.31;9.31;0.00;0.00;1;1
50114;NachRezeption;359.39;19.16;19.60;-0.43;-2.22;8.24;8.24;-0.00;-0.00;1;1
50114;VorSchwester;359.39;19.16;19.60;-0.43;-2.22;8.24;8.24;-0.00;-0.00;1;1
50114;NachSchwester;362.90;15.93;16.09;-0.17;-1.04;4.90;4.90;-0.00;-0.00;1;1
50114;VorArzt;364.03;14.80;14.96;-0.17;-1.11;4.90;4.90;-0.00;-0.00;1;1
50114;NachArzt;378.74;0.25;0.25;0.00;0.00;0.00;0.00;0.00;;1;1
50111;Ankunft;252.92;129.02;130.70;-1.67;-1.28;15.14;15.14;0.00;0.00;1;1
50111;NachRezeption;356.81;18.76;26.81;-8.05;-30.04;13.40;13.40;0.00;0.00;0;1
50111;VorSchwester;356.81;18.76;26.81;-8.05;-30.04;13.40;13.40;0.00;0.00;0;1
50111;NachSchwester;360.41;23.05;23.22;-0.17;-0.72;9.97;9.97;0.00;0.00;1;1
50111;VorArzt;360.74;22.71;22.88;-0.17;-0.73;9.97;9.97;0.00;0.00;1;1
50111;NachArzt;383.37;0.25;0.25;0.00;0.00;0.00;0.00;0.00;;1;1
50081;Ankunft;201.22;159.98;186.26;-26.29;-14.11;12.70;12.70;0.00;0.00;1;1
50081;NachRezeption;261.07;151.86;126.42;25.44;20.12;11.85;11.85;0.00;0.00;1;1
50081;VorSchwester;261.07;151.86;126.42;25.44;20.12;11.85;11.85;0.00;0.00;1;1
50081;NachSchwester;262.90;148.03;124.58;23.44;18.82;10.18;10.18;-0.00;-0.00;1;1
50081;VorArzt;289.96;107.45;97.53;9.92;10.17;10.18;10.18;-0.00;-0.00;1;1
50081;NachArzt;300.01;87.48;87.48;0.00;0.00;7.16;7.16;-0.00;-0.00;1;1
50134;Ankunft;387.98;116.18;0.00;116.18;;10.78;;;;0;0
50091;Ankunft;217.31;166.23;172.20;-5.97;-3.47;15.55;15.55;0.00;0.00;1;1
50091;NachRezeption;297.34;93.24;92.16;1.08;1.17;7.55;7.55;0.00;0.00;1;1
50091;VorArzt;297.79;92.35;91.72;0.63;0.69;7.55;7.55;0.00;0.00;1;1
50091;NachArzt;305.71;83.79;83.79;0.00;0.00;2.01;2.01;-0.00;-0.00;1;1
50082;Ankunft;209.53;156.07;182.15;-26.09;-14.32;11.14;11.14;0.00;0.00;1;1
50082;NachRezeption;262.32;147.77;129.36;18.41;14.23;10.09;10.09;0.00;0.00;1;1
50082;VorSchwester;262.32;147.77;129.36;18.41;14.23;10.09;10.09;0.00;0.00;1;1
50082;NachSchwester;263.98;148.05;127.70;20.35;15.93;8.60;8.60;-0.00;-0.00;1;1
50082;VorArzt;297.18;94.04;94.50;-0.46;-0.49;8.60;8.60;-0.00;-0.00;1;1
50082;NachArzt;306.02;85.66;85.66;0.00;0.00;2.18;2.18;-0.00;-0.00;1;1
50122;Ankunft;289.77;103.97;104.02;-0.06;-0.05;7.73;7.73;0.00;0.00;1;1
50122;NachRezeption;379.95;8.52;13.85;-5.32;-38.44;6.60;6.60;-0.00;-0.00;0;1
50122;VorSchwester;379.95;8.52;13.85;-5.32;-38.44;6.60;6.60;-0.00;-0.00;0;1
50122;NachSchwester;382.20;11.59;11.59;0.00;0.00;4.52;4.52;0.00;0.00;1;1
50122;VorArzt;383.52;4.93;10.28;-5.35;-52.00;4.52;4.52;0.00;0.00;0;1
50122;NachArzt;393.55;0.25;0.25;0.00;0.00;0.00;0.00;0.00;;1;1
50092;Ankunft;217.48;181.52;179.15;2.37;1.32;18.93;18.93;0.00;0.00;1;1
50092;NachRezeption;299.29;101.84;97.34;4.50;4.62;16.98;16.98;-0.00;-0.00;1;1
50092;VorSchwester;299.29;101.84;97.34;4.50;4.62;16.98;16.98;-0.00;-0.00;1;1
50092;NachSchwester;302.08;103.71;94.55;9.16;9.69;14.35;14.35;-0.00;-0.00;1;1
50092;VorArzt;303.00;101.87;93.63;8.24;8.80;14.35;14.35;-0.00;-0.00;1;1
50092;NachArzt;318.40;78.23;78.23;0.00;0.00;1.82;1.82;0.00;0.00;1;1
50135;Ankunft;397.06;180.54;0.00;180.54;;19.67;;;;0;0
50112;Ankunft;253.55;133.60;144.29;-10.70;-7.41;20.59;20.59;0.00;0.00;1;1
50112;NachRezeption;357.66;30.05;40.18;-10.14;-25.22;19.74;19.74;0.00;0.00;1;1
50112;VorSchwester;357.66;30.05;40.18;-10.14;-25.22;19.74;19.74;0.00;0.00;1;1
50112;NachSchwester;363.51;29.37;34.33;-4.96;-14.46;14.05;14.05;-0.00;-0.00;1;1
50112;VorArzt;367.14;21.01;30.71;-9.70;-31.59;14.05;14.05;-0.00;-0.00;0;1
50112;NachArzt;397.59;0.25;0.25;0.00;0.00;0.00;0.00;0.00;;1;1
50119;Ankunft;270.64;115.58;127.91;-12.33;-9.64;5.20;5.20;0.00;0.00;1;1
50119;NachRezeption;371.63;21.90;26.92;-5.02;-18.64;4.59;4.59;0.00;0.00;1;1
50119;VorArzt;373.09;20.44;25.46;-5.02;-19.71;4.59;4.59;0.00;0.00;1;1
50119;NachArzt;398.30;0.25;0.25;0.00;0.00;0.00;0.00;0.00;;1;1
50099;Ankunft;234.40;180.49;165.50;14.99;9.06;5.96;5.96;0.00;0.00;1;1
50099;NachRezeption;321.12;83.71;78.78;4.93;6.26;4.75;4.75;0.00;0.00;1;1
50099;VorArzt;321.59;82.75;78.30;4.45;5.68;4.75;4.75;0.00;0.00;1;1
50099;NachArzt;324.24;75.65;75.65;0.00;0.00;3.27;3.27;-0.00;-0.00;1;1
50136;Ankunft;400.28;117.11;0.00;117.11;;13.96;;;;0;0
50125;Ankunft;299.94;123.66;101.41;22.25;21.94;10.74;10.74;0.00;0.00;1;1
50125;NachRezeption;380.24;21.10;21.10;0.00;0.00;10.45;10.45;-0.00;-0.00;1;1
50125;VorSchwester;380.24;21.10;21.10;0.00;0.00;10.45;10.45;-0.00;-0.00;1;1
50125;NachSchwester;387.52;13.82;13.82;0.00;0.00;3.34;3.34;0.00;0.00;1;1
50125;VorArzt;393.89;7.46;7.46;0.00;0.00;3.34;3.34;0.00;0.00;1;1
50125;NachArzt;401.10;0.25;0.25;0.00;0.00;0.00;0.00;0.00;;1;1
50126;Ankunft;313.09;91.86;89.31;2.55;2.86;6.81;6.81;0.00;0.00;1;1
50126;NachRezeption;394.73;7.67;7.67;0.00;0.00;3.68;3.68;-0.00;-0.00;1;1
50126;VorArzt;395.75;6.65;6.65;0.00;0.00;3.68;3.68;-0.00;-0.00;1;1
50126;NachArzt;402.15;0.25;0.25;0.00;0.00;0.00;0.00;0.00;;1;1
50046;Ankunft;142.41;80.13;261.06;-180.93;-69.30;27.59;27.59;0.00;0.00;0;1
50046;NachRezeption;163.74;69.56;239.74;-170.17;-70.98;19.61;19.61;0.00;0.00;0;1
50046;VorArzt;165.90;69.34;237.58;-168.24;-70.82;19.61;19.61;0.00;0.00;0;1
50046;NachArzt;325.34;78.13;78.13;0.00;0.00;0.45;0.45;0.00;0.00;1;1
50096;Ankunft;233.19;190.19;176.78;13.41;7.58;12.68;12.68;0.00;0.00;1;1
50096;NachRezeption;316.51;92.85;93.46;-0.61;-0.65;10.42;10.42;0.00;0.00;1;1
50096;VorSchwester;316.51;92.85;93.46;-0.61;-0.65;10.42;10.42;0.00;0.00;1;1
50096;NachSchwester;318.97;89.74;90.99;-1.26;-1.38;8.12;8.12;-0.00;-0.00;1;1
50096;VorArzt;322.47;82.74;87.50;-4.75;-5.43;8.12;8.12;-0.00;-0.00;1;1
50096;NachArzt;326.05;83.92;83.92;0.00;0.00;6.49;6.49;-0.00;-0.00;1;1
50098;Ankunft;233.65;180.15;177.23;2.91;1.64;9.68;9.68;0.00;0.00;1;1
50098;NachRezeption;319.91;86.03;90.97;-4.94;-5.43;8.06;8.06;0.00;0.00;1;1
50098;VorSchwester;319.91;86.03;90.97;-4.94;-5.43;8.06;8.06;0.00;0.00;1;1
50098;NachSchwester;323.64;80.05;87.24;-7.19;-8.24;4.49;4.49;0.00;0.00;1;1
50098;VorArzt;323.81;79.71;87.07;-7.36;-8.46;4.49;4.49;0.00;0.00;1;1
50098;NachArzt;329.09;81.80;81.80;0.00;0.00;0.92;0.92;0.00;0.00;1;1
50139;Ankunft;411.73;80.93;0.00;80.93;;10.44;;;;0;0
50102;Ankunft;236.60;180.09;175.19;4.90;2.80;4.75;4.75;0.00;0.00;1;1
50102;NachRezeption;324.26;84.02;87.54;-3.51;-4.01;3.92;3.92;0.00;0.00;1;1
50102;VorArzt;325.11;79.98;86.68;-6.70;-7.73;3.92;3.92;0.00;0.00;1;1
50102;NachArzt;332.27;79.52;79.52;0.00;0.00;0.91;0.91;0.00;0.00;1;1
50052;Ankunft;154.61;55.73;258.11;-202.38;-78.41;21.90;21.90;0.00;0.00;0;1
50052;NachRezeption;175.53;50.02;237.19;-187.17;-78.91;21.47;21.47;-0.00;-0.00;0;1
50052;VorSchwester;175.53;50.02;237.19;-187.17;-78.91;21.47;21.47;-0.00;-0.00;0;1
50052;NachSchwester;187.01;61.75;225.71;-163.96;-72.64;10.16;10.16;-0.00;-0.00;0;1
50052;VorArzt;187.70;61.06;225.02;-163.96;-72.86;10.16;10.16;-0.00;-0.00;0;1
50052;NachArzt;412.47;0.25;0.25;0.00;0.00;0.00;0.00;0.00;;1;1
50129;Ankunft;325.31;85.76;89.75;-3.99;-4.44;7.64;7.64;0.00;0.00;1;1
50129;NachRezeption;402.94;12.28;12.12;0.17;1.38;4.51;4.51;0.00;0.00;1;1
50129;VorSchwester;402.94;12.28;12.12;0.17;1.38;4.51;4.51;0.00;0.00;1;1
50129;NachSchwester;405.45;9.61;9.61;0.00;0.00;2.17;2.17;0.00;0.00;1;1
50129;VorArzt;406.48;8.58;8.58;0.00;0.00;2.17;2.17;0.00;0.00;1;1
50129;NachArzt;414.81;0.25;0.25;0.00;0.00;0.00;0.00;0.00;;1;1
50093;Ankunft;219.43;211.62;198.47;13.15;6.63;12.52;12.52;0.00;0.00;1;1
50093;NachRezeption;302.72;127.93;115.18;12.75;11.07;11.08;11.08;0.00;0.00;1;1
50093;VorArzt;329.03;92.41;88.86;3.54;3.98;11.08;11.08;0.00;0.00;1;1
50093;NachArzt;334.39;83.50;83.50;0.00;0.00;6.10;6.10;0.00;0.00;1;1
50095;Ankunft;231.06;179.20;192.91;-13.72;-7.11;16.98;16.98;0.00;0.00;1;1
50095;NachRezeption;314.25;99.33;109.72;-10.40;-9.48;13.87;13.87;0.00;0.00;1;1
50095;VorSchwester;314.25;99.33;109.72;-10.40;-9.48;13.87;13.87;0.00;0.00;1;1
50095;NachSchwester;318.19;91.28;105.78;-14.50;-13.71;10.09;10.09;0.00;0.00;1;1
50095;VorArzt;318.81;92.03;105.16;-13.14;-12.49;10.09;10.09;0.00;0.00;1;1
50095;NachArzt;336.45;87.53;87.53;0.00;0.00;6.08;6.08;0.00;0.00;1;1
50103;Ankunft;237.29;190.02;189.02;1.00;0.53;9.72;9.72;0.00;0.00;1;1
50103;NachRezeption;325.71;92.44;100.60;-8.16;-8.11;8.26;8.26;0.00;0.00;1;1
50103;VorSchwester;325.71;92.44;100.60;-8.16;-8.11;8.26;8.26;0.00;0.00;1;1
50103;NachSchwester;328.31;93.56;98.00;-4.44;-4.53;5.82;5.82;0.00;0.00;1;1
50103;VorArzt;333.01;86.32;93.30;-6.98;-7.48;5.82;5.82;0.00;0.00;1;1
50103;NachArzt;338.05;88.26;88.26;0.00;0.00;2.34;2.34;0.00;0.00;1;1
50097;Ankunft;233.23;195.14;195.85;-0.71;-0.36;15.12;15.12;0.00;0.00;1;1
50097;NachRezeption;318.29;91.59;110.80;-19.21;-17.33;13.34;13.34;0.00;0.00;1;1
50097;VorSchwester;318.29;91.59;110.80;-19.21;-17.33;13.34;13.34;0.00;0.00;1;1
50097;NachSchwester;324.28;93.67;104.81;-11.15;-10.64;7.52;7.52;0.00;0.00;1;1
50097;VorArzt;325.31;94.32;103.78;-9.46;-9.11;7.52;7.52;0.00;0.00;1;1
50097;NachArzt;342.29;86.79;86.79;0.00;0.00;1.84;1.84;0.00;0.00;1;1
50104;Ankunft;241.51;213.57;189.04;24.53;12.97;9.99;9.99;0.00;0.00;1;1
50104;NachRezeption;337.40;95.05;93.15;1.91;2.05;7.50;7.50;0.00;0.00;1;1
50104;VorArzt;337.60;94.65;92.95;1.71;1.83;7.50;7.50;0.00;0.00;1;1
50104;NachArzt;344.25;86.29;86.29;0.00;0.00;1.46;1.46;-0.00;-0.00;1;1
50108;Ankunft;247.87;209.74;185.39;24.36;13.14;6.93;6.93;0.00;0.00;1;1
50108;NachRezeption;346.83;96.39;86.43;9.97;11.53;5.22;5.22;0.00;0.00;1;1
50108;VorArzt;349.48;91.09;83.78;7.32;8.73;5.22;5.22;0.00;0.00;1;1
50108;NachArzt;356.63;76.63;76.63;0.00;0.00;2.71;2.71;0.00;0.00;1;1
50106;Ankunft;245.61;225.54;189.03;36.50;19.31;10.81;10.81;0.00;0.00;1;1
50106;NachRezeption;340.99;104.56;93.65;10.91;11.65;9.87;9.87;0.00;0.00;1;1
50106;VorSchwester;340.99;104.56;93.65;10.91;11.65;9.87;9.87;0.00;0.00;1;1
50106;NachSchwester;344.01;101.14;90.63;10.51;11.59;7.02;7.02;0.00;0.00;1;1
50106;VorArzt;349.88;91.01;84.76;6.26;7.38;7.02;7.02;0.00;0.00;1;1
50106;NachArzt;362.43;72.20;72.20;0.00;0.00;1.38;1.38;0.00;0.00;1;1
50089;Ankunft;216.11;195.82;219.28;-23.47;-10.70;17.40;17.40;0.00;0.00;1;1
50089;NachRezeption;271.27;186.36;164.12;22.24;13.55;16.90;16.90;0.00;0.00;1;1
50089;VorSchwester;283.98;165.54;151.42;14.13;9.33;16.90;16.90;0.00;0.00;1;1
50089;NachSchwester;292.08;153.06;143.31;9.74;6.80;8.97;8.97;0.00;0.00;1;1
50089;VorArzt;347.89;100.54;87.51;13.03;14.89;8.97;8.97;0.00;0.00;1;1
50089;NachArzt;365.01;70.38;70.38;0.00;0.00;0.76;0.76;-0.00;-0.00;1;1
50110;Ankunft;249.67;224.33;188.54;35.79;18.98;15.00;15.00;0.00;0.00;1;1
50110;NachRezeption;349.55;105.28;88.65;16.63;18.76;13.45;13.45;0.00;0.00;1;1
50110;VorArzt;349.86;104.68;88.35;16.32;18.48;13.45;13.45;0.00;0.00;1;1
50110;NachArzt;373.24;64.97;64.97;0.00;0.00;2.81;2.81;-0.00;-0.00;1;1
50117;Ankunft;263.57;214.92;175.65;39.27;22.36;13.26;13.26;0.00;0.00;1;1
50117;NachRezeption;364.62;104.25;74.60;29.65;39.75;10.97;10.97;0.00;0.00;0;1
50117;VorArzt;364.85;103.80;74.37;29.43;39.57;10.97;10.97;0.00;0.00;0;1
50117;NachArzt;388.86;50.36;50.36;0.00;0.00;1.02;1.02;-0.00;-0.00;1;1
50137;Ankunft;402.43;49.06;40.68;8.39;20.61;2.96;2.96;0.00;0.00;1;1
50137;NachRezeption;440.12;2.98;2.98;0.00;0.00;1.98;1.98;-0.00;-0.00;1;1
50137;VorArzt;440.71;2.39;2.39;0.00;0.00;1.98;1.98;-0.00;-0.00;1;1
50137;NachArzt;442.86;0.25;0.25;0.00;0.00;0.00;0.00;0.00;;1;1
50048;Ankunft;146.91;84.76;296.85;-212.09;-71.45;27.56;27.56;0.00;0.00;0;1
50048;NachRezeption;166.46;75.22;277.30;-202.07;-72.87;26.95;26.95;-0.00;-0.00;0;1
50048;VorSchwester;166.46;75.22;277.30;-202.07;-72.87;26.95;26.95;-0.00;-0.00;0;1
50048;NachSchwester;176.38;95.89;267.38;-171.49;-64.14;17.21;17.21;0.00;0.00;0;1
50048;VorArzt;176.76;95.12;267.00;-171.88;-64.37;17.21;17.21;0.00;0.00;0;1
50048;NachArzt;417.49;26.27;26.27;0.00;0.00;0.98;0.98;-0.00;-0.00;1;1
50084;Ankunft;211.01;171.34;233.51;-62.17;-26.62;16.74;16.74;0.00;0.00;1;1
50084;NachRezeption;265.27;161.88;179.25;-17.37;-9.69;15.32;15.32;0.00;0.00;1;1
50084;VorSchwester;265.27;161.88;179.25;-17.37;-9.69;15.32;15.32;0.00;0.00;1;1
50084;NachSchwester;272.49;162.47;172.03;-9.55;-5.55;8.27;8.27;0.00;0.00;1;1
50084;VorArzt;272.73;163.68;171.79;-8.11;-4.72;8.27;8.27;0.00;0.00;1;1
50084;NachArzt;425.16;19.35;19.35;0.00;0.00;0.76;0.76;0.00;0.00;1;1
50054;Ankunft;162.30;84.36;283.34;-198.98;-70.23;29.43;29.43;0.00;0.00;0;1
50054;NachRezeption;181.31;116.45;264.33;-147.88;-55.95;26.86;26.86;0.00;0.00;0;1
50054;VorSchwester;181.31;116.45;264.33;-147.88;-55.95;26.86;26.86;0.00;0.00;0;1
50054;NachSchwester;189.47;118.05;256.16;-138.12;-53.92;18.86;18.86;0.00;0.00;0;1
50054;VorArzt;192.08;116.47;253.56;-137.09;-54.07;18.86;18.86;0.00;0.00;0;1
50054;NachArzt;432.72;12.92;12.92;0.00;0.00;1.12;1.12;-0.00;-0.00;1;1
50090;Ankunft;216.24;178.98;230.02;-51.04;-22.19;32.66;32.66;0.00;0.00;1;1
50090;NachRezeption;289.33;151.83;156.92;-5.09;-3.24;14.60;14.60;-0.00;-0.00;1;1
50090;VorArzt;289.75;150.99;156.50;-5.51;-3.52;14.60;14.60;-0.00;-0.00;1;1
50090;NachArzt;439.31;6.94;6.94;0.00;0.00;0.62;0.62;-0.00;-0.00;1;1
50118;Ankunft;270.61;173.69;180.98;-7.29;-4.03;18.94;18.94;0.00;0.00;1;1
50118;NachRezeption;371.02;70.35;80.57;-10.22;-12.68;18.46;18.46;0.00;0.00;1;1
50118;VorArzt;371.34;70.03;80.25;-10.22;-12.73;18.46;18.46;0.00;0.00;1;1
50118;NachArzt;451.34;0.25;0.25;0.00;0.00;0.00;0.00;0.00;;1;1
50138;Ankunft;404.44;70.36;63.51;6.84;10.78;16.70;16.70;0.00;0.00;1;1
50138;NachRezeption;442.70;25.25;25.25;0.00;0.00;14.12;14.12;0.00;0.00;1;1
50138;VorSchwester;442.70;25.25;25.25;0.00;0.00;14.12;14.12;0.00;0.00;1;1
50138;NachSchwester;448.42;19.53;19.53;0.00;0.00;8.56;8.56;-0.00;-0.00;1;1
50138;VorArzt;458.97;8.98;8.98;0.00;0.00;8.56;8.56;-0.00;-0.00;1;1
50138;NachArzt;467.70;0.25;0.25;0.00;0.00;0.00;0.00;0.00;;1;1
50130;Ankunft;341.23;137.20;133.68;3.52;2.63;8.48;8.48;0.00;0.00;1;1
50130;NachRezeption;427.16;47.75;47.75;0.00;0.00;7.54;7.54;-0.00;-0.00;1;1
50130;VorSchwester;427.16;47.75;47.75;0.00;0.00;7.54;7.54;-0.00;-0.00;1;1
50130;NachSchwester;430.56;44.35;44.35;0.00;0.00;4.31;4.31;-0.00;-0.00;1;1
50130;VorArzt;470.18;4.73;4.73;0.00;0.00;4.31;4.31;-0.00;-0.00;1;1
50130;NachArzt;474.66;0.25;0.25;0.00;0.00;0.00;0.00;0.00;;1;1
60001;Ankunft;0.00;9.65;9.65;0.00;0.00;8.70;8.70;0.00;0.00;1;1
60001;NachRezeption;6.86;2.78;2.78;0.00;0.00;1.92;1.92;0.00;0.00;1;1
60001;VorArzt;7.31;2.34;2.34;0.00;0.00;1.92;1.92;0.00;0.00;1;1
60001;NachArzt;9.40;0.25;0.25;0.00;0.00;0.00;0.00;0.00;;1;1
60004;Ankunft;9.95;19.75;17.61;2.14;12.14;11.20;11.20;0.00;0.00;1;1
60004;NachRezeption;18.87;10.56;8.69;1.87;21.52;6.10;6.10;0.00;0.00;1;1
60004;VorArzt;19.37;9.56;8.19;1.37;16.72;6.10;6.10;0.00;0.00;1;1
60004;NachArzt;24.39;3.17;3.17;0.00;0.00;1.25;1.25;0.00;0.00;1;1
60007;Ankunft;20.74;19.35;14.77;4.59;31.04;8.95;8.95;0.00;0.00;1;1
60007;NachRezeption;26.23;10.52;9.27;1.25;13.43;8.04;8.04;0.00;0.00;1;1
60007;VorArzt;27.05;8.89;8.46;0.43;5.07;8.04;8.04;0.00;0.00;1;1
60007;NachArzt;33.22;2.28;2.28;0.00;0.00;2.03;2.03;-0.00;-0.00;1;1
60006;Ankunft;20.03;37.49;33.57;3.92;11.67;16.02;16.02;0.00;0.00;1;1
60006;NachRezeption;25.32;28.28;28.28;0.00;0.00;13.12;13.12;0.00;0.00;1;1
60006;VorSchwester;25.32;28.28;28.28;0.00;0.00;13.12;13.12;0.00;0.00;1;1
60006;NachSchwester;29.80;23.80;23.80;0.00;0.00;8.81;8.81;0.00;0.00;1;1
60006;VorArzt;44.38;9.22;9.22;0.00;0.00;8.81;8.81;0.00;0.00;1;1
60006;NachArzt;53.35;0.25;0.25;0.00;0.00;0.00;0.00;0.00;;1;1
60009;Ankunft;49.10;14.12;14.12;0.00;0.00;13.13;13.13;0.00;0.00;1;1
60009;NachRezeption;52.70;10.52;10.52;0.00;0.00;9.61;9.61;0.00;0.00;1;1
60009;VorArzt;53.20;10.02;10.02;0.00;0.00;9.61;9.61;0.00;0.00;1;1
60009;NachArzt;62.97;0.25;0.25;0.00;0.00;0.00;0.00;0.00;;1;1
60010;Ankunft;50.73;15.89;16.38;-0.49;-2.99;8.79;8.79;0.00;0.00;1;1
60010;NachRezeption;54.80;9.85;12.31;-2.46;-20.01;6.69;6.69;0.00;0.00;1;1
60010;VorArzt;57.54;8.59;9.58;-0.99;-10.30;6.69;6.69;0.00;0.00;1;1
60010;NachArzt;64.09;3.03;3.03;0.00;0.00;0.31;0.31;-0.00;-0.00;1;1
60011;Ankunft;57.20;14.40;14.40;0.00;0.00;9.95;9.95;0.00;0.00;1;1
60011;NachRezeption;59.02;12.58;12.58;0.00;0.00;8.21;8.21;0.00;0.00;1;1
60011;VorArzt;59.94;11.66;11.66;0.00;0.00;8.21;8.21;0.00;0.00;1;1
60011;NachArzt;71.35;0.25;0.25;0.00;0.00;0.00;0.00;0.00;;1;1
60013;Ankunft;61.25;16.06;16.06;0.00;0.00;13.16;13.16;0.00;0.00;1;1
60013;NachRezeption;66.72;10.59;10.59;0.00;0.00;8.43;8.43;0.00;0.00;1;1
60013;VorArzt;68.46;8.85;8.85;0.00;0.00;8.43;8.43;0.00;0.00;1;1
60013;NachArzt;77.06;0.25;0.25;0.00;0.00;0.00;0.00;0.00;;1;1
60015;Ankunft;72.67;10.50;10.50;0.00;0.00;6.31;6.31;0.00;0.00;1;1
60015;NachRezeption;76.34;6.84;6.84;0.00;0.00;5.07;5.07;0.00;0.00;1;1
60015;VorArzt;77.68;5.49;5.49;0.00;0.00;5.07;5.07;0.00;0.00;1;1
60015;NachArzt;82.92;0.25;0.25;0.00;0.00;0.00;0.00;0.00;;1;1
60018;Ankunft;77.31;7.36;9.93;-2.57;-25.90;3.92;3.92;0.00;0.00;1;1
60018;NachRezeption;79.15;8.08;8.08;0.00;0.00;2.75;2.75;-0.00;-0.00;1;1
60018;VorSchwester;79.15;8.08;8.08;0.00;0.00;2.75;2.75;-0.00;-0.00;1;1
60018;NachSchwester;81.17;5.90;6.07;-0.17;-2.75;0.90;0.90;0.00;0.00;1;1
60018;VorArzt;81.34;5.73;5.90;-0.17;-2.83;0.90;0.90;0.00;0.00;1;1
60018;NachArzt;86.99;0.25;0.25;0.00;0.00;0.00;0.00;0.00;;1;1
60016;Ankunft;73.77;12.54;14.02;-1.48;-10.54;5.83;5.83;0.00;0.00;1;1
60016;NachRezeption;77.71;11.38;10.08;1.30;12.92;4.45;4.45;0.00;0.00;1;1
60016;VorArzt;78.88;7.51;8.92;-1.41;-15.82;4.45;4.45;0.00;0.00;1;1
60016;NachArzt;85.92;1.87;1.87;0.00;0.00;1.62;1.62;0.00;0.00;1;1
60002;Ankunft;1.67;109.63;87.84;21.79;24.81;23.06;23.06;0.00;0.00;1;1
60002;NachRezeption;10.96;78.55;78.55;0.00;0.00;18.96;18.96;0.00;0.00;1;1
60002;VorSchwester;10.96;78.55;78.55;0.00;0.00;18.96;18.96;0.00;0.00;1;1
60002;NachSchwester;19.72;69.78;69.78;0.00;0.00;10.36;10.36;-0.00;-0.00;1;1
60002;VorArzt;78.72;10.78;10.78;0.00;0.00;10.36;10.36;-0.00;-0.00;1;1
60002;NachArzt;89.25;0.25;0.25;0.00;0.00;0.00;0.00;0.00;;1;1
60014;Ankunft;69.55;20.32;23.92;-3.60;-15.04;17.90;17.90;0.00;0.00;1;1
60014;NachRezeption;75.10;20.64;18.37;2.27;12.33;12.44;12.44;0.00;0.00;1;1
60014;VorSchwester;75.10;20.64;18.37;2.27;12.33;12.44;12.44;0.00;0.00;1;1
60014;NachSchwester;81.64;11.50;11.84;-0.33;-2.82;6.07;6.07;0.00;0.00;1;1
60014;VorArzt;82.49;10.64;10.98;-0.33;-3.04;6.07;6.07;0.00;0.00;1;1
60014;NachArzt;93.22;0.25;0.25;0.00;0.00;0.00;0.00;0.00;;1;1
60022;Ankunft;88.78;12.28;12.28;0.00;0.00;6.07;6.07;0.00;0.00;1;1
60022;NachRezeption;91.59;7.62;9.48;-1.86;-19.66;4.68;4.68;0.00;0.00;1;1
60022;VorArzt;91.94;6.91;9.13;-2.22;-24.29;4.68;4.68;0.00;0.00;1;1
60022;NachArzt;97.28;3.31;3.79;-0.47;-12.51;0.79;0.79;0.00;0.00;1;1
60023;Ankunft;89.47;21.17;15.61;5.56;35.62;7.12;7.12;0.00;0.00;0;1
60023;NachRezeption;92.47;11.49;12.61;-1.11;-8.84;6.23;6.23;0.00;0.00;1;1
60023;VorSchwester;92.47;11.49;12.61;-1.11;-8.84;6.23;6.23;0.00;0.00;1;1
60023;NachSchwester;94.13;8.30;10.95;-2.64;-24.13;4.74;4.74;0.00;0.00;1;1
60023;VorArzt;94.82;7.62;10.26;-2.64;-25.75;4.74;4.74;0.00;0.00;1;1
60023;NachArzt;99.51;5.58;5.58;0.00;0.00;2.68;2.68;-0.00;-0.00;1;1
60026;Ankunft;96.36;10.83;9.45;1.38;14.59;5.15;5.15;0.00;0.00;1;1
60026;NachRezeption;99.73;5.91;6.08;-0.17;-2.74;2.71;2.71;0.00;0.00;1;1
60026;VorArzt;101.62;4.19;4.19;0.00;0.00;2.71;2.71;0.00;0.00;1;1
60026;NachArzt;105.56;0.25;0.25;0.00;0.00;0.00;0.00;0.00;;1;1
60008;Ankunft;44.56;59.05;67.18;-8.13;-12.11;14.05;14.05;0.00;0.00;1;1
60008;NachRezeption;46.36;53.44;65.38;-11.94;-18.27;12.33;12.33;0.00;0.00;1;1
60008;VorSchwester;46.36;53.44;65.38;-11.94;-18.27;12.33;12.33;0.00;0.00;1;1
60008;NachSchwester;50.74;49.05;60.99;-11.94;-19.58;8.11;8.11;0.00;0.00;1;1
60008;VorArzt;91.27;10.48;20.47;-9.99;-48.79;8.11;8.11;0.00;0.00;0;1
60008;NachArzt;111.49;0.25;0.25;0.00;0.00;0.00;0.00;0.00;;1;1
60028;Ankunft;97.93;14.77;14.15;0.62;4.40;7.43;7.43;0.00;0.00;1;1
60028;NachRezeption;102.31;9.60;9.76;-0.17;-1.71;6.10;6.10;0.00;0.00;1;1
60028;VorArzt;103.29;8.79;8.79;0.00;0.00;6.10;6.10;0.00;0.00;1;1
60028;NachArzt;111.83;0.25;0.25;0.00;0.00;0.00;0.00;0.00;;1;1
60021;Ankunft;88.09;23.48;24.35;-0.87;-3.57;10.36;10.36;0.00;0.00;1;1
60021;NachRezeption;90.20;20.27;22.23;-1.96;-8.82;10.06;10.06;0.00;0.00;1;1
60021;VorSchwester;90.20;20.27;22.23;-1.96;-8.82;10.06;10.06;0.00;0.00;1;1
60021;NachSchwester;94.14;11.90;18.30;-6.39;-34.94;6.29;6.29;0.00;0.00;0;1
60021;VorArzt;96.08;7.91;16.35;-8.45;-51.66;6.29;6.29;0.00;0.00;0;1
60021;NachArzt;100.94;11.49;11.49;0.00;0.00;5.01;5.01;0.00;0.00;1;1
60030;Ankunft;100.87;10.07;12.76;-2.69;-21.09;2.53;2.53;0.00;0.00;1;1
60030;NachRezeption;107.34;6.30;6.30;0.00;0.00;1.73;1.73;0.00;0.00;1;1
60030;VorArzt;108.18;5.46;5.46;0.00;0.00;1.73;1.73;0.00;0.00;1;1
60030;NachArzt;113.38;0.25;0.25;0.00;0.00;0.00;0.00;0.00;;1;1
60025;Ankunft;96.26;7.96;19.65;-11.69;-59.48;4.14;4.14;0.00;0.00;0;1
60025;NachRezeption;97.29;10.16;18.62;-8.46;-45.43;3.19;3.19;0.00;0.00;0;1
60025;VorArzt;98.40;9.89;17.50;-7.61;-43.48;3.19;3.19;0.00;0.00;0;1
60025;NachArzt;102.68;13.23;13.23;0.00;0.00;1.63;1.63;0.00;0.00;1;1
60012;Ankunft;61.25;40.42;55.25;-14.83;-26.84;26.84;26.84;0.00;0.00;1;1
60012;NachRezeption;61.99;37.34;54.51;-17.18;-31.51;26.18;26.18;0.00;0.00;0;1
60012;VorSchwester;61.99;37.34;54.51;-17.18;-31.51;26.18;26.18;0.00;0.00;0;1
60012;NachSchwester;73.96;24.40;42.55;-18.15;-42.65;14.38;14.38;0.00;0.00;0;1
60012;VorArzt;79.80;22.47;36.70;-14.23;-38.78;14.38;14.38;0.00;0.00;0;1
60012;NachArzt;103.21;13.29;13.29;0.00;0.00;0.59;0.59;0.00;0.00;1;1
60033;Ankunft;106.49;18.32;15.51;2.81;18.14;3.69;3.69;0.00;0.00;1;1
60033;NachRezeption;117.49;4.51;4.51;0.00;0.00;3.58;3.58;0.00;0.00;1;1
60033;VorSchwester;117.49;4.51;4.51;0.00;0.00;3.58;3.58;0.00;0.00;1;1
60033;NachSchwester;119.15;2.85;2.85;0.00;0.00;2.09;2.09;0.00;0.00;1;1
60033;VorArzt;119.49;2.51;2.51;0.00;0.00;2.09;2.09;0.00;0.00;1;1
60033;NachArzt;121.75;0.25;0.25;0.00;0.00;0.00;0.00;0.00;;1;1
60034;Ankunft;108.62;15.54;15.28;0.26;1.68;2.36;2.36;0.00;0.00;1;1
60034;NachRezeption;118.11;4.86;5.79;-0.93;-16.04;1.74;1.74;0.00;0.00;1;1
60034;VorArzt;120.82;3.08;3.08;0.00;0.00;1.74;1.74;0.00;0.00;1;1
60034;NachArzt;123.65;0.25;0.25;0.00;0.00;0.00;0.00;0.00;;1;1
60039;Ankunft;116.83;11.11;11.21;-0.10;-0.89;5.71;5.71;0.00;0.00;1;1
60039;NachRezeption;122.93;5.10;5.10;0.00;0.00;3.97;3.97;0.00;0.00;1;1
60039;VorArzt;123.55;4.48;4.48;0.00;0.00;3.97;3.97;0.00;0.00;1;1
60039;NachArzt;127.78;0.25;0.25;-0.00;-0.00;0.00;0.00;0.00;;1;1
60024;Ankunft;92.19;28.02;36.44;-8.42;-23.11;17.92;17.92;0.00;0.00;1;1
60024;NachRezeption;94.00;26.02;34.63;-8.62;-24.89;16.39;16.39;0.00;0.00;1;1
60024;VorArzt;95.27;24.75;33.37;-8.62;-25.83;16.39;16.39;0.00;0.00;1;1
60024;NachArzt;128.38;0.25;0.25;0.00;0.00;0.00;0.00;0.00;;1;1
60032;Ankunft;105.32;24.80;30.69;-5.88;-19.17;11.55;11.55;0.00;0.00;1;1
60032;NachRezeption;117.39;11.85;18.62;-6.77;-36.37;10.58;10.58;0.00;0.00;0;1
60032;VorSchwester;117.39;11.85;18.62;-6.77;-36.37;10.58;10.58;0.00;0.00;0;1
60032;NachSchwester;120.93;15.08;15.08;0.00;0.00;7.21;7.21;0.00;0.00;1;1
60032;VorArzt;121.61;14.40;14.40;0.00;0.00;7.21;7.21;0.00;0.00;1;1
60032;NachArzt;135.76;0.25;0.25;0.00;0.00;0.00;0.00;0.00;;1;1
60031;Ankunft;101.75;31.90;37.84;-5.94;-15.69;17.21;17.21;0.00;0.00;1;1
60031;NachRezeption;114.20;18.29;25.40;-7.10;-27.98;15.37;15.37;0.00;0.00;1;1
60031;VorSchwester;114.20;18.29;25.40;-7.10;-27.98;15.37;15.37;0.00;0.00;1;1
60031;NachSchwester;118.34;14.16;21.26;-7.10;-33.42;11.39;11.39;0.00;0.00;0;1
60031;VorArzt;120.68;14.61;18.92;-4.30;-22.74;11.39;11.39;0.00;0.00;1;1
60031;NachArzt;139.35;0.25;0.25;0.00;0.00;0.00;0.00;0.00;;1;1
60038;Ankunft;115.94;20.73;31.74;-11.01;-34.68;11.02;11.02;0.00;0.00;0;1
60038;NachRezeption;121.20;28.64;26.48;2.15;8.13;9.98;9.98;0.00;0.00;1;1
60038;VorArzt;122.05;20.43;25.63;-5.19;-20.27;9.98;9.98;0.00;0.00;1;1
60038;NachArzt;142.43;5.25;5.25;0.00;0.00;3.48;3.48;-0.00;-0.00;1;1
60041;Ankunft;122.22;25.70;26.65;-0.95;-3.56;7.59;7.59;0.00;0.00;1;1
60041;NachRezeption;128.40;21.72;20.48;1.24;6.05;4.95;4.95;-0.00;-0.00;1;1
60041;VorArzt;128.57;21.36;20.30;1.06;5.22;4.95;4.95;-0.00;-0.00;1;1
60041;NachArzt;143.26;5.61;5.61;0.00;0.00;1.20;1.20;-0.00;-0.00;1;1
60043;Ankunft;127.22;28.78;27.28;1.50;5.50;16.07;16.07;0.00;0.00;1;1
60043;NachRezeption;130.07;27.35;24.43;2.92;11.94;15.16;15.16;0.00;0.00;1;1
60043;VorSchwester;130.07;27.35;24.43;2.92;11.94;15.16;15.16;0.00;0.00;1;1
60043;NachSchwester;134.58;22.68;19.93;2.75;13.80;10.83;10.83;-0.00;-0.00;1;1
60043;VorArzt;135.16;22.09;19.34;2.75;14.22;10.83;10.83;-0.00;-0.00;1;1
60043;NachArzt;154.26;0.25;0.25;0.00;0.00;0.00;0.00;0.00;;1;1
60040;Ankunft;120.23;23.70;34.57;-10.87;-31.44;12.63;12.63;0.00;0.00;0;1
60040;NachRezeption;125.75;29.98;29.05;0.93;3.22;9.81;9.81;0.00;0.00;1;1
60040;VorArzt;128.93;24.70;25.87;-1.17;-4.53;9.81;9.81;0.00;0.00;1;1
60040;NachArzt;150.83;3.97;3.97;0.00;0.00;1.58;1.58;0.00;0.00;1;1
60045;Ankunft;129.51;29.45;27.56;1.89;6.87;6.38;6.38;0.00;0.00;1;1
60045;NachRezeption;136.86;20.69;20.21;0.48;2.36;5.82;5.82;0.00;0.00;1;1
60045;VorArzt;137.21;20.33;19.86;0.48;2.41;5.82;5.82;0.00;0.00;1;1
60045;NachArzt;156.82;0.25;0.25;0.00;0.00;0.00;0.00;0.00;;1;1
60017;Ankunft;75.76;81.65;84.20;-2.55;-3.03;5.56;5.56;0.00;0.00;1;1
60017;NachRezeption;77.99;79.42;81.98;-2.55;-3.12;5.29;5.29;0.00;0.00;1;1
60017;VorArzt;151.70;8.26;8.26;0.00;0.00;5.29;5.29;0.00;0.00;1;1
60017;NachArzt;159.71;0.25;0.25;0.00;0.00;0.00;0.00;0.00;;1;1
60019;Ankunft;78.28;76.43;82.68;-6.25;-7.56;11.04;11.04;0.00;0.00;1;1
60019;NachRezeption;81.51;59.88;79.45;-19.57;-24.64;8.68;8.68;0.00;0.00;1;1
60019;VorSchwester;81.51;59.88;79.45;-19.57;-24.64;8.68;8.68;0.00;0.00;1;1
60019;NachSchwester;86.63;54.76;74.33;-19.57;-26.33;3.73;3.73;0.00;0.00;1;1
60019;VorArzt;137.24;6.25;23.72;-17.47;-73.66;3.73;3.73;0.00;0.00;0;1
60019;NachArzt;160.71;0.25;0.25;0.00;0.00;0.00;0.00;0.00;;1;1
60058;Ankunft;156.89;7.74;8.23;-0.49;-5.95;6.41;6.41;0.00;0.00;1;1
60058;NachRezeption;158.88;5.74;6.23;-0.49;-7.86;4.49;4.49;0.00;0.00;1;1
60058;VorArzt;159.59;6.19;5.52;0.66;12.01;4.49;4.49;0.00;0.00;1;1
60058;NachArzt;161.57;3.54;3.54;0.00;0.00;2.80;2.80;0.00;0.00;1;1
60049;Ankunft;138.26;33.63;27.60;6.02;21.82;6.77;6.77;0.00;0.00;1;1
60049;NachRezeption;142.58;27.26;23.27;3.99;17.14;4.73;4.73;0.00;0.00;1;1
60049;VorArzt;143.24;26.61;22.62;3.99;17.63;4.73;4.73;0.00;0.00;1;1
60049;NachArzt;165.61;0.25;0.25;0.00;0.00;0.00;0.00;0.00;;1;1
60060;Ankunft;160.66;7.83;7.99;-0.17;-2.09;4.93;4.93;0.00;0.00;1;1
60060;NachRezeption;162.23;6.60;6.43;0.17;2.59;3.45;3.45;0.00;0.00;1;1
60060;VorSchwester;162.23;6.60;6.43;0.17;2.59;3.45;3.45;0.00;0.00;1;1
60060;NachSchwester;163.22;5.44;5.44;0.00;0.00;2.63;2.63;0.00;0.00;1;1
60060;VorArzt;164.35;4.31;4.31;0.00;0.00;2.63;2.63;0.00;0.00;1;1
60060;NachArzt;168.41;0.25;0.25;0.00;0.00;0.00;0.00;0.00;;1;1
60050;Ankunft;138.42;43.92;32.71;11.21;34.28;9.82;9.82;0.00;0.00;0;1
60050;NachRezeption;143.26;38.84;27.86;10.97;39.39;9.14;9.14;0.00;0.00;0;1
60050;VorArzt;145.12;37.02;26.00;11.02;42.36;9.14;9.14;0.00;0.00;0;1
60050;NachArzt;168.89;2.23;2.23;0.00;0.00;1.98;1.98;0.00;0.00;1;1
60048;Ankunft;135.54;32.54;44.11;-11.57;-26.23;14.07;14.07;0.00;0.00;1;1
60048;NachRezeption;140.54;35.77;39.11;-3.34;-8.54;13.15;13.15;0.00;0.00;1;1
60048;VorSchwester;140.54;35.77;39.11;-3.34;-8.54;13.15;13.15;0.00;0.00;1;1
60048;NachSchwester;145.55;37.90;34.10;3.80;11.15;8.30;8.30;0.00;0.00;1;1
60048;VorArzt;146.36;36.28;33.29;2.99;8.99;8.30;8.30;0.00;0.00;1;1
60048;NachArzt;172.59;7.06;7.06;0.00;0.00;4.28;4.28;0.00;0.00;1;1
60052;Ankunft;144.47;38.07;36.82;1.25;3.40;15.75;15.75;0.00;0.00;1;1
60052;NachRezeption;150.69;40.44;30.60;9.84;32.17;13.86;13.86;0.00;0.00;0;1
60052;VorSchwester;150.69;40.44;30.60;9.84;32.17;13.86;13.86;0.00;0.00;0;1
60052;NachSchwester;156.43;41.24;24.85;16.38;65.91;8.28;8.28;0.00;0.00;0;1
60052;VorArzt;156.64;41.03;24.65;16.38;66.46;8.28;8.28;0.00;0.00;0;1
60052;NachArzt;181.04;0.25;0.25;0.00;0.00;0.00;0.00;0.00;;1;1
60051;Ankunft;141.38;40.17;42.56;-2.39;-5.62;19.59;19.59;0.00;0.00;1;1
60051;NachRezeption;144.12;40.70;39.83;0.87;2.19;18.73;18.73;-0.00;-0.00;1;1
60051;VorSchwester;144.12;40.70;39.83;0.87;2.19;18.73;18.73;-0.00;-0.00;1;1
60051;NachSchwester;148.38;40.84;35.56;5.28;14.85;14.63;14.63;0.00;0.00;1;1
60051;VorArzt;148.61;40.61;35.33;5.28;14.94;14.63;14.63;0.00;0.00;1;1
60051;NachArzt;183.69;0.25;0.25;0.00;0.00;0.00;0.00;0.00;;1;1
60053;Ankunft;147.34;37.73;42.55;-4.83;-11.35;11.61;11.61;0.00;0.00;1;1
60053;NachRezeption;151.32;38.74;38.57;0.17;0.44;10.98;10.98;0.00;0.00;1;1
60053;VorSchwester;151.32;38.74;38.57;0.17;0.44;10.98;10.98;0.00;0.00;1;1
60053;NachSchwester;155.25;34.81;34.64;0.17;0.49;7.21;7.21;0.00;0.00;1;1
60053;VorArzt;156.94;33.13;32.96;0.17;0.51;7.21;7.21;0.00;0.00;1;1
60053;NachArzt;189.64;0.25;0.25;0.00;0.00;0.00;0.00;0.00;;1;1
60075;Ankunft;192.68;414.55;0.00;414.55;;6.02;;;;0;0
60066;Ankunft;176.80;20.62;17.88;2.74;15.31;5.46;5.46;0.00;0.00;1;1
60066;NachRezeption;189.71;4.97;4.97;0.00;0.00;3.77;3.77;-0.00;-0.00;1;1
60066;VorArzt;190.16;4.52;4.52;0.00;0.00;3.77;3.77;-0.00;-0.00;1;1
60066;NachArzt;194.43;0.25;0.25;0.00;0.00;0.00;0.00;0.00;;1;1
60035;Ankunft;109.61;80.49;85.15;-4.65;-5.47;3.17;3.17;0.00;0.00;1;1
60035;NachRezeption;119.03;63.90;75.72;-11.82;-15.61;2.24;2.24;0.00;0.00;1;1
60035;VorSchwester;119.03;63.90;75.72;-11.82;-15.61;2.24;2.24;0.00;0.00;1;1
60035;NachSchwester;119.96;62.05;74.80;-12.75;-17.05;1.48;1.48;0.00;0.00;1;1
60035;VorArzt;177.13;18.38;17.62;0.76;4.31;1.48;1.48;0.00;0.00;1;1
60035;NachArzt;182.27;12.49;12.49;0.00;0.00;0.42;0.42;0.00;0.00;1;1
60068;Ankunft;179.05;15.29;16.73;-1.45;-8.64;2.75;2.75;0.00;0.00;1;1
60068;NachRezeption;191.84;3.94;3.94;0.00;0.00;0.93;0.93;0.00;0.00;1;1
60068;VorArzt;192.50;3.28;3.28;0.00;0.00;0.93;0.93;0.00;0.00;1;1
60068;NachArzt;195.53;0.25;0.25;0.00;0.00;0.00;0.00;0.00;;1;1
60062;Ankunft;171.22;34.36;34.44;-0.07;-0.21;13.43;13.43;0.00;0.00;1;1
60062;NachRezeption;175.29;30.47;30.37;0.10;0.31;9.46;9.46;0.00;0.00;1;1
60062;VorSchwester;175.29;30.47;30.37;0.10;0.31;9.46;9.46;0.00;0.00;1;1
60062;NachSchwester;180.78;24.81;24.88;-0.07;-0.29;4.13;4.13;0.00;0.00;1;1
60062;VorArzt;183.58;22.01;22.08;-0.07;-0.32;4.13;4.13;0.00;0.00;1;1
60062;NachArzt;205.41;0.25;0.25;0.00;0.00;0.00;0.00;0.00;;1;1
60042;Ankunft;122.24;60.34;86.35;-26.02;-30.13;12.70;12.70;0.00;0.00;0;1
60042;NachRezeption;129.16;49.98;79.43;-29.45;-37.08;11.93;11.93;0.00;0.00;0;1
60042;VorSchwester;129.16;49.98;79.43;-29.45;-37.08;11.93;11.93;0.00;0.00;0;1
60042;NachSchwester;133.67;45.48;74.93;-29.45;-39.31;7.59;7.59;0.00;0.00;0;1
60042;VorArzt;171.14;9.46;37.46;-28.00;-74.75;7.59;7.59;0.00;0.00;0;1
60042;NachArzt;208.35;0.25;0.25;0.00;0.00;0.00;0.00;0.00;;1;1
60027;Ankunft;97.30;79.38;111.97;-32.59;-29.11;10.23;10.23;0.00;0.00;1;1
60027;NachRezeption;100.20;69.71;109.06;-39.36;-36.09;9.76;9.76;0.00;0.00;0;1
60027;VorSchwester;100.20;69.71;109.06;-39.36;-36.09;9.76;9.76;0.00;0.00;0;1
60027;NachSchwester;102.74;75.45;106.52;-31.07;-29.17;7.38;7.38;-0.00;-0.00;1;1
60027;VorArzt;157.31;12.76;51.95;-39.19;-75.43;7.38;7.38;-0.00;-0.00;0;1
60027;NachArzt;190.50;18.76;18.76;0.00;0.00;0.74;0.74;-0.00;-0.00;1;1
60071;Ankunft;186.08;26.27;26.86;-0.59;-2.19;14.83;14.83;0.00;0.00;1;1
60071;NachRezeption;202.39;10.55;10.55;0.00;0.00;7.11;7.11;0.00;0.00;1;1
60071;VorArzt;204.19;8.74;8.74;0.00;0.00;7.11;7.11;0.00;0.00;1;1
60071;NachArzt;212.69;0.25;0.25;0.00;0.00;0.00;0.00;0.00;;1;1
60005;Ankunft;16.61;158.18;197.41;-39.22;-19.87;16.72;16.72;0.00;0.00;1;1
60005;NachRezeption;22.42;147.90;191.60;-43.71;-22.81;13.18;13.18;0.00;0.00;1;1
60005;VorSchwester;22.42;147.90;191.60;-43.71;-22.81;13.18;13.18;0.00;0.00;1;1
60005;NachSchwester;27.79;138.71;186.23;-47.52;-25.52;7.97;7.97;0.00;0.00;1;1
60005;VorArzt;158.11;10.76;55.91;-45.15;-80.76;7.97;7.97;0.00;0.00;0;1
60005;NachArzt;195.13;18.89;18.89;0.00;0.00;2.65;2.65;-0.00;-0.00;1;1
60065;Ankunft;176.36;39.34;43.83;-4.50;-10.26;7.06;7.06;0.00;0.00;1;1
60065;NachRezeption;188.02;22.59;32.17;-9.58;-29.77;4.86;4.86;0.00;0.00;1;1
60065;VorArzt;190.32;22.88;29.87;-6.99;-23.41;4.86;4.86;0.00;0.00;1;1
60065;NachArzt;219.94;0.25;0.25;0.00;0.00;0.00;0.00;0.00;;1;1
60059;Ankunft;159.33;41.80;61.33;-19.53;-31.85;13.44;13.44;0.00;0.00;0;1
60059;NachRezeption;160.74;46.40;59.92;-13.52;-22.56;12.11;12.11;0.00;0.00;1;1
60059;VorSchwester;160.74;46.40;59.92;-13.52;-22.56;12.11;12.11;0.00;0.00;1;1
60059;NachSchwester;165.35;43.21;55.31;-12.10;-21.88;7.68;7.68;0.00;0.00;1;1
60059;VorArzt;167.17;41.56;53.49;-11.94;-22.31;7.68;7.68;0.00;0.00;1;1
60059;NachArzt;200.59;20.07;20.07;0.00;0.00;2.78;2.78;0.00;0.00;1;1
60055;Ankunft;148.66;50.07;75.63;-25.56;-33.79;16.82;16.82;0.00;0.00;0;1
60055;NachRezeption;153.14;42.17;71.15;-28.98;-40.73;15.68;15.68;0.00;0.00;0;1
60055;VorSchwester;153.14;42.17;71.15;-28.98;-40.73;15.68;15.68;0.00;0.00;0;1
60055;NachSchwester;159.54;44.56;64.75;-20.19;-31.18;9.45;9.45;0.00;0.00;0;1
60055;VorArzt;160.41;42.81;63.88;-21.07;-32.98;9.45;9.45;0.00;0.00;0;1
60055;NachArzt;201.11;23.18;23.18;0.00;0.00;3.63;3.63;0.00;0.00;1;1
60067;Ankunft;178.37;38.70;46.34;-7.64;-16.49;4.66;4.66;0.00;0.00;1;1
60067;NachRezeption;190.02;27.53;34.69;-7.16;-20.63;4.35;4.35;0.00;0.00;1;1
60067;VorArzt;191.23;22.07;33.47;-11.40;-34.07;4.35;4.35;0.00;0.00;0;1
60067;NachArzt;224.46;0.25;0.25;0.00;0.00;0.00;0.00;0.00;;1;1
60069;Ankunft;179.80;38.50;47.13;-8.63;-18.31;5.90;5.90;0.00;0.00;1;1
60069;NachRezeption;192.86;27.35;34.07;-6.72;-19.71;4.88;4.88;0.00;0.00;1;1
60069;VorArzt;193.50;26.71;33.42;-6.72;-20.09;4.88;4.88;0.00;0.00;1;1
60069;NachArzt;226.68;0.25;0.25;0.00;0.00;0.00;0.00;0.00;;1;1
60073;Ankunft;189.90;40.51;44.29;-3.77;-8.51;9.24;9.24;0.00;0.00;1;1
60073;NachRezeption;205.11;35.35;29.07;6.28;21.59;7.95;7.95;0.00;0.00;1;1
60073;VorArzt;205.98;33.61;28.20;5.41;19.17;7.95;7.95;0.00;0.00;1;1
60073;NachArzt;214.91;19.27;19.27;0.00;0.00;1.55;1.55;-0.00;-0.00;1;1
60070;Ankunft;179.80;42.01;54.79;-12.78;-23.33;18.44;18.44;0.00;0.00;1;1
60070;NachRezeption;194.25;31.29;40.34;-9.05;-22.43;17.05;17.05;0.00;0.00;1;1
60070;VorSchwester;194.25;31.29;40.34;-9.05;-22.43;17.05;17.05;0.00;0.00;1;1
60070;NachSchwester;204.10;25.96;30.50;-4.54;-14.88;7.37;7.37;-0.00;-0.00;1;1
60070;VorArzt;206.26;29.35;28.33;1.02;3.58;7.37;7.37;-0.00;-0.00;1;1
60070;NachArzt;234.34;0.25;0.25;0.00;0.00;0.00;0.00;0.00;;1;1
60083;Ankunft;204.95;28.95;29.80;-0.85;-2.85;4.39;4.39;0.00;0.00;1;1
60083;NachRezeption;228.85;5.90;5.90;0.00;0.00;2.86;2.86;0.00;0.00;1;1
60083;VorArzt;229.27;5.48;5.48;0.00;0.00;2.86;2.86;0.00;0.00;1;1
60083;NachArzt;234.50;0.25;0.25;0.00;0.00;0.00;0.00;0.00;;1;1
60085;Ankunft;210.47;30.18;26.56;3.62;13.64;6.05;6.05;0.00;0.00;1;1
60085;NachRezeption;230.44;6.60;6.59;0.00;0.07;5.46;5.46;0.00;0.00;1;1
60085;VorSchwester;230.44;6.60;6.59;0.00;0.07;5.46;5.46;0.00;0.00;1;1
60085;NachSchwester;233.95;3.08;3.08;0.00;0.00;2.11;2.11;0.00;0.00;1;1
60085;VorArzt;234.28;2.75;2.75;0.00;0.00;2.11;2.11;0.00;0.00;1;1
60085;NachArzt;236.78;0.25;0.25;0.00;0.00;0.00;0.00;0.00;;1;1
60104;Ankunft;239.55;261.22;0.00;261.22;;16.52;;;;0;0
60084;Ankunft;206.60;33.58;33.06;0.52;1.57;5.89;5.89;0.00;0.00;1;1
60084;NachRezeption;229.85;9.80;9.81;-0.00;-0.05;4.89;4.89;0.00;0.00;1;1
60084;VorArzt;230.33;9.32;9.33;-0.00;-0.05;4.89;4.89;0.00;0.00;1;1
60084;NachArzt;239.40;0.25;0.25;0.00;0.00;0.00;0.00;0.00;;1;1
60076;Ankunft;192.78;43.25;51.42;-8.17;-15.89;6.49;6.49;0.00;0.00;1;1
60076;NachRezeption;211.29;28.70;32.91;-4.21;-12.80;4.38;4.38;0.00;0.00;1;1
60076;VorArzt;212.16;27.83;32.04;-4.21;-13.15;4.38;4.38;0.00;0.00;1;1
60076;NachArzt;243.95;0.25;0.25;0.00;0.00;0.00;0.00;0.00;;1;1
60063;Ankunft;173.41;48.99;72.69;-23.70;-32.60;18.33;18.33;0.00;0.00;0;1
60063;NachRezeption;184.26;40.77;61.83;-21.06;-34.06;13.63;13.63;-0.00;-0.00;0;1
60063;VorSchwester;184.26;40.77;61.83;-21.06;-34.06;13.63;13.63;-0.00;-0.00;0;1
60063;NachSchwester;189.36;41.41;56.74;-15.33;-27.01;8.70;8.70;-0.00;-0.00;1;1
60063;VorArzt;189.96;42.85;56.14;-13.29;-23.67;8.70;8.70;-0.00;-0.00;1;1
60063;NachArzt;219.00;27.10;27.10;0.00;0.00;2.56;2.56;0.00;0.00;1;1
60074;Ankunft;190.23;61.61;57.58;4.03;7.00;8.36;8.36;0.00;0.00;1;1
60074;NachRezeption;208.44;48.31;39.37;8.94;22.70;5.03;5.03;0.00;0.00;1;1
60074;VorSchwester;208.44;48.31;39.37;8.94;22.70;5.03;5.03;0.00;0.00;1;1
60074;NachSchwester;210.19;46.47;37.62;8.85;23.52;3.44;3.44;0.00;0.00;1;1
60074;VorArzt;243.37;4.44;4.44;0.00;0.00;3.44;3.44;0.00;0.00;1;1
60074;NachArzt;247.56;0.25;0.25;0.00;0.00;0.00;0.00;0.00;;1;1
60047;Ankunft;134.63;94.64;113.75;-19.11;-16.80;5.26;5.26;0.00;0.00;1;1
60047;NachRezeption;139.61;89.66;108.77;-19.11;-17.57;3.81;3.81;0.00;0.00;1;1
60047;VorArzt;225.05;5.85;23.33;-17.48;-74.91;3.81;3.81;0.00;0.00;0;1
60047;NachArzt;248.13;0.25;0.25;0.00;0.00;0.00;0.00;0.00;;1;1
60110;Ankunft;249.04;299.99;0.00;299.99;;27.58;;;;0;0
60088;Ankunft;213.52;46.45;40.51;5.94;14.67;4.53;4.53;0.00;0.00;1;1
60088;NachRezeption;232.55;24.37;21.48;2.88;13.43;4.24;4.24;0.00;0.00;1;1
60088;VorArzt;233.02;23.90;21.01;2.88;13.73;4.24;4.24;0.00;0.00;1;1
60088;NachArzt;253.78;0.25;0.25;0.00;0.00;0.00;0.00;0.00;;1;1
60077;Ankunft;197.46;41.10;60.54;-19.44;-32.12;5.89;5.89;0.00;0.00;0;1
60077;NachRezeption;215.14;27.93;42.86;-14.94;-34.85;4.69;4.69;0.00;0.00;0;1
60077;VorArzt;216.63;24.95;41.38;-16.43;-39.70;4.69;4.69;0.00;0.00;0;1
60077;NachArzt;221.63;31.91;36.37;-4.46;-12.27;2.23;2.23;0.00;0.00;1;1
60094;Ankunft;221.68;48.43;44.89;3.54;7.88;13.84;13.84;0.00;0.00;1;1
60094;NachRezeption;255.69;11.04;10.88;0.17;1.53;9.38;9.38;0.00;0.00;1;1
60094;VorSchwester;255.69;11.04;10.88;0.17;1.53;9.38;9.38;0.00;0.00;1;1
60094;NachSchwester;258.51;8.06;8.06;0.00;0.00;6.73;6.73;0.00;0.00;1;1
60094;VorArzt;259.24;7.33;7.33;0.00;0.00;6.73;6.73;0.00;0.00;1;1
60094;NachArzt;266.32;0.25;0.25;0.00;0.00;0.00;0.00;0.00;;1;1
60037;Ankunft;115.86;132.89;152.06;-19.17;-12.60;11.86;11.86;0.00;0.00;1;1
60037;NachRezeption;120.16;115.23;147.75;-32.53;-22.01;11.50;11.50;0.00;0.00;1;1
60037;VorSchwester;120.16;115.23;147.75;-32.53;-22.01;11.50;11.50;0.00;0.00;1;1
60037;NachSchwester;122.88;116.01;145.03;-29.02;-20.01;8.94;8.94;-0.00;-0.00;1;1
60037;VorArzt;223.26;45.21;44.65;0.56;1.25;8.94;8.94;-0.00;-0.00;1;1
60037;NachArzt;226.80;41.11;41.11;0.00;0.00;6.76;6.76;-0.00;-0.00;1;1
60046;Ankunft;133.75;70.75;134.89;-64.13;-47.54;10.75;10.75;0.00;0.00;0;1
60046;NachRezeption;138.16;63.97;130.47;-66.51;-50.97;9.44;9.44;-0.00;-0.00;0;1
60046;VorSchwester;138.16;63.97;130.47;-66.51;-50.97;9.44;9.44;-0.00;-0.00;0;1
60046;NachSchwester;142.42;59.02;126.21;-67.19;-53.23;5.35;5.35;0.00;0.00;0;1
60046;VorArzt;193.98;24.22;74.65;-50.43;-67.55;5.35;5.35;0.00;0.00;0;1
60046;NachArzt;231.48;37.15;37.15;0.00;0.00;0.72;0.72;0.00;0.00;1;1
60103;Ankunft;239.46;231.95;46.02;185.93;404.05;17.37;;;;0;1
60103;NachRezeption;285.39;207.18;0.08;207.10;248514.23;8.13;;;;0;0
60091;Ankunft;219.51;53.59;66.39;-12.80;-19.29;13.65;13.65;0.00;0.00;1;1
60091;NachRezeption;247.89;37.36;38.02;-0.65;-1.72;11.78;11.78;0.00;0.00;1;1
60091;VorSchwester;247.89;37.36;38.02;-0.65;-1.72;11.78;11.78;0.00;0.00;1;1
60091;NachSchwester;251.93;33.16;33.98;-0.82;-2.41;7.90;7.90;0.00;0.00;1;1
60091;VorArzt;255.52;25.38;30.38;-5.01;-16.48;7.90;7.90;0.00;0.00;1;1
60091;NachArzt;285.65;0.25;0.25;0.00;0.00;0.00;0.00;0.00;;1;1
60003;Ankunft;6.94;297.31;282.20;15.11;5.35;10.95;10.95;0.00;0.00;1;1
60003;NachRezeption;13.77;270.29;275.38;-5.09;-1.85;8.14;8.14;0.00;0.00;1;1
60003;VorSchwester;13.77;270.29;275.38;-5.09;-1.85;8.14;8.14;0.00;0.00;1;1
60003;NachSchwester;19.00;265.06;270.15;-5.09;-1.88;3.08;3.08;0.00;0.00;1;1
60003;VorArzt;280.56;8.58;8.58;0.00;0.00;3.08;3.08;0.00;0.00;1;1
60003;NachArzt;288.90;0.25;0.25;0.00;0.00;0.00;0.00;0.00;;1;1
60072;Ankunft;187.35;57.69;107.51;-49.82;-46.34;13.92;13.92;0.00;0.00;0;1
60072;NachRezeption;203.82;50.57;91.03;-40.47;-44.45;12.49;12.49;0.00;0.00;0;1
60072;VorSchwester;203.82;50.57;91.03;-40.47;-44.45;12.49;12.49;0.00;0.00;0;1
60072;NachSchwester;207.20;55.61;87.66;-32.05;-36.56;9.28;9.28;0.00;0.00;0;1
60072;VorArzt;208.48;53.18;86.38;-33.19;-38.43;9.28;9.28;0.00;0.00;0;1
60072;NachArzt;244.16;50.70;50.70;0.00;0.00;2.07;2.07;0.00;0.00;1;1
60125;Ankunft;298.28;195.83;0.00;195.83;;13.70;;;;0;0
60126;Ankunft;299.16;249.21;0.00;249.21;;17.17;;;;0;0
60056;Ankunft;151.95;103.22;149.33;-46.11;-30.88;4.89;4.89;0.00;0.00;0;1
60056;NachRezeption;155.23;98.10;146.05;-47.95;-32.83;4.38;4.38;-0.00;-0.00;0;1
60056;VorArzt;247.60;55.08;53.68;1.41;2.62;4.38;4.38;-0.00;-0.00;1;1
60056;NachArzt;249.37;51.91;51.91;0.00;0.00;3.30;3.30;-0.00;-0.00;1;1
60044;Ankunft;129.12;172.53;176.94;-4.41;-2.49;13.25;13.25;0.00;0.00;1;1
60044;NachRezeption;136.30;163.76;169.76;-6.00;-3.53;7.02;7.02;0.00;0.00;1;1
60044;VorSchwester;136.30;163.76;169.76;-6.00;-3.53;7.02;7.02;0.00;0.00;1;1
60044;NachSchwester;139.32;160.74;166.74;-6.00;-3.60;4.16;4.16;0.00;0.00;1;1
60044;VorArzt;295.48;4.58;10.58;-6.00;-56.72;4.16;4.16;0.00;0.00;0;1
60044;NachArzt;305.81;0.25;0.25;0.00;0.00;0.00;0.00;0.00;;1;1
60127;Ankunft;307.00;251.33;0.00;251.33;;8.45;;;;0;0
60078;Ankunft;199.30;58.99;108.32;-49.34;-45.55;18.51;18.51;0.00;0.00;0;1
60078;NachRezeption;215.63;50.10;91.99;-41.90;-45.54;18.02;18.02;0.00;0.00;0;1
60078;VorSchwester;215.63;50.10;91.99;-41.90;-45.54;18.02;18.02;0.00;0.00;0;1
60078;NachSchwester;225.45;56.64;82.17;-25.53;-31.07;8.36;8.36;0.00;0.00;0;1
60078;VorArzt;227.05;61.23;80.57;-19.34;-24.01;8.36;8.36;0.00;0.00;1;1
60078;NachArzt;254.06;53.57;53.57;0.00;0.00;2.03;2.03;0.00;0.00;1;1
60096;Ankunft;224.91;54.87;83.76;-28.88;-34.48;12.91;12.91;0.00;0.00;0;1
60096;NachRezeption;260.21;39.66;48.46;-8.80;-18.16;11.66;11.66;0.00;0.00;1;1
60096;VorSchwester;260.21;39.66;48.46;-8.80;-18.16;11.66;11.66;0.00;0.00;1;1
60096;NachSchwester;265.28;42.55;43.38;-0.83;-1.92;6.75;6.75;0.00;0.00;1;1
60096;VorArzt;266.07;41.76;42.59;-0.83;-1.96;6.75;6.75;0.00;0.00;1;1
60096;NachArzt;308.42;0.25;0.25;0.00;0.00;0.00;0.00;0.00;;1;1
60098;Ankunft;231.96;57.04;79.28;-22.25;-28.06;7.10;7.10;0.00;0.00;1;1
60098;NachRezeption;270.62;37.90;40.62;-2.73;-6.71;5.02;5.02;-0.00;-0.00;1;1
60098;VorArzt;271.01;37.51;40.23;-2.73;-6.77;5.02;5.02;-0.00;-0.00;1;1
60098;NachArzt;311.00;0.25;0.25;0.00;0.00;0.00;0.00;0.00;;1;1
60112;Ankunft;251.73;65.69;62.05;3.64;5.87;5.15;5.15;0.00;0.00;1;1
60112;NachRezeption;305.51;8.26;8.26;0.00;0.00;3.64;3.64;0.00;0.00;1;1
60112;VorSchwester;305.51;8.26;8.26;0.00;0.00;3.64;3.64;0.00;0.00;1;1
60112;NachSchwester;306.96;6.81;6.81;0.00;0.00;2.36;2.36;-0.00;-0.00;1;1
60112;VorArzt;309.23;4.55;4.55;0.00;0.00;2.36;2.36;-0.00;-0.00;1;1
60112;NachArzt;313.52;0.25;0.25;0.00;0.00;0.00;0.00;0.00;;1;1
60087;Ankunft;210.81;72.17;104.63;-32.46;-31.02;9.05;9.05;0.00;0.00;0;1
60087;NachRezeption;232.26;61.14;83.18;-22.04;-26.49;7.56;7.56;-0.00;-0.00;1;1
60087;VorArzt;234.84;62.41;80.60;-18.19;-22.57;7.56;7.56;-0.00;-0.00;1;1
60087;NachArzt;259.42;56.02;56.02;0.00;0.00;2.36;2.36;-0.00;-0.00;1;1
60099;Ankunft;232.59;69.20;86.73;-17.53;-20.22;10.96;10.96;0.00;0.00;1;1
60099;NachRezeption;271.10;47.39;48.22;-0.83;-1.73;10.48;10.48;0.00;0.00;1;1
60099;VorArzt;272.90;45.58;46.42;-0.83;-1.80;10.48;10.48;0.00;0.00;1;1
60099;NachArzt;319.07;0.25;0.25;0.00;0.00;0.00;0.00;0.00;;1;1
60102;Ankunft;238.00;74.02;83.37;-9.36;-11.22;12.23;12.23;0.00;0.00;1;1
60102;NachRezeption;276.15;40.14;45.23;-5.09;-11.25;11.32;11.32;0.00;0.00;1;1
60102;VorSchwester;276.15;40.14;45.23;-5.09;-11.25;11.32;11.32;0.00;0.00;1;1
60102;NachSchwester;280.20;36.09;41.18;-5.09;-12.35;7.43;7.43;-0.00;-0.00;1;1
60102;VorArzt;280.54;35.75;40.83;-5.09;-12.46;7.43;7.43;-0.00;-0.00;1;1
60102;NachArzt;321.13;0.25;0.25;0.00;0.00;0.00;0.00;0.00;;1;1
60082;Ankunft;204.83;77.31;118.47;-41.16;-34.74;16.18;16.18;0.00;0.00;0;1
60082;NachRezeption;227.32;66.10;95.97;-29.88;-31.13;14.95;14.95;-0.00;-0.00;0;1
60082;VorSchwester;227.32;66.10;95.97;-29.88;-31.13;14.95;14.95;-0.00;-0.00;0;1
60082;NachSchwester;232.61;69.03;90.68;-21.64;-23.87;9.82;9.82;0.00;0.00;1;1
60082;VorArzt;234.56;69.92;88.73;-18.82;-21.21;9.82;9.82;0.00;0.00;1;1
60082;NachArzt;262.61;60.68;60.68;0.00;0.00;1.15;1.15;-0.00;-0.00;1;1
60107;Ankunft;241.66;83.92;89.20;-5.28;-5.92;11.63;11.63;0.00;0.00;1;1
60107;NachRezeption;292.71;38.77;38.16;0.62;1.62;9.32;9.32;0.00;0.00;1;1
60107;VorArzt;293.19;38.29;37.67;0.62;1.64;9.32;9.32;0.00;0.00;1;1
60107;NachArzt;330.61;0.25;0.25;0.00;0.00;0.00;0.00;0.00;;1;1
60109;Ankunft;245.78;79.64;85.75;-6.11;-7.13;9.44;9.44;0.00;0.00;1;1
60109;NachRezeption;297.89;33.14;33.64;-0.50;-1.49;7.53;7.53;0.00;0.00;1;1
60109;VorArzt;298.64;32.39;32.89;-0.50;-1.52;7.53;7.53;0.00;0.00;1;1
60109;NachArzt;331.28;0.25;0.25;0.00;0.00;0.00;0.00;0.00;;1;1
60086;Ankunft;210.72;75.19;121.65;-46.47;-38.20;15.30;15.30;0.00;0.00;0;1
60086;NachRezeption;230.76;65.97;101.62;-35.64;-35.08;14.97;14.97;0.00;0.00;0;1
60086;VorSchwester;231.56;65.10;100.82;-35.72;-35.43;14.97;14.97;0.00;0.00;0;1
60086;NachSchwester;236.79;79.13;95.59;-16.46;-17.22;10.97;10.97;0.00;0.00;1;1
60086;VorArzt;237.33;78.20;95.05;-16.85;-17.73;10.97;10.97;0.00;0.00;1;1
60086;NachArzt;272.74;59.64;59.64;0.00;0.00;1.00;1.00;0.00;0.00;1;1
60090;Ankunft;217.88;66.71;117.05;-50.34;-43.00;23.38;23.38;0.00;0.00;0;1
60090;NachRezeption;243.45;85.36;91.47;-6.11;-6.68;14.88;14.88;-0.00;-0.00;1;1
60090;VorSchwester;243.45;85.36;91.47;-6.11;-6.68;14.88;14.88;-0.00;-0.00;1;1
60090;NachSchwester;246.71;84.03;88.21;-4.19;-4.74;11.79;11.79;-0.00;-0.00;1;1
60090;VorArzt;247.62;82.78;87.30;-4.53;-5.19;11.79;11.79;-0.00;-0.00;1;1
60090;NachArzt;275.73;59.19;59.19;0.00;0.00;2.55;2.55;0.00;0.00;1;1
60101;Ankunft;234.26;102.51;100.75;1.76;1.75;9.89;9.89;0.00;0.00;1;1
60101;NachRezeption;275.24;47.39;59.77;-12.38;-20.71;8.77;8.77;0.00;0.00;1;1
60101;VorSchwester;275.24;47.39;59.77;-12.38;-20.71;8.77;8.77;0.00;0.00;1;1
60101;NachSchwester;280.20;42.60;54.81;-12.21;-22.28;3.98;3.98;0.00;0.00;1;1
60101;VorArzt;316.52;6.94;18.49;-11.55;-62.45;3.98;3.98;0.00;0.00;0;1
60101;NachArzt;334.76;0.25;0.25;0.00;0.00;0.00;0.00;0.00;;1;1
60089;Ankunft;217.72;78.80;119.03;-40.23;-33.80;6.92;6.92;0.00;0.00;0;1
60089;NachRezeption;234.95;93.01;101.79;-8.79;-8.63;6.07;6.07;-0.00;-0.00;1;1
60089;VorSchwester;234.95;93.01;101.79;-8.79;-8.63;6.07;6.07;-0.00;-0.00;1;1
60089;NachSchwester;238.07;79.76;98.68;-18.92;-19.17;3.12;3.12;0.00;0.00;1;1
60089;VorArzt;272.99;65.58;63.75;1.83;2.87;3.12;3.12;0.00;0.00;1;1
60089;NachArzt;277.41;59.34;59.34;0.00;0.00;1.62;1.62;0.00;0.00;1;1
60115;Ankunft;265.10;98.08;74.15;23.94;32.28;11.78;11.78;0.00;0.00;0;1
60115;NachRezeption;325.51;13.74;13.74;0.00;0.00;9.48;9.48;-0.00;-0.00;1;1
60115;VorSchwester;325.51;13.74;13.74;0.00;0.00;9.48;9.48;-0.00;-0.00;1;1
60115;NachSchwester;331.08;8.16;8.16;0.00;0.00;4.07;4.07;-0.00;-0.00;1;1
60115;VorArzt;331.52;7.72;7.72;0.00;0.00;4.07;4.07;-0.00;-0.00;1;1
60115;NachArzt;338.99;0.25;0.25;0.00;0.00;0.00;0.00;0.00;;1;1
60133;Ankunft;340.00;231.82;0.00;231.82;;14.29;;;;0;0
60116;Ankunft;266.12;100.73;81.02;19.71;24.32;15.75;15.75;0.00;0.00;1;1
60116;NachRezeption;328.77;15.07;18.36;-3.29;-17.92;12.49;12.49;0.00;0.00;1;1
60116;VorSchwester;328.77;15.07;18.36;-3.29;-17.92;12.49;12.49;0.00;0.00;1;1
60116;NachSchwester;337.39;9.58;9.75;-0.17;-1.71;4.03;4.03;0.00;0.00;1;1
60116;VorArzt;338.66;8.31;8.48;-0.17;-1.97;4.03;4.03;0.00;0.00;1;1
60116;NachArzt;346.89;0.25;0.25;0.00;0.00;0.00;0.00;0.00;;1;1
60134;Ankunft;347.55;176.35;0.00;176.35;;16.86;;;;0;0
60117;Ankunft;266.28;109.60;83.51;26.10;31.25;16.38;16.38;0.00;0.00;0;1
60117;NachRezeption;331.29;18.09;18.49;-0.40;-2.17;13.86;13.86;0.00;0.00;1;1
60117;VorSchwester;331.29;18.09;18.49;-0.40;-2.17;13.86;13.86;0.00;0.00;1;1
60117;NachSchwester;335.34;14.45;14.45;0.00;0.00;9.98;9.98;0.00;0.00;1;1
60117;VorArzt;335.63;14.16;14.16;0.00;0.00;9.98;9.98;0.00;0.00;1;1
60117;NachArzt;349.54;0.25;0.25;0.00;0.00;0.00;0.00;0.00;;1;1
60092;Ankunft;220.02;84.14;133.20;-49.07;-36.83;14.86;14.86;0.00;0.00;0;1
60092;NachRezeption;248.67;87.59;104.55;-16.96;-16.22;14.08;14.08;0.00;0.00;1;1
60092;VorSchwester;248.67;87.59;104.55;-16.96;-16.22;14.08;14.08;0.00;0.00;1;1
60092;NachSchwester;253.22;87.40;100.00;-12.60;-12.60;9.70;9.70;0.00;0.00;1;1
60092;VorArzt;253.77;86.29;99.45;-13.16;-13.23;9.70;9.70;0.00;0.00;1;1
60092;NachArzt;277.58;64.19;75.64;-11.45;-15.14;5.02;5.02;0.00;0.00;1;1
60135;Ankunft;357.47;148.63;0.00;148.63;;13.11;;;;0;0
60061;Ankunft;166.15;102.97;194.61;-91.64;-47.09;16.81;16.81;0.00;0.00;0;1
60061;NachRezeption;166.67;98.79;194.09;-95.30;-49.10;16.37;16.37;0.00;0.00;0;1
60061;VorSchwester;166.67;98.79;194.09;-95.30;-49.10;16.37;16.37;0.00;0.00;0;1
60061;NachSchwester;172.84;99.34;187.92;-88.57;-47.13;10.36;10.36;0.00;0.00;0;1
60061;VorArzt;254.68;68.38;106.08;-37.70;-35.54;10.36;10.36;0.00;0.00;0;1
60061;NachArzt;285.83;74.93;74.93;0.00;0.00;2.10;2.10;0.00;0.00;1;1
60054;Ankunft;148.48;57.37;215.35;-157.98;-73.36;14.56;14.56;0.00;0.00;0;1
60054;NachRezeption;152.00;51.26;211.83;-160.57;-75.80;13.87;13.87;0.00;0.00;0;1
60054;VorArzt;153.12;50.15;210.71;-160.57;-76.20;13.87;13.87;0.00;0.00;0;1
60054;NachArzt;363.58;0.25;0.25;0.00;0.00;0.00;0.00;0.00;;1;1
60036;Ankunft;114.69;43.37;256.33;-212.95;-83.08;37.13;37.13;0.00;0.00;0;1
60036;NachRezeption;119.80;38.00;251.21;-213.21;-84.87;36.36;36.36;-0.00;-0.00;0;1
60036;VorSchwester;119.80;38.00;251.21;-213.21;-84.87;36.36;36.36;-0.00;-0.00;0;1
60036;NachSchwester;132.62;37.53;238.40;-200.87;-84.26;23.71;23.71;-0.00;-0.00;0;1
60036;VorArzt;133.68;36.47;237.34;-200.87;-84.63;23.71;23.71;-0.00;-0.00;0;1
60036;NachArzt;370.77;0.25;0.25;0.00;0.00;0.00;0.00;0.00;;1;1
60080;Ankunft;201.27;94.84;170.14;-75.30;-44.26;10.55;10.55;0.00;0.00;0;1
60080;NachRezeption;225.24;81.93;146.17;-64.24;-43.95;9.52;9.52;0.00;0.00;0;1
60080;VorArzt;257.34;67.66;114.06;-46.41;-40.68;9.52;9.52;0.00;0.00;0;1
60080;NachArzt;293.36;78.05;78.05;0.00;0.00;5.22;5.22;0.00;0.00;1;1
60119;Ankunft;277.61;87.45;94.15;-6.70;-7.12;21.04;21.04;0.00;0.00;1;1
60119;NachRezeption;348.11;23.64;23.64;0.00;0.00;9.59;9.59;-0.00;-0.00;1;1
60119;VorSchwester;348.11;23.64;23.64;0.00;0.00;9.59;9.59;-0.00;-0.00;1;1
60119;NachSchwester;350.12;21.63;21.63;0.00;0.00;7.75;7.75;-0.00;-0.00;1;1
60119;VorArzt;350.94;20.81;20.81;0.00;0.00;7.75;7.75;-0.00;-0.00;1;1
60119;NachArzt;371.50;0.25;0.25;0.00;0.00;0.00;0.00;0.00;;1;1
60105;Ankunft;239.90;101.55;132.70;-31.15;-23.47;6.65;6.65;0.00;0.00;1;1
60105;NachRezeption;289.30;80.56;83.30;-2.74;-3.29;2.75;2.75;0.00;0.00;1;1
60105;VorArzt;292.24;78.16;80.36;-2.20;-2.74;2.75;2.75;0.00;0.00;1;1
60105;NachArzt;295.09;77.51;77.51;0.00;0.00;1.19;1.19;0.00;0.00;1;1
60124;Ankunft;291.70;77.13;81.07;-3.94;-4.86;4.01;4.01;0.00;0.00;1;1
60124;NachRezeption;366.11;6.67;6.67;0.00;0.00;1.59;1.59;0.00;0.00;1;1
60124;VorArzt;366.70;6.07;6.07;0.00;0.00;1.59;1.59;0.00;0.00;1;1
60124;NachArzt;372.53;0.25;0.25;0.00;0.00;0.00;0.00;0.00;;1;1
60093;Ankunft;220.55;84.96;153.12;-68.16;-44.52;16.33;16.33;0.00;0.00;0;1
60093;NachRezeption;251.23;86.53;122.44;-35.91;-29.33;13.77;13.77;0.00;0.00;1;1
60093;VorSchwester;251.23;86.53;122.44;-35.91;-29.33;13.77;13.77;0.00;0.00;1;1
60093;NachSchwester;254.72;89.45;118.95;-29.50;-24.80;10.45;10.45;0.00;0.00;1;1
60093;VorArzt;256.10;90.42;117.57;-27.15;-23.09;10.45;10.45;0.00;0.00;1;1
60093;NachArzt;295.38;78.29;78.29;0.00;0.00;1.07;1.07;-0.00;-0.00;1;1
60020;Ankunft;86.52;280.79;291.23;-10.44;-3.58;12.97;12.97;0.00;0.00;1;1
60020;NachRezeption;89.90;274.18;287.86;-13.68;-4.75;10.78;10.78;0.00;0.00;1;1
60020;VorSchwester;89.90;274.18;287.86;-13.68;-4.75;10.78;10.78;0.00;0.00;1;1
60020;NachSchwester;95.01;269.06;282.75;-13.68;-4.84;5.84;5.84;0.00;0.00;1;1
60020;VorArzt;357.82;19.20;19.94;-0.73;-3.68;5.84;5.84;0.00;0.00;1;1
60020;NachArzt;377.51;0.25;0.25;0.00;0.00;0.00;0.00;0.00;;1;1
60121;Ankunft;283.83;109.95;94.19;15.76;16.73;7.33;7.33;0.00;0.00;1;1
60121;NachRezeption;358.58;18.26;19.45;-1.19;-6.13;5.08;5.08;0.00;0.00;1;1
60121;VorArzt;359.00;17.83;19.03;-1.19;-6.27;5.08;5.08;0.00;0.00;1;1
60121;NachArzt;377.78;0.25;0.25;0.00;0.00;0.00;0.00;0.00;;1;1
60097;Ankunft;226.37;95.98;153.09;-57.11;-37.30;12.88;12.88;0.00;0.00;0;1
60097;NachRezeption;261.07;104.88;118.39;-13.51;-11.41;12.02;12.02;-0.00;-0.00;1;1
60097;VorArzt;261.80;103.43;117.66;-14.24;-12.10;12.02;12.02;-0.00;-0.00;1;1
60097;NachArzt;301.48;77.98;77.98;0.00;0.00;5.79;5.79;-0.00;-0.00;1;1
60095;Ankunft;223.97;90.99;157.74;-66.76;-42.32;12.49;12.49;0.00;0.00;0;1
60095;NachRezeption;258.96;96.39;122.75;-26.37;-21.48;11.45;11.45;0.00;0.00;1;1
60095;VorSchwester;258.96;96.39;122.75;-26.37;-21.48;11.45;11.45;0.00;0.00;1;1
60095;NachSchwester;262.37;100.66;119.35;-18.69;-15.66;8.21;8.21;0.00;0.00;1;1
60095;VorArzt;263.17;100.21;118.55;-18.34;-15.47;8.21;8.21;0.00;0.00;1;1
60095;NachArzt;301.50;80.22;80.22;0.00;0.00;2.26;2.26;0.00;0.00;1;1
60106;Ankunft;240.50;130.41;144.27;-13.87;-9.61;6.91;6.91;0.00;0.00;1;1
60106;NachRezeption;290.40;106.61;94.37;12.24;12.97;5.80;5.80;-0.00;-0.00;1;1
60106;VorArzt;290.99;105.45;93.79;11.66;12.43;5.80;5.80;-0.00;-0.00;1;1
60106;NachArzt;323.58;61.19;61.19;0.00;0.00;1.46;1.46;0.00;0.00;1;1
60123;Ankunft;291.32;105.59;94.82;10.77;11.36;10.20;10.20;0.00;0.00;1;1
60123;NachRezeption;363.69;21.47;22.45;-0.98;-4.37;9.14;9.14;-0.00;-0.00;1;1
60123;VorSchwester;363.69;21.47;22.45;-0.98;-4.37;9.14;9.14;-0.00;-0.00;1;1
60123;NachSchwester;369.47;16.34;16.67;-0.33;-2.00;3.53;3.53;-0.00;-0.00;1;1
60123;VorArzt;369.77;16.03;16.37;-0.33;-2.04;3.53;3.53;-0.00;-0.00;1;1
60123;NachArzt;385.89;0.25;0.25;0.00;0.00;0.00;0.00;0.00;;1;1
60136;Ankunft;388.89;158.97;0.00;158.97;;15.39;;;;0;0
60130;Ankunft;327.56;67.45;64.60;2.85;4.41;6.10;6.10;0.00;0.00;1;1
60130;NachRezeption;387.85;4.31;4.31;0.00;0.00;2.95;2.95;-0.00;-0.00;1;1
60130;VorArzt;388.37;3.79;3.79;0.00;0.00;2.95;2.95;-0.00;-0.00;1;1
60130;NachArzt;391.91;0.25;0.25;0.00;0.00;0.00;0.00;0.00;;1;1
60057;Ankunft;152.77;68.34;245.87;-177.53;-72.21;22.68;22.68;0.00;0.00;0;1
60057;NachRezeption;156.15;64.91;242.48;-177.57;-73.23;21.75;21.75;-0.00;-0.00;0;1
60057;VorSchwester;156.15;64.91;242.48;-177.57;-73.23;21.75;21.75;-0.00;-0.00;0;1
60057;NachSchwester;165.74;66.37;232.89;-166.52;-71.50;12.33;12.33;0.00;0.00;0;1
60057;VorArzt;191.30;59.05;207.34;-148.28;-71.52;12.33;12.33;0.00;0.00;0;1
60057;NachArzt;398.38;0.25;0.25;0.00;0.00;0.00;0.00;0.00;;1;1
60113;Ankunft;255.36;155.46;144.89;10.56;7.29;25.48;25.48;0.00;0.00;1;1
60113;NachRezeption;312.99;104.86;87.26;17.60;20.17;20.03;20.03;0.00;0.00;1;1
60113;VorSchwester;312.99;104.86;87.26;17.60;20.17;20.03;20.03;0.00;0.00;1;1
60113;NachSchwester;316.94;96.72;83.32;13.40;16.09;16.26;16.26;0.00;0.00;1;1
60113;VorArzt;317.59;95.69;82.67;13.02;15.75;16.26;16.26;0.00;0.00;1;1
60113;NachArzt;339.39;60.86;60.86;0.00;0.00;8.31;8.31;0.00;0.00;1;1
60128;Ankunft;316.77;89.76;85.95;3.81;4.43;17.58;17.58;0.00;0.00;1;1
60128;NachRezeption;382.97;26.23;19.75;6.47;32.77;16.24;16.24;-0.00;-0.00;0;1
60128;VorSchwester;382.97;26.23;19.75;6.47;32.77;16.24;16.24;-0.00;-0.00;0;1
60128;NachSchwester;388.98;13.74;13.74;0.00;0.00;10.39;10.39;-0.00;-0.00;1;1
60128;VorArzt;389.72;13.00;13.00;0.00;0.00;10.39;10.39;-0.00;-0.00;1;1
60128;NachArzt;402.47;0.25;0.25;0.00;0.00;0.00;0.00;0.00;;1;1
60118;Ankunft;276.97;132.20;127.19;5.02;3.94;7.64;7.64;0.00;0.00;1;1
60118;NachRezeption;335.05;68.61;69.11;-0.50;-0.73;7.44;7.44;0.00;0.00;1;1
60118;VorArzt;335.67;67.36;68.49;-1.13;-1.65;7.44;7.44;0.00;0.00;1;1
60118;NachArzt;342.69;61.48;61.48;0.00;0.00;3.91;3.91;0.00;0.00;1;1
60120;Ankunft;279.20;182.35;125.33;57.02;45.49;13.43;13.43;0.00;0.00;0;1
60120;NachRezeption;356.33;68.22;48.19;20.02;41.55;10.23;10.23;0.00;0.00;0;1
60120;VorSchwester;356.33;68.22;48.19;20.02;41.55;10.23;10.23;0.00;0.00;0;1
60120;NachSchwester;361.84;62.11;42.68;19.43;45.52;4.89;4.89;-0.00;-0.00;0;1
60120;VorArzt;362.12;61.55;42.40;19.15;45.16;4.89;4.89;-0.00;-0.00;0;1
60120;NachArzt;382.19;22.33;22.33;0.00;0.00;0.37;0.37;-0.00;-0.00;1;1
60122;Ankunft;286.03;192.59;120.59;72.00;59.70;14.89;14.89;0.00;0.00;0;1
60122;NachRezeption;362.63;68.78;43.99;24.79;56.37;12.94;12.94;0.00;0.00;0;1
60122;VorArzt;363.88;66.28;42.74;23.55;55.09;12.94;12.94;0.00;0.00;0;1
60122;NachArzt;388.79;17.82;17.82;0.00;0.00;2.09;2.09;0.00;0.00;1;1
60132;Ankunft;329.03;139.17;79.12;60.04;75.88;9.78;9.78;0.00;0.00;0;1
60132;NachRezeption;391.86;29.13;16.29;12.84;78.80;7.51;7.51;-0.00;-0.00;0;1
60132;VorArzt;395.27;22.31;12.88;9.43;73.18;7.51;7.51;-0.00;-0.00;0;1
60132;NachArzt;404.53;3.62;3.62;0.00;0.00;1.53;1.53;-0.00;-0.00;1;1
60064;Ankunft;173.58;79.67;240.81;-161.14;-66.91;21.74;21.74;0.00;0.00;0;1
60064;NachRezeption;185.82;59.65;228.57;-168.91;-73.90;20.18;20.18;-0.00;-0.00;0;1
60064;VorSchwester;185.82;59.65;228.57;-168.91;-73.90;20.18;20.18;-0.00;-0.00;0;1
60064;NachSchwester;194.67;58.71;219.72;-161.00;-73.28;11.50;11.50;-0.00;-0.00;0;1
60064;VorArzt;195.70;57.85;218.69;-160.84;-73.55;11.50;11.50;-0.00;-0.00;0;1
60064;NachArzt;414.14;0.25;0.25;0.00;0.00;0.00;0.00;0.00;;1;1
60081;Ankunft;203.72;108.47;212.57;-104.09;-48.97;22.39;22.39;0.00;0.00;0;1
60081;NachRezeption;226.09;105.70;190.20;-84.50;-44.43;21.54;21.54;0.00;0.00;0;1
60081;VorSchwester;226.09;105.70;190.20;-84.50;-44.43;21.54;21.54;0.00;0.00;0;1
60081;NachSchwester;236.45;115.38;179.83;-64.46;-35.84;11.34;11.34;-0.00;-0.00;0;1
60081;VorArzt;237.03;120.15;179.25;-59.11;-32.97;11.34;11.34;-0.00;-0.00;0;1
60081;NachArzt;414.53;1.76;1.76;0.00;0.00;1.51;1.51;-0.00;-0.00;1;1
60100;Ankunft;232.89;167.48;198.46;-30.99;-15.61;29.79;29.79;0.00;0.00;1;1
60100;NachRezeption;274.11;154.37;157.23;-2.87;-1.82;26.77;26.77;0.00;0.00;1;1
60100;VorSchwester;274.11;154.37;157.23;-2.87;-1.82;26.77;26.77;0.00;0.00;1;1
60100;NachSchwester;284.65;170.35;146.70;23.65;16.12;16.40;16.40;0.00;0.00;1;1
60100;VorArzt;285.96;169.95;145.38;24.57;16.90;16.40;16.40;0.00;0.00;1;1
60100;NachArzt;429.59;1.75;1.75;0.00;0.00;1.50;1.50;0.00;0.00;1;1
60079;Ankunft;200.25;101.25;231.85;-130.61;-56.33;27.21;27.21;0.00;0.00;0;1
60079;NachRezeption;217.79;91.58;214.31;-122.73;-57.27;25.05;25.05;0.00;0.00;0;1
60079;VorSchwester;217.79;91.58;214.31;-122.73;-57.27;25.05;25.05;0.00;0.00;0;1
60079;NachSchwester;225.74;109.46;206.37;-96.91;-46.96;17.27;17.27;0.00;0.00;0;1
60079;VorArzt;248.61;125.69;183.50;-57.81;-31.50;17.27;17.27;0.00;0.00;0;1
60079;NachArzt;430.82;1.29;1.29;0.00;0.00;0.76;0.76;-0.00;-0.00;1;1
60029;Ankunft;100.45;328.17;339.27;-11.10;-3.27;16.68;16.68;0.00;0.00;1;1
60029;NachRezeption;106.54;321.81;333.18;-11.37;-3.41;15.14;15.14;0.00;0.00;1;1
60029;VorSchwester;106.54;321.81;333.18;-11.37;-3.41;15.14;15.14;0.00;0.00;1;1
60029;NachSchwester;112.14;316.21;327.58;-11.37;-3.47;9.71;9.71;0.00;0.00;1;1
60029;VorArzt;418.23;21.49;21.49;0.00;0.00;9.71;9.71;0.00;0.00;1;1
60029;NachArzt;439.47;0.25;0.25;0.00;0.00;0.00;0.00;0.00;;1;1
60108;Ankunft;244.75;139.16;201.96;-62.80;-31.09;16.69;16.69;0.00;0.00;0;1
60108;NachRezeption;295.99;100.55;150.72;-50.17;-33.29;15.48;15.48;-0.00;-0.00;0;1
60108;VorArzt;296.45;100.09;150.26;-50.17;-33.39;15.48;15.48;-0.00;-0.00;0;1
60108;NachArzt;446.46;0.25;0.25;0.00;0.00;0.00;0.00;0.00;;1;1
60129;Ankunft;317.30;145.96;129.46;16.49;12.74;11.31;11.31;0.00;0.00;1;1
60129;NachRezeption;383.24;67.94;63.53;4.41;6.94;11.04;11.04;0.00;0.00;1;1
60129;VorSchwester;383.24;67.94;63.53;4.41;6.94;11.04;11.04;0.00;0.00;1;1
60129;NachSchwester;387.56;63.61;59.20;4.41;7.45;6.88;6.88;0.00;0.00;1;1
60129;VorArzt;437.09;9.68;9.68;0.00;0.00;6.88;6.88;0.00;0.00;1;1
60129;NachArzt;446.51;0.25;0.25;0.00;0.00;0.00;0.00;0.00;;1;1
60114;Ankunft;260.34;196.99;198.65;-1.67;-0.84;18.77;18.77;0.00;0.00;1;1
60114;NachRezeption;322.05;157.63;136.94;20.69;15.11;12.07;12.07;0.00;0.00;1;1
60114;VorArzt;323.63;155.93;135.36;20.56;15.19;12.07;12.07;0.00;0.00;1;1
60114;NachArzt;457.74;1.26;1.26;0.00;0.00;1.01;1.01;0.00;0.00;1;1
60111;Ankunft;251.34;133.06;212.43;-79.37;-37.36;19.71;19.71;0.00;0.00;0;1
60111;NachRezeption;304.01;100.04;159.77;-59.73;-37.39;16.90;16.90;0.00;0.00;0;1
60111;VorArzt;304.21;99.84;159.57;-59.73;-37.43;16.90;16.90;0.00;0.00;0;1
60111;NachArzt;463.52;0.25;0.25;0.00;0.00;0.00;0.00;0.00;;1;1
60131;Ankunft;327.67;151.39;148.33;3.06;2.06;14.38;14.38;0.00;0.00;1;1
60131;NachRezeption;389.59;86.41;86.41;0.00;0.00;12.64;12.64;0.00;0.00;1;1
60131;VorSchwester;389.59;86.41;86.41;0.00;0.00;12.64;12.64;0.00;0.00;1;1
60131;NachSchwester;394.05;81.94;81.94;0.00;0.00;8.34;8.34;0.00;0.00;1;1
60131;VorArzt;467.24;8.76;8.76;0.00;0.00;8.34;8.34;0.00;0.00;1;1
60131;NachArzt;475.75;0.25;0.25;0.00;0.00;0.00;0.00;0.00;;1;1
70003;Ankunft;0.00;8.87;16.54;-7.66;-46.34;4.69;4.69;0.00;0.00;0;1
70003;NachRezeption;3.94;4.94;12.60;-7.66;-60.81;3.83;3.83;0.00;0.00;0;1
70003;VorArzt;4.62;4.25;11.91;-7.66;-64.32;3.83;3.83;0.00;0.00;0;1
70003;NachArzt;7.98;0.89;8.55;-7.66;-89.58;0.64;0.64;0.00;0.00;0;1
70002;Ankunft;0.00;17.46;16.54;0.92;5.59;11.05;11.05;0.00;0.00;1;1
70002;NachRezeption;3.08;13.46;13.46;0.00;0.00;9.34;9.34;0.00;0.00;1;1
70002;VorSchwester;3.08;13.46;13.46;0.00;0.00;9.34;9.34;0.00;0.00;1;1
70002;NachSchwester;7.02;9.52;9.52;0.00;0.00;5.57;5.57;0.00;0.00;1;1
70002;VorArzt;10.56;5.98;5.98;0.00;0.00;5.57;5.57;0.00;0.00;1;1
70002;NachArzt;16.29;0.25;0.25;0.00;0.00;0.00;0.00;0.00;;1;1
70001;Ankunft;0.00;15.84;23.75;-7.91;-33.30;15.01;15.01;0.00;0.00;0;1
70001;NachRezeption;1.37;17.04;22.38;-5.34;-23.87;13.73;13.73;0.00;0.00;1;1
70001;VorArzt;1.70;16.38;22.05;-5.67;-25.71;13.73;13.73;0.00;0.00;1;1
70001;NachArzt;8.38;15.37;15.37;0.00;0.00;7.21;7.21;0.00;0.00;1;1
70004;Ankunft;4.57;34.20;31.98;2.23;6.97;7.30;7.30;0.00;0.00;1;1
70004;NachRezeption;5.04;27.46;31.51;-4.04;-12.83;6.91;6.91;0.00;0.00;1;1
70004;VorSchwester;5.04;27.46;31.51;-4.04;-12.83;6.91;6.91;0.00;0.00;1;1
70004;NachSchwester;7.58;24.93;28.97;-4.04;-13.96;4.54;4.54;0.00;0.00;1;1
70004;VorArzt;27.54;10.33;9.00;1.33;14.80;4.54;4.54;0.00;0.00;1;1
70004;NachArzt;29.48;7.07;7.07;0.00;0.00;2.77;2.77;0.00;0.00;1;1
70009;Ankunft;24.38;20.89;17.71;3.18;17.97;11.38;11.38;0.00;0.00;1;1
70009;NachRezeption;32.92;13.52;9.17;4.35;47.43;7.22;7.22;0.00;0.00;1;1
70009;VorArzt;33.26;12.83;8.83;4.01;45.38;7.22;7.22;0.00;0.00;1;1
70009;NachArzt;39.33;2.76;2.76;0.00;0.00;1.32;1.32;0.00;0.00;1;1
70012;Ankunft;32.51;16.89;11.83;5.06;42.80;5.18;5.18;0.00;0.00;0;1
70012;NachRezeption;38.46;8.10;5.87;2.23;37.97;4.29;4.29;0.00;0.00;1;1
70012;VorArzt;39.63;7.08;4.70;2.38;50.57;4.29;4.29;0.00;0.00;1;1
70012;NachArzt;42.92;1.41;1.41;0.00;0.00;1.16;1.16;0.00;0.00;1;1
70010;Ankunft;28.32;20.72;16.80;3.92;23.33;10.93;10.93;0.00;0.00;1;1
70010;NachRezeption;33.69;15.53;11.44;4.09;35.81;10.16;10.16;0.00;0.00;1;1
70010;VorArzt;33.87;15.17;11.26;3.92;34.79;10.16;10.16;0.00;0.00;1;1
70010;NachArzt;43.40;1.72;1.72;0.00;0.00;0.80;0.80;-0.00;-0.00;1;1
70014;Ankunft;38.39;9.35;8.64;0.71;8.27;4.52;4.52;0.00;0.00;1;1
70014;NachRezeption;40.69;7.66;6.34;1.32;20.75;3.69;3.69;-0.00;-0.00;1;1
70014;VorArzt;42.17;4.86;4.86;0.00;0.00;3.69;3.69;-0.00;-0.00;1;1
70014;NachArzt;45.13;1.90;1.90;0.00;0.00;1.65;1.65;-0.00;-0.00;1;1
70005;Ankunft;8.01;64.71;49.07;15.64;31.87;13.56;13.56;0.00;0.00;0;1
70005;NachRezeption;15.81;49.52;41.27;8.25;19.98;5.84;5.84;-0.00;-0.00;1;1
70005;VorSchwester;15.81;49.52;41.27;8.25;19.98;5.84;5.84;-0.00;-0.00;1;1
70005;NachSchwester;17.85;47.89;39.23;8.66;22.07;3.97;3.97;-0.00;-0.00;1;1
70005;VorArzt;52.70;4.38;4.38;0.00;0.00;3.97;3.97;-0.00;-0.00;1;1
70005;NachArzt;55.93;1.16;1.16;0.00;0.00;0.91;0.91;-0.00;-0.00;1;1
70006;Ankunft;14.90;52.89;49.47;3.42;6.92;5.73;5.73;0.00;0.00;1;1
70006;NachRezeption;24.06;39.67;40.31;-0.65;-1.60;5.34;5.34;0.00;0.00;1;1
70006;VorArzt;53.27;8.41;11.10;-2.69;-24.21;5.34;5.34;0.00;0.00;1;1
70006;NachArzt;59.87;4.50;4.50;0.00;0.00;1.56;1.56;-0.00;-0.00;1;1
70018;Ankunft;58.60;5.78;5.78;0.00;0.00;4.46;4.46;0.00;0.00;1;1
70018;NachRezeption;60.50;3.88;3.88;0.00;0.00;2.64;2.64;0.00;0.00;1;1
70018;VorArzt;61.32;3.06;3.06;0.00;0.00;2.64;2.64;0.00;0.00;1;1
70018;NachArzt;64.13;0.25;0.25;0.00;0.00;0.00;0.00;0.00;;1;1
70013;Ankunft;36.95;27.32;29.53;-2.21;-7.49;22.46;22.46;0.00;0.00;1;1
70013;NachRezeption;39.86;24.03;26.62;-2.59;-9.72;21.06;21.06;-0.00;-0.00;1;1
70013;VorSchwester;39.86;24.03;26.62;-2.59;-9.72;21.06;21.06;-0.00;-0.00;1;1
70013;NachSchwester;50.73;11.12;15.75;-4.62;-29.36;10.35;10.35;-0.00;-0.00;1;1
70013;VorArzt;50.98;10.77;15.50;-4.73;-30.53;10.35;10.35;-0.00;-0.00;1;1
70013;NachArzt;60.56;5.92;5.92;0.00;0.00;0.93;0.93;-0.00;-0.00;1;1
70011;Ankunft;31.96;33.66;34.65;-0.98;-2.84;5.99;5.99;0.00;0.00;1;1
70011;NachRezeption;37.57;27.50;29.04;-1.54;-5.30;4.89;4.89;0.00;0.00;1;1
70011;VorSchwester;37.57;27.50;29.04;-1.54;-5.30;4.89;4.89;0.00;0.00;1;1
70011;NachSchwester;40.57;24.50;26.04;-1.54;-5.91;2.06;2.06;0.00;0.00;1;1
70011;VorArzt;62.59;4.01;4.01;0.00;0.00;2.06;2.06;0.00;0.00;1;1
70011;NachArzt;66.35;0.25;0.25;0.00;0.00;0.00;0.00;0.00;;1;1
70016;Ankunft;48.46;31.74;30.98;0.76;2.46;29.35;29.35;0.00;0.00;1;1
70016;NachRezeption;50.09;29.24;29.35;-0.11;-0.36;27.80;27.80;0.00;0.00;1;1
70016;VorSchwester;50.09;29.24;29.35;-0.11;-0.36;27.80;27.80;0.00;0.00;1;1
70016;NachSchwester;58.91;20.53;20.53;0.00;0.00;19.15;19.15;0.00;0.00;1;1
70016;VorArzt;59.76;19.68;19.68;0.00;0.00;19.15;19.15;0.00;0.00;1;1
70016;NachArzt;79.19;0.25;0.25;0.00;0.00;0.00;0.00;0.00;;1;1
70017;Ankunft;49.28;29.49;32.74;-3.25;-9.91;14.41;14.41;0.00;0.00;1;1
70017;NachRezeption;50.84;24.70;31.18;-6.48;-20.78;13.66;13.66;-0.00;-0.00;1;1
70017;VorSchwester;50.84;24.70;31.18;-6.48;-20.78;13.66;13.66;-0.00;-0.00;1;1
70017;NachSchwester;52.44;23.10;29.58;-6.48;-21.91;12.23;12.23;0.00;0.00;1;1
70017;VorArzt;62.90;18.77;19.13;-0.36;-1.88;12.23;12.23;0.00;0.00;1;1
70017;NachArzt;69.93;12.09;12.09;0.00;0.00;8.82;8.82;0.00;0.00;1;1
70019;Ankunft;58.63;14.06;27.03;-12.97;-47.97;10.43;10.43;0.00;0.00;0;1
70019;NachRezeption;61.21;19.15;24.44;-5.29;-21.63;9.71;9.71;0.00;0.00;1;1
70019;VorSchwester;61.21;19.15;24.44;-5.29;-21.63;9.71;9.71;0.00;0.00;1;1
70019;NachSchwester;65.92;22.90;19.74;3.16;16.02;5.17;5.17;-0.00;-0.00;1;1
70019;VorArzt;66.75;21.40;18.90;2.49;13.19;5.17;5.17;-0.00;-0.00;1;1
70019;NachArzt;73.67;11.98;11.98;0.00;0.00;1.59;1.59;-0.00;-0.00;1;1
70021;Ankunft;60.05;24.17;25.64;-1.46;-5.71;12.77;12.77;0.00;0.00;1;1
70021;NachRezeption;65.46;16.31;20.22;-3.91;-19.35;11.59;11.59;0.00;0.00;1;1
70021;VorArzt;67.07;14.87;18.62;-3.75;-20.12;11.59;11.59;0.00;0.00;1;1
70021;NachArzt;85.44;0.25;0.25;0.00;0.00;0.00;0.00;0.00;;1;1
70022;Ankunft;62.14;23.80;33.44;-9.64;-28.83;8.88;8.88;0.00;0.00;1;1
70022;NachRezeption;67.79;30.56;27.79;2.76;9.94;7.49;7.49;0.00;0.00;1;1
70022;VorArzt;68.42;29.29;27.16;2.13;7.84;7.49;7.49;0.00;0.00;1;1
70022;NachArzt;84.79;10.79;10.79;0.00;0.00;2.06;2.06;0.00;0.00;1;1
70026;Ankunft;82.67;15.75;14.94;0.80;5.36;9.61;9.61;0.00;0.00;1;1
70026;NachRezeption;91.81;5.81;5.81;0.00;0.00;4.58;4.58;0.00;0.00;1;1
70026;VorSchwester;91.81;5.81;5.81;0.00;0.00;4.58;4.58;0.00;0.00;1;1
70026;NachSchwester;93.72;3.90;3.90;0.00;0.00;2.84;2.84;0.00;0.00;1;1
70026;VorArzt;94.36;3.26;3.26;0.00;0.00;2.84;2.84;0.00;0.00;1;1
70026;NachArzt;97.36;0.25;0.25;0.00;0.00;0.00;0.00;0.00;;1;1
70029;Ankunft;87.49;17.02;15.24;1.78;11.66;2.80;2.80;0.00;0.00;1;1
70029;NachRezeption;99.04;3.69;3.69;0.00;0.00;2.40;2.40;0.00;0.00;1;1
70029;VorArzt;99.91;2.82;2.82;0.00;0.00;2.40;2.40;0.00;0.00;1;1
70029;NachArzt;102.48;0.25;0.25;0.00;0.00;0.00;0.00;0.00;;1;1
70023;Ankunft;67.10;25.97;38.68;-12.71;-32.85;11.59;11.59;0.00;0.00;0;1
70023;NachRezeption;73.12;35.11;32.66;2.45;7.52;6.26;6.26;0.00;0.00;1;1
70023;VorArzt;74.87;33.37;30.90;2.46;7.96;6.26;6.26;0.00;0.00;1;1
70023;NachArzt;90.62;15.16;15.16;0.00;0.00;1.24;1.24;0.00;0.00;1;1
70020;Ankunft;59.13;20.86;47.40;-26.53;-55.98;14.33;14.33;0.00;0.00;0;1
70020;NachRezeption;62.72;19.62;43.80;-24.18;-55.21;12.83;12.83;0.00;0.00;0;1
70020;VorSchwester;62.72;19.62;43.80;-24.18;-55.21;12.83;12.83;0.00;0.00;0;1
70020;NachSchwester;68.62;30.07;37.91;-7.83;-20.67;7.10;7.10;-0.00;-0.00;1;1
70020;VorArzt;69.09;29.12;37.43;-8.31;-22.20;7.10;7.10;-0.00;-0.00;1;1
70020;NachArzt;91.30;15.22;15.22;0.00;0.00;0.75;0.75;-0.00;-0.00;1;1
70007;Ankunft;17.33;74.60;93.07;-18.46;-19.84;11.73;11.73;0.00;0.00;1;1
70007;NachRezeption;26.51;65.09;83.88;-18.79;-22.40;9.27;9.27;0.00;0.00;1;1
70007;VorArzt;75.51;23.42;34.88;-11.46;-32.85;9.27;9.27;0.00;0.00;0;1
70007;NachArzt;98.28;12.12;12.12;0.00;0.00;1.78;1.78;0.00;0.00;1;1
70008;Ankunft;23.07;100.85;95.65;5.20;5.43;12.24;12.24;0.00;0.00;1;1
70008;NachRezeption;28.75;88.83;89.96;-1.14;-1.27;10.00;10.00;-0.00;-0.00;1;1
70008;VorSchwester;28.75;88.83;89.96;-1.14;-1.27;10.00;10.00;-0.00;-0.00;1;1
70008;NachSchwester;34.19;83.39;84.53;-1.14;-1.35;4.72;4.72;-0.00;-0.00;1;1
70008;VorArzt;112.44;5.79;6.28;-0.49;-7.81;4.72;4.72;-0.00;-0.00;1;1
70008;NachArzt;118.47;0.25;0.25;0.00;0.00;0.00;0.00;0.00;;1;1
70028;Ankunft;86.23;34.31;34.21;0.10;0.29;10.80;10.80;0.00;0.00;1;1
70028;NachRezeption;98.64;26.92;21.80;5.12;23.50;7.65;7.65;0.00;0.00;1;1
70028;VorSchwester;98.64;26.92;21.80;5.12;23.50;7.65;7.65;0.00;0.00;1;1
70028;NachSchwester;102.39;20.78;18.05;2.73;15.11;4.07;4.07;0.00;0.00;1;1
70028;VorArzt;105.94;15.57;14.50;1.07;7.36;4.07;4.07;0.00;0.00;1;1
70028;NachArzt;106.84;13.60;13.60;0.00;0.00;3.34;3.34;0.00;0.00;1;1
70034;Ankunft;98.41;22.01;25.46;-3.45;-13.54;9.42;9.42;0.00;0.00;1;1
70034;NachRezeption;113.78;10.09;10.09;0.00;0.00;5.95;5.95;0.00;0.00;1;1
70034;VorArzt;114.05;9.82;9.82;0.00;0.00;5.95;5.95;0.00;0.00;1;1
70034;NachArzt;123.62;0.25;0.25;0.00;0.00;0.00;0.00;0.00;;1;1
70031;Ankunft;90.16;34.51;36.81;-2.29;-6.23;6.66;6.66;0.00;0.00;1;1
70031;NachRezeption;104.46;19.46;22.51;-3.05;-13.54;5.62;5.62;0.00;0.00;1;1
70031;VorSchwester;104.46;19.46;22.51;-3.05;-13.54;5.62;5.62;0.00;0.00;1;1
70031;NachSchwester;106.15;16.07;20.82;-4.74;-22.77;4.09;4.09;0.00;0.00;1;1
70031;VorArzt;106.51;15.36;20.46;-5.10;-24.93;4.09;4.09;0.00;0.00;1;1
70031;NachArzt;110.73;16.23;16.23;0.00;0.00;0.37;0.37;0.00;0.00;1;1
70033;Ankunft;97.70;24.95;30.72;-5.77;-18.77;3.67;3.67;0.00;0.00;1;1
70033;NachRezeption;108.53;17.42;19.89;-2.48;-12.45;2.96;2.96;0.00;0.00;1;1
70033;VorArzt;109.16;22.31;19.26;3.04;15.80;2.96;2.96;0.00;0.00;1;1
70033;NachArzt;113.09;15.33;15.33;0.00;0.00;0.77;0.77;-0.00;-0.00;1;1
70040;Ankunft;111.55;19.82;19.62;0.20;1.03;2.82;2.82;0.00;0.00;1;1
70040;NachRezeption;127.56;3.61;3.61;0.00;0.00;2.14;2.14;0.00;0.00;1;1
70040;VorArzt;128.62;2.55;2.55;0.00;0.00;2.14;2.14;0.00;0.00;1;1
70040;NachArzt;130.92;0.25;0.25;0.00;0.00;0.00;0.00;0.00;;1;1
70030;Ankunft;89.76;39.39;44.69;-5.30;-11.86;20.13;20.13;0.00;0.00;1;1
70030;NachRezeption;103.42;29.02;31.02;-2.00;-6.45;15.75;15.75;0.00;0.00;1;1
70030;VorArzt;103.69;28.49;30.76;-2.27;-7.37;15.75;15.75;0.00;0.00;1;1
70030;NachArzt;113.58;20.87;20.87;0.00;0.00;6.03;6.03;0.00;0.00;1;1
70024;Ankunft;71.25;57.79;69.96;-12.17;-17.40;15.14;15.14;0.00;0.00;1;1
70024;NachRezeption;83.98;40.85;57.24;-16.39;-28.63;13.10;13.10;-0.00;-0.00;1;1
70024;VorSchwester;83.98;40.85;57.24;-16.39;-28.63;13.10;13.10;-0.00;-0.00;1;1
70024;NachSchwester;87.18;41.29;54.04;-12.75;-23.60;10.06;10.06;-0.00;-0.00;1;1
70024;VorArzt;106.52;25.02;34.70;-9.67;-27.88;10.06;10.06;-0.00;-0.00;1;1
70024;NachArzt;117.50;23.72;23.72;0.00;0.00;5.82;5.82;0.00;0.00;1;1
70035;Ankunft;98.71;40.82;45.52;-4.70;-10.33;6.69;6.69;0.00;0.00;1;1
70035;NachRezeption;114.21;28.96;30.02;-1.06;-3.55;6.25;6.25;0.00;0.00;1;1
70035;VorSchwester;114.21;28.96;30.02;-1.06;-3.55;6.25;6.25;0.00;0.00;1;1
70035;NachSchwester;117.47;23.39;26.76;-3.37;-12.59;3.16;3.16;0.00;0.00;1;1
70035;VorArzt;119.44;25.97;24.80;1.17;4.72;3.16;3.16;0.00;0.00;1;1
70035;NachArzt;120.44;23.79;23.79;0.00;0.00;2.33;2.33;0.00;0.00;1;1
70042;Ankunft;118.84;33.79;33.68;0.11;0.32;10.42;10.42;0.00;0.00;1;1
70042;NachRezeption;141.82;10.70;10.70;0.00;0.00;9.73;9.73;0.00;0.00;1;1
70042;VorArzt;142.37;10.15;10.15;0.00;0.00;9.73;9.73;0.00;0.00;1;1
70042;NachArzt;152.28;0.25;0.25;0.00;0.00;0.00;0.00;0.00;;1;1
70046;Ankunft;127.23;31.77;31.81;-0.03;-0.11;6.64;6.64;0.00;0.00;1;1
70046;NachRezeption;151.70;7.34;7.34;0.00;0.00;6.35;6.35;0.00;0.00;1;1
70046;VorArzt;152.24;6.80;6.80;0.00;0.00;6.35;6.35;0.00;0.00;1;1
70046;NachArzt;158.79;0.25;0.25;0.00;0.00;0.00;0.00;0.00;;1;1
70044;Ankunft;124.89;38.49;38.49;0.00;0.00;12.84;12.84;0.00;0.00;1;1
70044;NachRezeption;150.74;12.63;12.63;0.00;0.00;11.70;11.70;0.00;0.00;1;1
70044;VorArzt;151.26;12.12;12.12;0.00;0.00;11.70;11.70;0.00;0.00;1;1
70044;NachArzt;163.12;0.25;0.25;0.00;0.00;0.00;0.00;0.00;;1;1
70025;Ankunft;82.10;81.83;82.73;-0.89;-1.08;4.03;4.03;0.00;0.00;1;1
70025;NachRezeption;86.78;76.57;78.05;-1.48;-1.90;2.83;2.83;0.00;0.00;1;1
70025;VorSchwester;86.78;76.57;78.05;-1.48;-1.90;2.83;2.83;0.00;0.00;1;1
70025;NachSchwester;88.49;74.86;76.34;-1.48;-1.94;1.28;1.28;0.00;0.00;1;1
70025;VorArzt;161.64;2.14;3.18;-1.04;-32.64;1.28;1.28;0.00;0.00;1;1
70025;NachArzt;164.57;0.25;0.25;0.00;0.00;0.00;0.00;0.00;;1;1
70055;Ankunft;144.63;27.44;26.77;0.67;2.51;7.02;7.02;0.00;0.00;1;1
70055;NachRezeption;164.03;7.36;7.36;0.00;0.00;6.19;6.19;-0.00;-0.00;1;1
70055;VorSchwester;164.03;7.36;7.36;0.00;0.00;6.19;6.19;-0.00;-0.00;1;1
70055;NachSchwester;166.53;4.86;4.86;0.00;0.00;3.86;3.86;0.00;0.00;1;1
70055;VorArzt;167.07;4.32;4.32;0.00;0.00;3.86;3.86;0.00;0.00;1;1
70055;NachArzt;171.14;0.25;0.25;0.00;0.00;0.00;0.00;0.00;;1;1
70051;Ankunft;137.03;34.21;37.09;-2.88;-7.77;8.93;8.93;0.00;0.00;1;1
70051;NachRezeption;160.14;12.48;13.97;-1.49;-10.68;6.87;6.87;0.00;0.00;1;1
70051;VorArzt;163.95;10.00;10.16;-0.17;-1.64;6.87;6.87;0.00;0.00;1;1
70051;NachArzt;173.86;0.25;0.25;0.00;0.00;0.00;0.00;0.00;;1;1
70047;Ankunft;127.77;58.17;46.99;11.17;23.77;6.87;6.87;0.00;0.00;1;1
70047;NachRezeption;152.41;25.85;22.36;3.50;15.64;6.16;6.16;-0.00;-0.00;1;1
70047;VorSchwester;152.41;25.85;22.36;3.50;15.64;6.16;6.16;-0.00;-0.00;1;1
70047;NachSchwester;154.78;20.97;19.98;0.99;4.95;3.95;3.95;-0.00;-0.00;1;1
70047;VorArzt;156.41;17.71;18.35;-0.64;-3.49;3.95;3.95;-0.00;-0.00;1;1
70047;NachArzt;162.08;12.68;12.68;0.00;0.00;0.83;0.83;-0.00;-0.00;1;1
70049;Ankunft;135.44;46.05;40.62;5.43;13.37;7.32;7.32;0.00;0.00;1;1
70049;NachRezeption;156.39;21.23;19.67;1.56;7.92;4.25;4.25;0.00;0.00;1;1
70049;VorSchwester;156.39;21.23;19.67;1.56;7.92;4.25;4.25;0.00;0.00;1;1
70049;NachSchwester;157.88;18.09;18.18;-0.09;-0.50;2.93;2.93;0.00;0.00;1;1
70049;VorArzt;159.44;18.47;16.62;1.85;11.11;2.93;2.93;0.00;0.00;1;1
70049;NachArzt;164.47;11.59;11.59;0.00;0.00;0.72;0.72;0.00;0.00;1;1
70054;Ankunft;143.36;44.70;39.29;5.41;13.77;4.38;4.38;0.00;0.00;1;1
70054;NachRezeption;163.20;17.32;19.45;-2.13;-10.96;4.14;4.14;0.00;0.00;1;1
70054;VorArzt;163.91;15.89;18.75;-2.85;-15.23;4.14;4.14;0.00;0.00;1;1
70054;NachArzt;166.83;15.82;15.82;0.00;0.00;2.05;2.05;0.00;0.00;1;1
70057;Ankunft;147.43;27.43;35.38;-7.94;-22.45;8.92;8.92;0.00;0.00;1;1
70057;NachRezeption;165.71;16.93;17.10;-0.17;-0.97;8.52;8.52;0.00;0.00;1;1
70057;VorArzt;165.92;16.72;16.88;-0.17;-0.99;8.52;8.52;0.00;0.00;1;1
70057;NachArzt;182.56;0.25;0.25;0.00;0.00;0.00;0.00;0.00;;1;1
70053;Ankunft;139.36;49.74;44.42;5.32;11.98;5.98;5.98;0.00;0.00;1;1
70053;NachRezeption;162.96;17.19;20.81;-3.63;-17.43;3.61;3.61;0.00;0.00;1;1
70053;VorArzt;163.84;15.49;19.93;-4.45;-22.31;3.61;3.61;0.00;0.00;1;1
70053;NachArzt;167.12;16.65;16.65;0.00;0.00;1.12;1.12;-0.00;-0.00;1;1
70050;Ankunft;136.18;57.55;51.16;6.39;12.50;15.87;15.87;0.00;0.00;1;1
70050;NachRezeption;158.08;25.34;29.27;-3.92;-13.40;14.18;14.18;-0.00;-0.00;1;1
70050;VorSchwester;158.08;25.34;29.27;-3.92;-13.40;14.18;14.18;-0.00;-0.00;1;1
70050;NachSchwester;164.23;21.79;23.11;-1.32;-5.72;8.20;8.20;0.00;0.00;1;1
70050;VorArzt;164.55;22.53;22.79;-0.26;-1.16;8.20;8.20;0.00;0.00;1;1
70050;NachArzt;177.74;9.61;9.61;0.00;0.00;1.77;1.77;0.00;0.00;1;1
70059;Ankunft;151.84;30.61;39.42;-8.81;-22.34;8.61;8.61;0.00;0.00;1;1
70059;NachRezeption;167.37;26.46;23.89;2.57;10.75;8.29;8.29;0.00;0.00;1;1
70059;VorArzt;168.44;22.66;22.83;-0.17;-0.73;8.29;8.29;0.00;0.00;1;1
70059;NachArzt;191.01;0.25;0.25;0.00;0.00;0.00;0.00;0.00;;1;1
70056;Ankunft;146.79;44.35;45.02;-0.67;-1.49;8.70;8.70;0.00;0.00;1;1
70056;NachRezeption;165.31;30.91;26.51;4.40;16.62;7.42;7.42;-0.00;-0.00;1;1
70056;VorArzt;166.06;29.40;25.75;3.65;14.18;7.42;7.42;-0.00;-0.00;1;1
70056;NachArzt;181.44;10.38;10.38;0.00;0.00;3.89;3.89;-0.00;-0.00;1;1
70060;Ankunft;158.12;21.13;34.73;-13.60;-39.16;6.68;6.68;0.00;0.00;0;1
70060;NachRezeption;167.60;26.04;25.25;0.79;3.11;6.46;6.46;0.00;0.00;1;1
70060;VorArzt;171.38;17.89;21.47;-3.59;-16.70;6.46;6.46;0.00;0.00;1;1
70060;NachArzt;192.60;0.25;0.25;0.00;0.00;0.00;0.00;0.00;;1;1
70058;Ankunft;147.94;44.70;56.16;-11.46;-20.41;7.70;7.70;0.00;0.00;1;1
70058;NachRezeption;167.05;37.64;37.05;0.59;1.58;6.36;6.36;0.00;0.00;1;1
70058;VorArzt;168.10;36.66;36.00;0.66;1.83;6.36;6.36;0.00;0.00;1;1
70058;NachArzt;185.98;18.12;18.12;0.00;0.00;1.98;1.98;0.00;0.00;1;1
70077;Ankunft;188.48;40.68;37.12;3.56;9.59;17.76;17.76;0.00;0.00;1;1
70077;NachRezeption;215.32;10.45;10.28;0.17;1.62;6.46;6.46;0.00;0.00;1;1
70077;VorSchwester;215.32;10.45;10.28;0.17;1.62;6.46;6.46;0.00;0.00;1;1
70077;NachSchwester;218.15;7.45;7.45;0.00;0.00;3.79;3.79;0.00;0.00;1;1
70077;VorArzt;219.96;5.65;5.65;0.00;0.00;3.79;3.79;0.00;0.00;1;1
70077;NachArzt;225.35;0.25;0.25;0.00;0.00;0.00;0.00;0.00;;1;1
70062;Ankunft;159.03;32.61;74.13;-41.52;-56.01;10.52;10.52;0.00;0.00;0;1
70062;NachRezeption;170.87;38.01;62.29;-24.27;-38.97;8.48;8.48;0.00;0.00;0;1
70062;VorSchwester;170.87;38.01;62.29;-24.27;-38.97;8.48;8.48;0.00;0.00;0;1
70062;NachSchwester;174.32;34.84;58.84;-24.00;-40.79;5.20;5.20;0.00;0.00;0;1
70062;VorArzt;174.54;34.40;58.62;-24.22;-41.32;5.20;5.20;0.00;0.00;0;1
70062;NachArzt;194.58;38.58;38.58;0.00;0.00;1.80;1.80;0.00;0.00;1;1
70114;Ankunft;243.45;250.59;0.00;250.59;;32.06;;;;0;0
70067;Ankunft;166.22;74.57;86.77;-12.20;-14.06;5.87;5.87;0.00;0.00;1;1
70067;NachRezeption;180.52;69.73;72.47;-2.75;-3.79;5.49;5.49;0.00;0.00;1;1
70067;VorArzt;234.89;5.91;18.10;-12.20;-67.36;5.49;5.49;0.00;0.00;0;1
70067;NachArzt;252.74;0.25;0.25;0.00;0.00;0.00;0.00;0.00;;1;1
70063;Ankunft;160.60;46.27;96.02;-49.75;-51.81;19.20;19.20;0.00;0.00;0;1
70063;NachRezeption;171.44;49.17;85.17;-36.00;-42.27;18.63;18.63;-0.00;-0.00;0;1
70063;VorSchwester;171.44;49.17;85.17;-36.00;-42.27;18.63;18.63;-0.00;-0.00;0;1
70063;NachSchwester;176.45;43.56;80.16;-36.60;-45.66;13.78;13.78;-0.00;-0.00;0;1
70063;VorArzt;177.51;38.25;79.11;-40.86;-51.64;13.78;13.78;-0.00;-0.00;0;1
70063;NachArzt;204.03;52.58;52.58;0.00;0.00;4.50;4.50;-0.00;-0.00;1;1
70065;Ankunft;164.45;44.87;94.09;-49.22;-52.31;15.73;15.73;0.00;0.00;0;1
70065;NachRezeption;175.26;44.11;83.28;-39.17;-47.03;15.15;15.15;0.00;0.00;0;1
70065;VorArzt;177.18;40.27;81.36;-41.09;-50.51;15.15;15.15;0.00;0.00;0;1
70065;NachArzt;205.99;52.55;52.55;0.00;0.00;1.93;1.93;0.00;0.00;1;1
70081;Ankunft;195.54;69.85;63.30;6.55;10.34;8.64;8.64;0.00;0.00;1;1
70081;NachRezeption;236.03;24.12;22.82;1.30;5.70;5.68;5.68;0.00;0.00;1;1
70081;VorArzt;236.72;23.43;22.13;1.30;5.87;5.68;5.68;0.00;0.00;1;1
70081;NachArzt;258.59;0.25;0.25;0.00;0.00;0.00;0.00;0.00;;1;1
70080;Ankunft;193.54;64.86;68.33;-3.48;-5.09;30.94;30.94;0.00;0.00;1;1
70080;NachRezeption;231.27;33.85;30.60;3.24;10.60;16.52;16.52;0.00;0.00;1;1
70080;VorSchwester;231.27;33.85;30.60;3.24;10.60;16.52;16.52;0.00;0.00;1;1
70080;NachSchwester;235.06;29.21;26.82;2.40;8.94;12.91;12.91;-0.00;-0.00;1;1
70080;VorArzt;235.72;28.55;26.16;2.40;9.17;12.91;12.91;-0.00;-0.00;1;1
70080;NachArzt;261.62;0.25;0.25;0.00;0.00;0.00;0.00;0.00;;1;1
70015;Ankunft;45.24;200.16;217.97;-17.81;-8.17;10.58;10.58;0.00;0.00;1;1
70015;NachRezeption;48.53;193.68;214.68;-21.00;-9.78;9.00;9.00;-0.00;-0.00;1;1
70015;VorSchwester;48.53;193.68;214.68;-21.00;-9.78;9.00;9.00;-0.00;-0.00;1;1
70015;NachSchwester;53.50;188.71;209.71;-21.00;-10.01;4.20;4.20;-0.00;-0.00;1;1
70015;VorArzt;237.60;10.69;25.61;-14.92;-58.26;4.20;4.20;-0.00;-0.00;0;1
70015;NachArzt;262.96;0.25;0.25;0.00;0.00;0.00;0.00;0.00;;1;1
70038;Ankunft;104.02;149.99;162.12;-12.13;-7.48;12.69;12.69;0.00;0.00;1;1
70038;NachRezeption;117.02;109.83;149.12;-39.29;-26.35;11.68;11.68;0.00;0.00;1;1
70038;VorSchwester;117.02;109.83;149.12;-39.29;-26.35;11.68;11.68;0.00;0.00;1;1
70038;NachSchwester;118.21;113.27;147.93;-34.66;-23.43;10.66;10.66;0.00;0.00;1;1
70038;VorArzt;197.48;59.70;68.66;-8.96;-13.05;10.66;10.66;0.00;0.00;1;1
70038;NachArzt;210.00;56.14;56.14;0.00;0.00;4.86;4.86;0.00;0.00;1;1
70043;Ankunft;124.36;101.13;144.10;-42.97;-29.82;16.31;16.31;0.00;0.00;1;1
70043;NachRezeption;149.61;52.41;118.85;-66.44;-55.90;10.86;10.86;0.00;0.00;0;1
70043;VorSchwester;149.61;52.41;118.85;-66.44;-55.90;10.86;10.86;0.00;0.00;0;1
70043;NachSchwester;154.29;43.37;114.17;-70.80;-62.01;6.34;6.34;-0.00;-0.00;0;1
70043;VorArzt;177.82;16.19;90.64;-74.44;-82.13;6.34;6.34;-0.00;-0.00;0;1
70043;NachArzt;210.18;58.28;58.28;0.00;0.00;2.32;2.32;-0.00;-0.00;1;1
70082;Ankunft;196.60;76.16;72.53;3.63;5.00;8.00;8.00;0.00;0.00;1;1
70082;NachRezeption;236.94;34.58;32.19;2.40;7.45;7.09;7.09;0.00;0.00;1;1
70082;VorArzt;238.40;30.56;30.73;-0.17;-0.54;7.09;7.09;0.00;0.00;1;1
70082;NachArzt;268.88;0.25;0.25;0.00;0.00;0.00;0.00;0.00;;1;1
70085;Ankunft;199.18;92.78;75.52;17.27;22.86;12.75;12.75;0.00;0.00;1;1
70085;NachRezeption;241.06;32.93;33.64;-0.70;-2.09;11.25;11.25;0.00;0.00;1;1
70085;VorSchwester;241.06;32.93;33.64;-0.70;-2.09;11.25;11.25;0.00;0.00;1;1
70085;NachSchwester;244.72;33.10;29.98;3.12;10.41;7.75;7.75;0.00;0.00;1;1
70085;VorArzt;248.78;29.20;25.92;3.29;12.69;7.75;7.75;0.00;0.00;1;1
70085;NachArzt;274.44;0.25;0.25;0.00;0.00;0.00;0.00;0.00;;1;1
70066;Ankunft;164.57;36.96;110.33;-73.37;-66.50;9.07;9.07;0.00;0.00;0;1
70066;NachRezeption;180.14;42.21;94.76;-52.55;-55.46;4.90;4.90;0.00;0.00;0;1
70066;VorArzt;184.20;48.32;90.70;-42.38;-46.72;4.90;4.90;0.00;0.00;0;1
70066;NachArzt;214.26;60.64;60.64;0.00;0.00;0.81;0.81;0.00;0.00;1;1
70122;Ankunft;274.97;224.80;0.00;224.80;;8.31;;;;0;0
70070;Ankunft;178.23;58.33;102.90;-44.58;-43.32;9.42;9.42;0.00;0.00;0;1
70070;NachRezeption;187.84;51.17;93.29;-42.12;-45.15;8.83;8.83;0.00;0.00;0;1
70070;VorArzt;191.29;56.70;89.85;-33.15;-36.89;8.83;8.83;0.00;0.00;0;1
70070;NachArzt;221.39;59.74;59.74;0.00;0.00;1.87;1.87;0.00;0.00;1;1
70068;Ankunft;168.29;67.20;115.03;-47.83;-41.58;13.55;13.55;0.00;0.00;0;1
70068;NachRezeption;184.47;55.81;98.84;-43.03;-43.54;12.77;12.77;0.00;0.00;0;1
70068;VorArzt;186.93;53.19;96.39;-43.20;-44.82;12.77;12.77;0.00;0.00;0;1
70068;NachArzt;222.17;61.14;61.14;0.00;0.00;0.94;0.94;0.00;0.00;1;1
70098;Ankunft;218.75;68.49;65.99;2.50;3.79;5.47;5.47;0.00;0.00;1;1
70098;NachRezeption;279.19;5.72;5.55;0.17;3.00;4.33;4.33;0.00;0.00;1;1
70098;VorSchwester;279.19;5.72;5.55;0.17;3.00;4.33;4.33;0.00;0.00;1;1
70098;NachSchwester;281.27;3.47;3.47;0.00;0.00;2.41;2.41;0.00;0.00;1;1
70098;VorArzt;281.87;2.87;2.87;0.00;0.00;2.41;2.41;0.00;0.00;1;1
70098;NachArzt;284.49;0.25;0.25;0.00;0.00;0.00;0.00;0.00;;1;1
70061;Ankunft;158.89;79.30;133.30;-54.00;-40.51;8.33;8.33;0.00;0.00;0;1
70061;NachRezeption;168.84;74.12;123.36;-49.23;-39.91;7.09;7.09;0.00;0.00;0;1
70061;VorSchwester;168.84;74.12;123.36;-49.23;-39.91;7.09;7.09;0.00;0.00;0;1
70061;NachSchwester;171.14;69.51;121.05;-51.54;-42.57;4.95;4.95;0.00;0.00;0;1
70061;VorArzt;221.96;65.91;70.23;-4.32;-6.15;4.95;4.95;0.00;0.00;1;1
70061;NachArzt;226.56;65.64;65.64;0.00;0.00;0.73;0.73;-0.00;-0.00;1;1
70095;Ankunft;216.59;95.57;82.09;13.49;16.43;6.27;6.27;0.00;0.00;1;1
70095;NachRezeption;276.22;29.20;22.46;6.74;29.99;4.87;4.87;0.00;0.00;1;1
70095;VorArzt;277.94;27.47;20.74;6.74;32.48;4.87;4.87;0.00;0.00;0;1
70095;NachArzt;298.43;0.25;0.25;0.00;0.00;0.00;0.00;0.00;;1;1
70069;Ankunft;174.71;43.35;125.09;-81.74;-65.35;11.37;11.37;0.00;0.00;0;1
70069;NachRezeption;185.49;49.86;114.32;-64.46;-56.39;10.36;10.36;0.00;0.00;0;1
70069;VorSchwester;185.49;49.86;114.32;-64.46;-56.39;10.36;10.36;0.00;0.00;0;1
70069;NachSchwester;191.40;59.24;108.41;-49.17;-45.36;4.62;4.62;0.00;0.00;0;1
70069;VorArzt;193.11;56.40;106.70;-50.29;-47.14;4.62;4.62;0.00;0.00;0;1
70069;NachArzt;229.86;69.94;69.94;0.00;0.00;0.28;0.28;-0.00;-0.00;1;1
70073;Ankunft;182.25;55.92;118.35;-62.43;-52.75;6.63;6.63;0.00;0.00;0;1
70073;NachRezeption;196.23;70.29;104.36;-34.07;-32.65;4.48;4.48;0.00;0.00;0;1
70073;VorArzt;197.40;71.48;103.20;-31.71;-30.73;4.48;4.48;0.00;0.00;0;1
70073;NachArzt;234.10;66.50;66.50;0.00;0.00;0.41;0.41;-0.00;-0.00;1;1
70071;Ankunft;181.85;56.50;119.31;-62.81;-52.64;13.45;13.45;0.00;0.00;0;1
70071;NachRezeption;193.27;61.31;107.89;-46.58;-43.17;11.91;11.91;0.00;0.00;0;1
70071;VorSchwester;193.27;61.31;107.89;-46.58;-43.17;11.91;11.91;0.00;0.00;0;1
70071;NachSchwester;196.78;79.71;104.39;-24.67;-23.64;8.57;8.57;0.00;0.00;1;1
70071;VorArzt;197.05;80.35;104.11;-23.76;-22.82;8.57;8.57;0.00;0.00;1;1
70071;NachArzt;234.73;66.43;66.43;0.00;0.00;0.56;0.56;0.00;0.00;1;1
70048;Ankunft;128.85;132.51;174.55;-42.04;-24.09;7.31;7.31;0.00;0.00;1;1
70048;NachRezeption;153.33;94.69;150.08;-55.38;-36.90;6.39;6.39;0.00;0.00;0;1
70048;VorSchwester;153.33;94.69;150.08;-55.38;-36.90;6.39;6.39;0.00;0.00;0;1
70048;NachSchwester;156.97;87.40;146.43;-59.03;-40.31;2.91;2.91;0.00;0.00;0;1
70048;VorArzt;230.65;75.84;72.75;3.09;4.25;2.91;2.91;0.00;0.00;1;1
70048;NachArzt;236.32;67.08;67.08;0.00;0.00;0.85;0.85;-0.00;-0.00;1;1
70099;Ankunft;221.75;93.29;83.38;9.91;11.88;5.36;5.36;0.00;0.00;1;1
70099;NachRezeption;282.30;26.01;22.84;3.17;13.88;4.12;4.12;0.00;0.00;1;1
70099;VorArzt;282.57;25.73;22.56;3.17;14.05;4.12;4.12;0.00;0.00;1;1
70099;NachArzt;304.88;0.25;0.25;0.00;0.00;0.00;0.00;0.00;;1;1
70075;Ankunft;182.94;66.09;131.02;-64.93;-49.56;11.99;11.99;0.00;0.00;0;1
70075;NachRezeption;201.90;89.53;112.06;-22.53;-20.11;8.36;8.36;-0.00;-0.00;1;1
70075;VorArzt;203.08;87.17;110.88;-23.71;-21.39;8.36;8.36;-0.00;-0.00;1;1
70075;NachArzt;243.67;70.29;70.29;0.00;0.00;1.18;1.18;-0.00;-0.00;1;1
70052;Ankunft;137.55;158.22;176.96;-18.74;-10.59;13.32;13.32;0.00;0.00;1;1
70052;NachRezeption;160.59;130.79;153.92;-23.13;-15.03;12.87;12.87;0.00;0.00;1;1
70052;VorSchwester;160.59;130.79;153.92;-23.13;-15.03;12.87;12.87;0.00;0.00;1;1
70052;NachSchwester;167.05;124.32;147.45;-23.13;-15.69;6.57;6.57;-0.00;-0.00;1;1
70052;VorArzt;284.39;7.08;30.11;-23.04;-76.50;6.57;6.57;-0.00;-0.00;0;1
70052;NachArzt;314.26;0.25;0.25;0.00;0.00;0.00;0.00;0.00;;1;1
70127;Ankunft;316.43;186.39;0.00;186.39;;10.06;;;;0;0
70076;Ankunft;184.88;69.16;131.90;-62.74;-47.57;13.22;13.22;0.00;0.00;0;1
70076;NachRezeption;202.03;88.90;114.74;-25.84;-22.52;13.09;13.09;0.00;0.00;1;1
70076;VorSchwester;202.03;88.90;114.74;-25.84;-22.52;13.09;13.09;0.00;0.00;1;1
70076;NachSchwester;209.23;94.36;107.54;-13.18;-12.25;6.06;6.06;0.00;0.00;1;1
70076;VorArzt;214.30;98.05;102.47;-4.42;-4.31;6.06;6.06;0.00;0.00;1;1
70076;NachArzt;247.08;69.69;69.69;0.00;0.00;2.81;2.81;0.00;0.00;1;1
70074;Ankunft;182.66;69.33;136.47;-67.13;-49.19;16.88;16.88;0.00;0.00;0;1
70074;NachRezeption;198.27;88.12;120.86;-32.74;-27.09;14.85;14.85;-0.00;-0.00;1;1
70074;VorArzt;198.70;87.26;120.43;-33.17;-27.54;14.85;14.85;-0.00;-0.00;1;1
70074;NachArzt;248.55;70.58;70.58;0.00;0.00;1.20;1.20;-0.00;-0.00;1;1
70101;Ankunft;224.45;95.84;101.32;-5.48;-5.41;12.05;12.05;0.00;0.00;1;1
70101;NachRezeption;287.28;36.31;38.49;-2.18;-5.66;8.86;8.86;-0.00;-0.00;1;1
70101;VorArzt;289.71;33.89;36.07;-2.18;-6.04;8.86;8.86;-0.00;-0.00;1;1
70101;NachArzt;325.52;0.25;0.25;0.00;0.00;0.00;0.00;0.00;;1;1
70084;Ankunft;196.91;121.16;129.76;-8.60;-6.62;9.76;9.76;0.00;0.00;1;1
70084;NachRezeption;239.55;97.58;87.11;10.47;12.02;8.58;8.58;0.00;0.00;1;1
70084;VorSchwester;239.55;97.58;87.11;10.47;12.02;8.58;8.58;0.00;0.00;1;1
70084;NachSchwester;242.92;98.30;83.74;14.55;17.38;5.37;5.37;0.00;0.00;1;1
70084;VorArzt;243.27;97.61;83.40;14.21;17.04;5.37;5.37;0.00;0.00;1;1
70084;NachArzt;266.52;60.14;60.14;0.00;0.00;1.97;1.97;0.00;0.00;1;1
70091;Ankunft;210.64;128.61;117.06;11.55;9.87;3.12;3.12;0.00;0.00;1;1
70091;NachRezeption;270.15;62.79;57.55;5.24;9.11;1.64;1.64;0.00;0.00;1;1
70091;VorArzt;273.04;57.01;54.66;2.35;4.30;1.64;1.64;0.00;0.00;1;1
70091;NachArzt;276.04;51.66;51.66;0.00;0.00;0.21;0.21;0.00;0.00;1;1
70088;Ankunft;203.84;151.07;127.57;23.50;18.42;16.86;16.86;0.00;0.00;1;1
70088;NachRezeption;252.03;106.19;79.38;26.81;33.77;15.55;15.55;0.00;0.00;0;1
70088;VorArzt;253.28;103.70;78.14;25.57;32.72;15.55;15.55;0.00;0.00;0;1
70088;NachArzt;281.91;49.51;49.51;0.00;0.00;2.68;2.68;-0.00;-0.00;1;1
70103;Ankunft;225.46;92.41;107.53;-15.12;-14.06;6.66;6.66;0.00;0.00;1;1
70103;NachRezeption;290.06;41.63;42.92;-1.29;-3.00;4.06;4.06;0.00;0.00;1;1
70103;VorArzt;292.77;34.57;40.21;-5.64;-14.04;4.06;4.06;0.00;0.00;1;1
70103;NachArzt;332.73;0.25;0.25;0.00;0.00;0.00;0.00;0.00;;1;1
70087;Ankunft;203.48;131.72;130.07;1.64;1.26;25.20;25.20;0.00;0.00;1;1
70087;NachRezeption;250.72;104.97;82.83;22.15;26.74;16.57;16.57;-0.00;-0.00;1;1
70087;VorSchwester;250.72;104.97;82.83;22.15;26.74;16.57;16.57;-0.00;-0.00;1;1
70087;NachSchwester;255.10;101.10;78.45;22.65;28.88;12.35;12.35;-0.00;-0.00;1;1
70087;VorArzt;255.78;102.10;77.77;24.33;31.28;12.35;12.35;-0.00;-0.00;0;1
70087;NachArzt;286.43;47.12;47.12;0.00;0.00;2.13;2.13;0.00;0.00;1;1
70064;Ankunft;160.88;115.62;173.15;-57.54;-33.23;10.01;10.01;0.00;0.00;0;1
70064;NachRezeption;173.85;98.78;160.19;-61.40;-38.33;7.60;7.60;0.00;0.00;0;1
70064;VorSchwester;173.85;98.78;160.19;-61.40;-38.33;7.60;7.60;0.00;0.00;0;1
70064;NachSchwester;176.83;93.83;157.21;-63.37;-40.31;4.79;4.79;0.00;0.00;0;1
70064;VorArzt;256.81;73.33;77.23;-3.90;-5.05;4.79;4.79;0.00;0.00;1;1
70064;NachArzt;288.95;45.09;45.09;0.00;0.00;0.49;0.49;0.00;0.00;1;1
70089;Ankunft;208.09;144.10;126.52;17.57;13.89;12.12;12.12;0.00;0.00;1;1
70089;NachRezeption;261.20;97.40;73.42;23.98;32.66;9.38;9.38;0.00;0.00;0;1
70089;VorSchwester;261.20;97.40;73.42;23.98;32.66;9.38;9.38;0.00;0.00;0;1
70089;NachSchwester;264.77;91.77;69.85;21.93;31.39;5.98;5.98;-0.00;-0.00;0;1
70089;VorArzt;266.66;89.98;67.96;22.01;32.39;5.98;5.98;-0.00;-0.00;0;1
70089;NachArzt;291.99;42.63;42.63;0.00;0.00;0.58;0.58;-0.00;-0.00;1;1
70096;Ankunft;216.84;101.36;118.86;-17.50;-14.73;16.60;16.60;0.00;0.00;1;1
70096;NachRezeption;277.67;37.22;58.04;-20.82;-35.87;15.15;15.15;0.00;0.00;0;1
70096;VorSchwester;277.67;37.22;58.04;-20.82;-35.87;15.15;15.15;0.00;0.00;0;1
70096;NachSchwester;283.21;36.08;52.50;-16.42;-31.28;9.77;9.77;0.00;0.00;0;1
70096;VorArzt;290.59;24.14;45.12;-20.97;-46.49;9.77;9.77;0.00;0.00;0;1
70096;NachArzt;335.46;0.25;0.25;0.00;0.00;0.00;0.00;0.00;;1;1
70120;Ankunft;273.94;63.55;61.81;1.74;2.81;3.19;3.19;0.00;0.00;1;1
70120;NachRezeption;327.17;8.41;8.58;-0.17;-1.94;2.60;2.60;0.00;0.00;1;1
70120;VorArzt;328.62;3.02;7.14;-4.12;-57.67;2.60;2.60;0.00;0.00;1;1
70120;NachArzt;335.50;0.25;0.25;0.00;0.00;0.00;0.00;0.00;;1;1
70083;Ankunft;196.67;119.90;139.92;-20.02;-14.31;13.34;13.34;0.00;0.00;1;1
70083;NachRezeption;238.37;103.72;98.22;5.50;5.60;11.92;11.92;-0.00;-0.00;1;1
70083;VorSchwester;238.37;103.72;98.22;5.50;5.60;11.92;11.92;-0.00;-0.00;1;1
70083;NachSchwester;244.21;101.18;92.38;8.79;9.52;6.24;6.24;-0.00;-0.00;1;1
70083;VorArzt;268.59;64.93;68.00;-3.06;-4.50;6.24;6.24;-0.00;-0.00;1;1
70083;NachArzt;293.39;43.20;43.20;0.00;0.00;1.97;1.97;0.00;0.00;1;1
70105;Ankunft;227.80;137.46;108.94;28.52;26.18;5.40;5.40;0.00;0.00;1;1
70105;NachRezeption;293.50;50.02;43.24;6.78;15.68;4.02;4.02;0.00;0.00;1;1
70105;VorSchwester;293.50;50.02;43.24;6.78;15.68;4.02;4.02;0.00;0.00;1;1
70105;NachSchwester;296.13;44.65;40.60;4.04;9.96;1.55;1.55;0.00;0.00;1;1
70105;VorArzt;296.41;44.07;40.32;3.76;9.32;1.55;1.55;0.00;0.00;1;1
70105;NachArzt;300.00;36.73;36.73;0.00;0.00;0.14;0.14;0.00;0.00;1;1
70092;Ankunft;210.94;166.52;127.49;39.03;30.61;12.30;12.30;0.00;0.00;0;1
70092;NachRezeption;272.31;85.18;66.12;19.06;28.83;10.14;10.14;-0.00;-0.00;1;1
70092;VorArzt;275.40;79.93;63.03;16.90;26.81;10.14;10.14;-0.00;-0.00;1;1
70092;NachArzt;300.60;37.83;37.83;0.00;0.00;1.70;1.70;0.00;0.00;1;1
70128;Ankunft;339.58;168.39;0.00;168.39;;13.25;;;;0;0
70108;Ankunft;232.84;89.31;114.20;-24.89;-21.79;3.69;3.69;0.00;0.00;1;1
70108;NachRezeption;300.11;40.03;46.93;-6.90;-14.70;3.30;3.30;0.00;0.00;1;1
70108;VorArzt;301.83;38.37;45.21;-6.84;-15.12;3.30;3.30;0.00;0.00;1;1
70108;NachArzt;346.79;0.25;0.25;0.00;0.00;0.00;0.00;0.00;;1;1
70094;Ankunft;212.60;176.61;137.55;39.06;28.40;19.86;19.86;0.00;0.00;1;1
70094;NachRezeption;274.01;94.53;76.14;18.39;24.15;19.08;19.08;0.00;0.00;1;1
70094;VorArzt;279.61;81.70;70.54;11.16;15.81;19.08;19.08;0.00;0.00;1;1
70094;NachArzt;307.53;42.63;42.63;0.00;0.00;11.72;11.72;0.00;0.00;1;1
70097;Ankunft;217.54;158.12;133.62;24.50;18.34;10.99;10.99;0.00;0.00;1;1
70097;NachRezeption;278.05;82.97;73.10;9.87;13.50;10.60;10.60;-0.00;-0.00;1;1
70097;VorSchwester;278.05;82.97;73.10;9.87;13.50;10.60;10.60;-0.00;-0.00;1;1
70097;NachSchwester;282.48;81.01;68.68;12.34;17.96;6.34;6.34;0.00;0.00;1;1
70097;VorArzt;284.02;73.82;67.14;6.68;9.95;6.34;6.34;0.00;0.00;1;1
70097;NachArzt;310.39;40.77;40.77;0.00;0.00;1.01;1.01;0.00;0.00;1;1
70102;Ankunft;224.89;156.59;133.67;22.93;17.15;5.08;5.08;0.00;0.00;1;1
70102;NachRezeption;287.46;81.20;71.09;10.11;14.22;4.90;4.90;0.00;0.00;1;1
70102;VorArzt;287.87;80.39;70.69;9.70;13.73;4.90;4.90;0.00;0.00;1;1
70102;NachArzt;314.59;43.96;43.96;0.00;0.00;0.86;0.86;0.00;0.00;1;1
70113;Ankunft;242.84;140.84;119.92;20.92;17.44;9.73;9.73;0.00;0.00;1;1
70113;NachRezeption;312.70;50.44;50.05;0.39;0.77;3.55;3.55;0.00;0.00;1;1
70113;VorArzt;312.91;50.03;49.85;0.18;0.36;3.55;3.55;0.00;0.00;1;1
70113;NachArzt;316.50;46.26;46.26;0.00;0.00;1.48;1.48;-0.00;-0.00;1;1
70110;Ankunft;236.97;104.78;132.84;-28.07;-21.13;19.95;19.95;0.00;0.00;1;1
70110;NachRezeption;305.08;51.49;64.74;-13.24;-20.46;18.19;18.19;0.00;0.00;1;1
70110;VorSchwester;305.08;51.49;64.74;-13.24;-20.46;18.19;18.19;0.00;0.00;1;1
70110;NachSchwester;312.39;50.26;57.43;-7.17;-12.49;11.05;11.05;0.00;0.00;1;1
70110;VorArzt;313.40;50.86;56.42;-5.55;-9.84;11.05;11.05;0.00;0.00;1;1
70110;NachArzt;369.57;0.25;0.25;0.00;0.00;0.00;0.00;0.00;;1;1
70100;Ankunft;223.44;165.71;146.41;19.30;13.18;23.11;23.11;0.00;0.00;1;1
70100;NachRezeption;284.09;95.19;85.76;9.43;10.99;22.25;22.25;0.00;0.00;1;1
70100;VorSchwester;284.09;95.19;85.76;9.43;10.99;22.25;22.25;0.00;0.00;1;1
70100;NachSchwester;288.73;95.58;81.12;14.47;17.83;17.78;17.78;0.00;0.00;1;1
70100;VorArzt;288.91;95.23;80.94;14.29;17.65;17.78;17.78;0.00;0.00;1;1
70100;NachArzt;325.44;44.41;44.41;0.00;0.00;7.10;7.10;-0.00;-0.00;1;1
70117;Ankunft;251.42;143.21;119.96;23.25;19.38;5.25;5.25;0.00;0.00;1;1
70117;NachRezeption;320.80;51.36;50.58;0.78;1.53;4.43;4.43;0.00;0.00;1;1
70117;VorArzt;321.15;50.65;50.23;0.42;0.84;4.43;4.43;0.00;0.00;1;1
70117;NachArzt;328.51;42.88;42.88;0.00;0.00;1.53;1.53;-0.00;-0.00;1;1
70121;Ankunft;274.91;116.53;98.08;18.45;18.82;6.55;6.55;0.00;0.00;1;1
70121;NachRezeption;327.40;55.38;45.58;9.80;21.49;6.32;6.32;0.00;0.00;1;1
70121;VorSchwester;327.40;55.38;45.58;9.80;21.49;6.32;6.32;0.00;0.00;1;1
70121;NachSchwester;329.22;53.28;43.77;9.51;21.74;4.67;4.67;0.00;0.00;1;1
70121;VorArzt;329.83;52.07;43.16;8.91;20.64;4.67;4.67;0.00;0.00;1;1
70121;NachArzt;338.69;34.30;34.30;0.00;0.00;1.60;1.60;0.00;0.00;1;1
70116;Ankunft;249.48;99.15;125.74;-26.59;-21.15;6.17;6.17;0.00;0.00;1;1
70116;NachRezeption;319.99;49.76;55.23;-5.47;-9.91;5.23;5.23;0.00;0.00;1;1
70116;VorArzt;321.95;42.06;53.27;-11.20;-21.03;5.23;5.23;0.00;0.00;1;1
70116;NachArzt;374.97;0.25;0.25;0.00;0.00;0.00;0.00;0.00;;1;1
70118;Ankunft;255.70;100.43;122.42;-21.99;-17.97;5.09;5.09;0.00;0.00;1;1
70118;NachRezeption;323.15;47.92;54.96;-7.04;-12.82;2.73;2.73;-0.00;-0.00;1;1
70118;VorArzt;323.43;47.64;54.68;-7.04;-12.88;2.73;2.73;-0.00;-0.00;1;1
70118;NachArzt;377.87;0.25;0.25;0.00;0.00;0.00;0.00;0.00;;1;1
70104;Ankunft;225.49;168.90;154.79;14.11;9.11;20.12;20.12;0.00;0.00;1;1
70104;NachRezeption;291.38;92.07;88.90;3.17;3.57;18.80;18.80;0.00;0.00;1;1
70104;VorSchwester;291.38;92.07;88.90;3.17;3.57;18.80;18.80;0.00;0.00;1;1
70104;NachSchwester;296.90;85.08;83.38;1.69;2.03;13.45;13.45;0.00;0.00;1;1
70104;VorArzt;297.22;84.43;83.06;1.37;1.65;13.45;13.45;0.00;0.00;1;1
70104;NachArzt;343.32;36.97;36.97;0.00;0.00;5.81;5.81;0.00;0.00;1;1
70131;Ankunft;380.72;170.95;0.00;170.95;;39.24;;;;0;0
70107;Ankunft;229.14;177.05;157.88;19.17;12.14;16.12;16.12;0.00;0.00;1;1
70107;NachRezeption;299.44;86.05;87.58;-1.53;-1.75;15.29;15.29;0.00;0.00;1;1
70107;VorArzt;299.92;85.10;87.11;-2.01;-2.31;15.29;15.29;0.00;0.00;1;1
70107;NachArzt;347.41;39.62;39.62;0.00;0.00;6.74;6.74;0.00;0.00;1;1
70109;Ankunft;235.42;155.13;153.13;2.00;1.31;6.25;6.25;0.00;0.00;1;1
70109;NachRezeption;302.47;78.46;86.08;-7.61;-8.84;4.86;4.86;0.00;0.00;1;1
70109;VorArzt;305.02;73.36;83.52;-10.17;-12.17;4.86;4.86;0.00;0.00;1;1
70109;NachArzt;350.91;37.63;37.63;0.00;0.00;1.52;1.52;0.00;0.00;1;1
70106;Ankunft;228.83;159.59;161.56;-1.97;-1.22;16.32;16.32;0.00;0.00;1;1
70106;NachRezeption;298.61;79.71;91.78;-12.07;-13.15;11.20;11.20;-0.00;-0.00;1;1
70106;VorSchwester;298.61;79.71;91.78;-12.07;-13.15;11.20;11.20;-0.00;-0.00;1;1
70106;NachSchwester;302.86;81.61;87.53;-5.92;-6.77;7.12;7.12;-0.00;-0.00;1;1
70106;VorArzt;303.27;80.77;87.11;-6.34;-7.28;7.12;7.12;-0.00;-0.00;1;1
70106;NachArzt;352.24;38.15;38.15;0.00;0.00;1.84;1.84;-0.00;-0.00;1;1
70124;Ankunft;311.35;87.79;80.19;7.59;9.47;11.77;11.77;0.00;0.00;1;1
70124;NachRezeption;354.95;40.25;36.60;3.65;9.97;7.90;7.90;0.00;0.00;1;1
70124;VorArzt;355.79;39.41;35.76;3.65;10.21;7.90;7.90;0.00;0.00;1;1
70124;NachArzt;391.30;0.25;0.25;0.00;0.00;0.00;0.00;0.00;;1;1
70112;Ankunft;241.54;160.75;150.88;9.87;6.54;11.53;11.53;0.00;0.00;1;1
70112;NachRezeption;306.53;78.92;85.89;-6.97;-8.12;10.69;10.69;0.00;0.00;1;1
70112;VorSchwester;306.53;78.92;85.89;-6.97;-8.12;10.69;10.69;0.00;0.00;1;1
70112;NachSchwester;309.41;84.88;83.01;1.87;2.25;7.98;7.98;0.00;0.00;1;1
70112;VorArzt;311.00;82.70;81.41;1.28;1.58;7.98;7.98;0.00;0.00;1;1
70112;NachArzt;358.35;34.06;34.06;0.00;0.00;2.03;2.03;0.00;0.00;1;1
70111;Ankunft;241.06;165.47;152.68;12.79;8.38;13.11;13.11;0.00;0.00;1;1
70111;NachRezeption;305.69;84.82;88.04;-3.23;-3.66;12.50;12.50;0.00;0.00;1;1
70111;VorArzt;306.83;82.54;86.91;-4.36;-5.02;12.50;12.50;0.00;0.00;1;1
70111;NachArzt;362.26;31.47;31.47;0.00;0.00;1.32;1.32;-0.00;-0.00;1;1
70125;Ankunft;311.49;103.55;85.83;17.72;20.65;7.03;7.03;0.00;0.00;1;1
70125;NachRezeption;357.62;42.11;39.71;2.40;6.05;4.36;4.36;-0.00;-0.00;1;1
70125;VorArzt;358.74;41.89;38.58;3.31;8.57;4.36;4.36;-0.00;-0.00;1;1
70125;NachArzt;365.68;31.64;31.64;0.00;0.00;1.10;1.10;0.00;0.00;1;1
70115;Ankunft;247.79;174.55;150.87;23.69;15.70;12.06;12.06;0.00;0.00;1;1
70115;NachRezeption;317.85;95.28;80.81;14.47;17.91;10.90;10.90;0.00;0.00;1;1
70115;VorArzt;321.62;89.12;77.05;12.07;15.67;10.90;10.90;0.00;0.00;1;1
70115;NachArzt;375.41;23.25;23.25;0.00;0.00;1.34;1.34;-0.00;-0.00;1;1
70119;Ankunft;257.47;170.86;141.71;29.15;20.57;9.63;9.63;0.00;0.00;1;1
70119;NachRezeption;324.61;92.69;74.57;18.12;24.30;8.17;8.17;0.00;0.00;1;1
70119;VorArzt;326.20;96.77;72.98;23.79;32.60;8.17;8.17;0.00;0.00;0;1
70119;NachArzt;383.23;15.95;15.95;0.00;0.00;0.52;0.52;0.00;0.00;1;1
70123;Ankunft;278.23;136.60;122.15;14.45;11.83;12.23;12.23;0.00;0.00;1;1
70123;NachRezeption;328.65;105.10;71.74;33.36;46.51;11.19;11.19;0.00;0.00;0;1
70123;VorArzt;329.92;105.86;70.46;35.40;50.24;11.19;11.19;0.00;0.00;0;1
70123;NachArzt;388.03;12.36;12.36;0.00;0.00;1.20;1.20;0.00;0.00;1;1
70090;Ankunft;210.62;254.55;191.76;62.79;32.75;18.26;18.26;0.00;0.00;0;1
70090;NachRezeption;268.67;172.77;133.71;39.06;29.22;17.97;17.97;0.00;0.00;1;1
70090;VorSchwester;268.67;172.77;133.71;39.06;29.22;17.97;17.97;0.00;0.00;1;1
70090;NachSchwester;276.14;158.86;126.24;32.62;25.84;10.66;10.66;0.00;0.00;1;1
70090;VorArzt;372.44;38.41;29.93;8.47;28.30;10.66;10.66;0.00;0.00;1;1
70090;NachArzt;400.49;1.89;1.89;0.00;0.00;1.64;1.64;0.00;0.00;1;1
70126;Ankunft;314.79;100.14;87.65;12.49;14.25;16.72;16.72;0.00;0.00;1;1
70126;NachRezeption;361.19;48.67;41.25;7.43;18.01;14.00;14.00;0.00;0.00;1;1
70126;VorArzt;361.38;48.49;41.06;7.43;18.09;14.00;14.00;0.00;0.00;1;1
70126;NachArzt;402.19;0.25;0.25;0.00;0.00;0.00;0.00;0.00;;1;1
70133;Ankunft;403.42;268.84;0.00;268.84;;6.54;;;;0;0
70079;Ankunft;192.17;222.26;215.56;6.70;3.11;10.54;10.54;0.00;0.00;1;1
70079;NachRezeption;216.86;230.15;190.87;39.29;20.58;9.94;9.94;0.00;0.00;1;1
70079;VorSchwester;216.86;230.15;190.87;39.29;20.58;9.94;9.94;0.00;0.00;1;1
70079;NachSchwester;221.85;224.81;185.88;38.93;20.94;5.12;5.12;0.00;0.00;1;1
70079;VorArzt;380.67;26.00;27.05;-1.05;-3.90;5.12;5.12;0.00;0.00;1;1
70079;NachArzt;406.95;0.78;0.78;0.00;0.00;0.53;0.53;0.00;0.00;1;1
70129;Ankunft;340.22;94.12;75.54;18.58;24.59;16.35;16.35;0.00;0.00;1;1
70129;NachRezeption;374.39;42.57;41.37;1.20;2.91;14.86;14.86;0.00;0.00;1;1
70129;VorArzt;374.83;42.14;40.94;1.20;2.94;14.86;14.86;0.00;0.00;1;1
70129;NachArzt;415.51;0.25;0.25;0.00;0.00;0.00;0.00;0.00;;1;1
70130;Ankunft;364.72;99.33;52.19;47.15;90.35;14.63;14.63;0.00;0.00;0;1
70130;NachRezeption;396.14;24.94;20.77;4.16;20.04;12.15;12.15;-0.00;-0.00;1;1
70130;VorSchwester;396.14;24.94;20.77;4.16;20.04;12.15;12.15;-0.00;-0.00;1;1
70130;NachSchwester;398.90;19.24;18.01;1.23;6.83;9.55;9.55;0.00;0.00;1;1
70130;VorArzt;399.62;17.79;17.29;0.51;2.94;9.55;9.55;0.00;0.00;1;1
70130;NachArzt;412.75;4.16;4.16;0.00;0.00;3.91;3.91;-0.00;-0.00;1;1
70039;Ankunft;108.88;320.52;316.47;4.05;1.28;22.42;22.42;0.00;0.00;1;1
70039;NachRezeption;126.51;298.43;298.84;-0.41;-0.14;16.26;16.26;-0.00;-0.00;1;1
70039;VorSchwester;126.51;298.43;298.84;-0.41;-0.14;16.26;16.26;-0.00;-0.00;1;1
70039;NachSchwester;130.76;294.18;294.59;-0.41;-0.14;12.18;12.18;-0.00;-0.00;1;1
70039;VorArzt;412.34;13.01;13.01;0.00;0.00;12.18;12.18;-0.00;-0.00;1;1
70039;NachArzt;425.10;0.25;0.25;0.00;0.00;0.00;0.00;0.00;;1;1
70037;Ankunft;103.03;328.95;325.77;3.18;0.98;4.17;4.17;0.00;0.00;1;1
70037;NachRezeption;116.01;323.17;312.79;10.38;3.32;3.28;3.28;0.00;0.00;1;1
70037;VorArzt;416.18;13.26;12.62;0.64;5.09;3.28;3.28;0.00;0.00;1;1
70037;NachArzt;426.53;2.27;2.27;0.00;0.00;2.02;2.02;0.00;0.00;1;1
70132;Ankunft;400.89;46.85;34.88;11.97;34.32;15.49;15.49;0.00;0.00;0;1
70132;NachRezeption;404.44;30.99;31.32;-0.33;-1.06;13.34;13.34;0.00;0.00;1;1
70132;VorSchwester;404.44;30.99;31.32;-0.33;-1.06;13.34;13.34;0.00;0.00;1;1
70132;NachSchwester;409.13;26.30;26.63;-0.33;-1.25;8.81;8.81;0.00;0.00;1;1
70132;VorArzt;424.80;10.80;10.97;-0.17;-1.52;8.81;8.81;0.00;0.00;1;1
70132;NachArzt;435.52;0.25;0.25;0.00;0.00;0.00;0.00;0.00;;1;1
70045;Ankunft;125.83;55.46;318.94;-263.48;-82.61;29.49;29.49;0.00;0.00;0;1
70045;NachRezeption;151.40;30.12;293.36;-263.24;-89.73;28.83;28.83;0.00;0.00;0;1
70045;VorArzt;152.03;35.84;292.73;-256.89;-87.76;28.83;28.83;0.00;0.00;0;1
70045;NachArzt;444.51;0.25;0.25;0.00;0.00;0.00;0.00;0.00;;1;1
70041;Ankunft;115.93;102.97;331.32;-228.35;-68.92;23.98;23.98;0.00;0.00;0;1
70041;NachRezeption;135.31;75.89;311.94;-236.04;-75.67;23.03;23.03;0.00;0.00;0;1
70041;VorSchwester;135.31;75.89;311.94;-236.04;-75.67;23.03;23.03;0.00;0.00;0;1
70041;NachSchwester;147.19;64.01;300.06;-236.04;-78.67;11.32;11.32;-0.00;-0.00;0;1
70041;VorArzt;199.47;57.53;247.78;-190.25;-76.78;11.32;11.32;-0.00;-0.00;0;1
70041;NachArzt;447.00;0.25;0.25;0.00;0.00;0.00;0.00;0.00;;1;1
70027;Ankunft;84.12;182.82;380.53;-197.71;-51.96;26.99;26.99;0.00;0.00;0;1
70027;NachRezeption;93.44;137.98;371.21;-233.23;-62.83;25.36;25.36;0.00;0.00;0;1
70027;VorSchwester;93.44;137.98;371.21;-233.23;-62.83;25.36;25.36;0.00;0.00;0;1
70027;NachSchwester;101.73;129.69;362.92;-233.23;-64.26;17.23;17.23;0.00;0.00;0;1
70027;VorArzt;213.77;52.44;250.87;-198.44;-79.10;17.23;17.23;0.00;0.00;0;1
70027;NachArzt;464.40;0.25;0.25;0.00;0.00;0.00;0.00;0.00;;1;1
70072;Ankunft;182.24;99.96;287.08;-187.11;-65.18;35.59;35.59;0.00;0.00;0;1
70072;NachRezeption;194.08;77.51;275.24;-197.73;-71.84;34.77;34.77;0.00;0.00;0;1
70072;VorSchwester;194.08;77.51;275.24;-197.73;-71.84;34.77;34.77;0.00;0.00;0;1
70072;NachSchwester;204.63;98.46;264.69;-166.23;-62.80;24.39;24.39;0.00;0.00;0;1
70072;VorArzt;204.98;98.11;264.35;-166.23;-62.88;24.39;24.39;0.00;0.00;0;1
70072;NachArzt;469.07;0.25;0.25;0.00;0.00;0.00;0.00;0.00;;1;1
70086;Ankunft;203.14;121.93;275.06;-153.12;-55.67;9.74;9.74;0.00;0.00;0;1
70086;NachRezeption;242.09;88.68;236.10;-147.42;-62.44;8.71;8.71;0.00;0.00;0;1
70086;VorArzt;242.54;88.24;235.65;-147.42;-62.56;8.71;8.71;0.00;0.00;0;1
70086;NachArzt;477.94;0.25;0.25;0.00;0.00;0.00;0.00;0.00;;1;1
70036;Ankunft;99.73;245.85;380.44;-134.58;-35.38;26.30;;;;0;1
70036;NachRezeption;115.13;234.47;365.04;-130.57;-35.77;25.38;;;;0;1
70036;VorSchwester;115.13;234.47;365.04;-130.57;-35.77;25.38;;;;0;1
70036;NachSchwester;124.82;230.33;355.35;-125.01;-35.18;15.86;;;;0;1
70036;VorArzt;314.09;109.56;166.08;-56.52;-34.03;15.86;;;;0;1
70032;Ankunft;95.49;253.53;384.68;-131.15;-34.09;14.85;;;;0;1
70032;NachRezeption;107.82;242.78;372.35;-129.57;-34.80;13.47;;;;0;1
70032;VorArzt;324.17;98.88;156.00;-57.12;-36.61;13.47;;;;0;1
70078;Ankunft;189.42;125.49;291.86;-166.37;-57.00;28.20;;;;0;1
70078;NachRezeption;216.27;155.67;265.01;-109.34;-41.26;27.25;;;;0;1
70078;VorSchwester;216.27;155.67;265.01;-109.34;-41.26;27.25;;;;0;1
70078;NachSchwester;225.67;155.99;255.61;-99.62;-38.97;18.01;;;;0;1
70078;VorArzt;226.40;154.54;254.88;-100.35;-39.37;18.01;;;;0;1
70093;Ankunft;211.20;210.17;281.21;-71.04;-25.26;18.30;;;;1;1
70093;NachRezeption;273.22;160.70;219.19;-58.49;-26.68;17.40;;;;1;1
70093;VorArzt;273.72;159.71;218.70;-58.98;-26.97;17.40;;;;1;1
80001;Ankunft;0.00;14.44;14.44;0.00;0.00;13.37;13.37;0.00;0.00;1;1
80001;NachRezeption;0.60;13.85;13.85;0.00;0.00;12.85;12.85;0.00;0.00;1;1
80001;VorArzt;1.18;13.27;13.27;0.00;0.00;12.85;12.85;0.00;0.00;1;1
80001;NachArzt;13.02;1.43;1.43;0.00;0.00;1.18;1.18;-0.00;-0.00;1;1
80003;Ankunft;4.82;21.16;14.62;6.53;44.68;12.24;12.24;0.00;0.00;0;1
80003;NachRezeption;6.32;13.13;13.13;0.00;0.00;11.08;11.08;0.00;0.00;1;1
80003;VorSchwester;6.32;13.13;13.13;0.00;0.00;11.08;11.08;0.00;0.00;1;1
80003;NachSchwester;9.53;9.91;9.91;0.00;0.00;8.03;8.03;0.00;0.00;1;1
80003;VorArzt;10.99;8.45;8.45;0.00;0.00;8.03;8.03;0.00;0.00;1;1
80003;NachArzt;19.19;0.25;0.25;0.00;0.00;0.00;0.00;0.00;;1;1
80009;Ankunft;31.32;11.16;11.16;0.00;0.00;8.48;8.48;0.00;0.00;1;1
80009;NachRezeption;33.04;9.44;9.44;0.00;0.00;7.22;7.22;-0.00;-0.00;1;1
80009;VorArzt;34.84;7.64;7.64;0.00;0.00;7.22;7.22;-0.00;-0.00;1;1
80009;NachArzt;42.23;0.25;0.25;0.00;0.00;0.00;0.00;0.00;;1;1
80008;Ankunft;29.81;21.41;21.03;0.38;1.83;19.03;19.03;0.00;0.00;1;1
80008;NachRezeption;31.78;20.32;19.06;1.26;6.60;17.15;17.15;0.00;0.00;1;1
80008;VorSchwester;31.78;20.32;19.06;1.26;6.60;17.15;17.15;0.00;0.00;1;1
80008;NachSchwester;36.49;14.35;14.35;0.00;0.00;12.60;12.60;0.00;0.00;1;1
80008;VorArzt;37.82;13.02;13.02;0.00;0.00;12.60;12.60;0.00;0.00;1;1
80008;NachArzt;48.73;2.11;2.11;0.00;0.00;1.86;1.86;-0.00;-0.00;1;1
80004;Ankunft;18.88;30.71;33.20;-2.49;-7.49;10.97;10.97;0.00;0.00;1;1
80004;NachRezeption;20.50;29.09;31.58;-2.49;-7.88;9.44;9.44;0.00;0.00;1;1
80004;VorArzt;39.74;12.34;12.34;0.00;0.00;9.44;9.44;0.00;0.00;1;1
80004;NachArzt;51.83;0.25;0.25;0.00;0.00;0.00;0.00;0.00;;1;1
80012;Ankunft;46.71;8.64;8.64;0.00;0.00;5.91;5.91;0.00;0.00;1;1
80012;NachRezeption;47.88;7.48;7.48;0.00;0.00;4.83;4.83;0.00;0.00;1;1
80012;VorArzt;50.11;5.89;5.24;0.65;12.34;4.83;4.83;0.00;0.00;1;1
80012;NachArzt;51.93;3.43;3.43;0.00;0.00;3.18;3.18;-0.00;-0.00;1;1
80011;Ankunft;43.85;20.32;20.17;0.15;0.72;17.14;17.14;0.00;0.00;1;1
80011;NachRezeption;46.48;16.34;17.54;-1.20;-6.87;14.67;14.67;-0.00;-0.00;1;1
80011;VorSchwester;46.48;16.34;17.54;-1.20;-6.87;14.67;14.67;-0.00;-0.00;1;1
80011;NachSchwester;49.64;15.40;14.38;1.02;7.08;11.68;11.68;-0.00;-0.00;1;1
80011;VorArzt;50.72;13.23;13.30;-0.06;-0.48;11.68;11.68;-0.00;-0.00;1;1
80011;NachArzt;63.10;0.92;0.92;0.00;0.00;0.67;0.67;-0.00;-0.00;1;1
80013;Ankunft;52.68;16.68;14.17;2.51;17.73;4.65;4.65;0.00;0.00;1;1
80013;NachRezeption;56.60;10.25;10.25;0.00;0.00;3.32;3.32;0.00;0.00;1;1
80013;VorArzt;58.11;8.73;8.73;0.00;0.00;3.32;3.32;0.00;0.00;1;1
80013;NachArzt;66.59;0.25;0.25;0.00;0.00;0.00;0.00;0.00;;1;1
80006;Ankunft;21.02;65.00;46.39;18.61;40.13;22.61;22.61;0.00;0.00;0;1
80006;NachRezeption;25.68;41.17;41.73;-0.56;-1.34;19.19;19.19;0.00;0.00;1;1
80006;VorSchwester;25.68;41.17;41.73;-0.56;-1.34;19.19;19.19;0.00;0.00;1;1
80006;NachSchwester;30.33;36.92;37.07;-0.15;-0.41;14.70;14.70;0.00;0.00;1;1
80006;VorArzt;50.69;16.33;16.72;-0.39;-2.31;14.70;14.70;0.00;0.00;1;1
80006;NachArzt;63.32;4.09;4.09;0.00;0.00;3.38;3.38;-0.00;-0.00;1;1
80016;Ankunft;62.56;10.43;13.20;-2.76;-20.94;6.75;6.75;0.00;0.00;1;1
80016;NachRezeption;63.25;9.89;12.51;-2.62;-20.96;6.15;6.15;0.00;0.00;1;1
80016;VorArzt;64.37;11.74;11.38;0.36;3.13;6.15;6.15;0.00;0.00;1;1
80016;NachArzt;71.87;3.88;3.88;0.00;0.00;1.03;1.03;0.00;0.00;1;1
80014;Ankunft;57.65;17.68;21.49;-3.81;-17.71;16.02;16.02;0.00;0.00;1;1
80014;NachRezeption;59.25;16.55;19.89;-3.34;-16.78;14.50;14.50;0.00;0.00;1;1
80014;VorSchwester;59.25;16.55;19.89;-3.34;-16.78;14.50;14.50;0.00;0.00;1;1
80014;NachSchwester;67.07;12.33;12.07;0.26;2.12;6.85;6.85;0.00;0.00;1;1
80014;VorArzt;67.44;11.69;11.69;0.00;0.00;6.85;6.85;0.00;0.00;1;1
80014;NachArzt;77.84;1.30;1.30;0.00;0.00;1.05;1.05;0.00;0.00;1;1
80015;Ankunft;57.74;28.10;27.05;1.05;3.89;20.28;20.28;0.00;0.00;1;1
80015;NachRezeption;60.34;22.59;24.46;-1.87;-7.65;19.19;19.19;0.00;0.00;1;1
80015;VorArzt;61.14;21.79;23.66;-1.87;-7.91;19.19;19.19;0.00;0.00;1;1
80015;NachArzt;81.13;3.67;3.67;0.00;0.00;1.54;1.54;0.00;0.00;1;1
80018;Ankunft;74.17;16.11;14.70;1.41;9.61;11.95;11.95;0.00;0.00;1;1
80018;NachRezeption;77.01;11.86;11.86;0.00;0.00;10.61;10.61;0.00;0.00;1;1
80018;VorArzt;77.84;11.03;11.03;0.00;0.00;10.61;10.61;0.00;0.00;1;1
80018;NachArzt;88.62;0.25;0.25;0.00;0.00;0.00;0.00;0.00;;1;1
80020;Ankunft;81.58;13.69;16.55;-2.86;-17.27;9.38;9.38;0.00;0.00;1;1
80020;NachRezeption;85.01;13.01;13.12;-0.10;-0.79;9.09;9.09;0.00;0.00;1;1
80020;VorArzt;85.76;12.36;12.36;0.00;0.00;9.09;9.09;0.00;0.00;1;1
80020;NachArzt;97.87;0.25;0.25;0.00;0.00;0.00;0.00;0.00;;1;1
80021;Ankunft;83.04;16.34;16.34;0.00;0.00;12.40;12.40;0.00;0.00;1;1
80021;NachRezeption;91.95;7.42;7.42;0.00;0.00;5.46;5.46;0.00;0.00;1;1
80021;VorArzt;93.50;5.88;5.88;0.00;0.00;5.46;5.46;0.00;0.00;1;1
80021;NachArzt;99.12;0.25;0.25;0.00;0.00;0.00;0.00;0.00;;1;1
80022;Ankunft;83.18;18.15;18.15;0.00;0.00;8.30;8.30;0.00;0.00;1;1
80022;NachRezeption;97.52;3.81;3.81;0.00;0.00;2.73;2.73;0.00;0.00;1;1
80022;VorArzt;98.19;3.15;3.15;0.00;0.00;2.73;2.73;0.00;0.00;1;1
80022;NachArzt;101.08;0.25;0.25;0.00;0.00;0.00;0.00;0.00;;1;1
80019;Ankunft;79.09;10.81;25.50;-14.69;-57.59;8.04;8.04;0.00;0.00;0;1
80019;NachRezeption;83.17;15.52;21.42;-5.91;-27.56;4.05;4.05;-0.00;-0.00;1;1
80019;VorArzt;85.44;16.54;19.15;-2.61;-13.63;4.05;4.05;-0.00;-0.00;1;1
80019;NachArzt;88.68;15.91;15.91;0.00;0.00;0.97;0.97;-0.00;-0.00;1;1
80024;Ankunft;87.74;19.87;23.13;-3.26;-14.09;7.22;7.22;0.00;0.00;1;1
80024;NachRezeption;103.53;7.33;7.33;0.00;0.00;3.15;3.15;-0.00;-0.00;1;1
80024;VorArzt;104.04;6.83;6.83;0.00;0.00;3.15;3.15;-0.00;-0.00;1;1
80024;NachArzt;110.62;0.25;0.25;0.00;0.00;0.00;0.00;0.00;;1;1
80025;Ankunft;88.78;23.40;27.45;-4.05;-14.76;6.89;6.89;0.00;0.00;1;1
80025;NachRezeption;105.79;10.69;10.44;0.25;2.36;5.61;5.61;-0.00;-0.00;1;1
80025;VorArzt;106.15;10.33;10.08;0.25;2.45;5.61;5.61;-0.00;-0.00;1;1
80025;NachArzt;115.98;0.25;0.25;0.00;0.00;0.00;0.00;0.00;;1;1
80023;Ankunft;87.01;30.46;39.54;-9.08;-22.96;8.18;8.18;0.00;0.00;1;1
80023;NachRezeption;99.46;32.19;27.09;5.10;18.83;6.24;6.24;-0.00;-0.00;1;1
80023;VorArzt;100.31;30.49;26.24;4.25;16.21;6.24;6.24;-0.00;-0.00;1;1
80023;NachArzt;105.59;20.96;20.96;0.00;0.00;1.89;1.89;0.00;0.00;1;1
80002;Ankunft;2.95;115.42;129.45;-14.02;-10.83;20.51;20.51;0.00;0.00;1;1
80002;NachRezeption;5.16;108.88;127.24;-18.36;-14.43;18.38;18.38;0.00;0.00;1;1
80002;VorSchwester;5.16;108.88;127.24;-18.36;-14.43;18.38;18.38;0.00;0.00;1;1
80002;NachSchwester;10.67;102.21;121.72;-19.51;-16.03;13.04;13.04;0.00;0.00;1;1
80002;VorArzt;99.43;37.40;32.96;4.44;13.46;13.04;13.04;0.00;0.00;1;1
80002;NachArzt;107.30;24.59;25.10;-0.51;-2.03;5.34;5.34;-0.00;-0.00;1;1
80007;Ankunft;23.49;87.16;112.66;-25.50;-22.64;7.57;7.57;0.00;0.00;1;1
80007;NachRezeption;26.72;81.74;109.43;-27.70;-25.31;6.54;6.54;0.00;0.00;1;1
80007;VorArzt;101.50;32.93;34.65;-1.72;-4.96;6.54;6.54;0.00;0.00;1;1
80007;NachArzt;110.20;25.95;25.95;0.00;0.00;2.09;2.09;0.00;0.00;1;1
80017;Ankunft;69.36;43.27;78.20;-34.93;-44.66;11.20;11.20;0.00;0.00;0;1
80017;NachRezeption;74.63;40.37;72.92;-32.55;-44.64;6.01;6.01;0.00;0.00;0;1
80017;VorArzt;106.20;30.69;41.35;-10.66;-25.79;6.01;6.01;0.00;0.00;1;1
80017;NachArzt;115.76;31.79;31.79;0.00;0.00;1.03;1.03;0.00;0.00;1;1
80038;Ankunft;113.31;36.10;36.10;0.00;0.00;5.71;5.71;0.00;0.00;1;1
80038;NachRezeption;146.44;2.97;2.97;0.00;0.00;1.89;1.89;-0.00;-0.00;1;1
80038;VorArzt;147.11;2.30;2.30;0.00;0.00;1.89;1.89;-0.00;-0.00;1;1
80038;NachArzt;149.16;0.25;0.25;0.00;0.00;0.00;0.00;0.00;;1;1
80039;Ankunft;117.60;42.08;35.67;6.41;17.98;5.01;5.01;0.00;0.00;1;1
80039;NachRezeption;151.00;2.27;2.27;0.00;0.00;1.48;1.48;0.00;0.00;1;1
80039;VorArzt;151.37;1.90;1.90;0.00;0.00;1.48;1.48;0.00;0.00;1;1
80039;NachArzt;153.02;0.25;0.25;0.00;0.00;0.00;0.00;0.00;;1;1
80036;Ankunft;111.34;45.80;46.62;-0.82;-1.76;15.26;15.26;0.00;0.00;1;1
80036;NachRezeption;141.75;15.06;16.21;-1.15;-7.12;14.16;14.16;0.00;0.00;1;1
80036;VorSchwester;141.75;15.06;16.21;-1.15;-7.12;14.16;14.16;0.00;0.00;1;1
80036;NachSchwester;147.69;10.27;10.27;0.00;0.00;8.38;8.38;0.00;0.00;1;1
80036;VorArzt;148.01;9.95;9.95;0.00;0.00;8.38;8.38;0.00;0.00;1;1
80036;NachArzt;157.71;0.25;0.25;0.00;0.00;0.00;0.00;0.00;;1;1
80027;Ankunft;92.46;51.05;71.53;-20.49;-28.64;16.80;16.80;0.00;0.00;1;1
80027;NachRezeption;112.01;47.56;51.98;-4.42;-8.50;11.45;11.45;-0.00;-0.00;1;1
80027;VorSchwester;112.01;47.56;51.98;-4.42;-8.50;11.45;11.45;-0.00;-0.00;1;1
80027;NachSchwester;116.14;44.14;47.85;-3.70;-7.74;7.48;7.48;0.00;0.00;1;1
80027;VorArzt;121.06;45.58;42.93;2.65;6.18;7.48;7.48;0.00;0.00;1;1
80027;NachArzt;128.16;35.83;35.83;0.00;0.00;0.55;0.55;0.00;0.00;1;1
80029;Ankunft;96.38;54.44;78.59;-24.15;-30.73;17.33;17.33;0.00;0.00;0;1
80029;NachRezeption;116.01;47.76;58.96;-11.20;-18.99;14.75;14.75;0.00;0.00;1;1
80029;VorSchwester;116.01;47.76;58.96;-11.20;-18.99;14.75;14.75;0.00;0.00;1;1
80029;NachSchwester;120.50;61.82;54.47;7.34;13.48;10.43;10.43;0.00;0.00;1;1
80029;VorArzt;121.47;60.05;53.50;6.54;12.23;10.43;10.43;0.00;0.00;1;1
80029;NachArzt;136.42;38.55;38.55;0.00;0.00;2.34;2.34;0.00;0.00;1;1
80035;Ankunft;110.49;75.75;65.10;10.64;16.35;15.13;15.13;0.00;0.00;1;1
80035;NachRezeption;140.65;26.85;34.94;-8.09;-23.14;10.55;10.55;0.00;0.00;1;1
80035;VorSchwester;140.65;26.85;34.94;-8.09;-23.14;10.55;10.55;0.00;0.00;1;1
80035;NachSchwester;144.84;22.66;30.75;-8.09;-26.30;6.52;6.52;0.00;0.00;1;1
80035;VorArzt;160.57;20.59;15.02;5.57;37.04;6.52;6.52;0.00;0.00;0;1
80035;NachArzt;175.34;0.25;0.25;0.00;0.00;0.00;0.00;0.00;;1;1
80049;Ankunft;135.34;45.03;41.69;3.34;8.02;2.74;2.74;0.00;0.00;1;1
80049;NachRezeption;171.64;5.39;5.39;0.00;0.00;2.40;2.40;0.00;0.00;1;1
80049;VorArzt;173.41;3.62;3.62;0.00;0.00;2.40;2.40;0.00;0.00;1;1
80049;NachArzt;176.78;0.25;0.25;0.00;0.00;0.00;0.00;0.00;;1;1
80047;Ankunft;130.93;47.87;46.82;1.06;2.26;6.31;6.31;0.00;0.00;1;1
80047;NachRezeption;170.05;7.70;7.70;0.00;0.00;1.99;1.99;0.00;0.00;1;1
80047;VorArzt;174.51;3.24;3.24;0.00;0.00;1.99;1.99;0.00;0.00;1;1
80047;NachArzt;177.50;0.25;0.25;0.00;0.00;0.00;0.00;0.00;;1;1
80030;Ankunft;96.88;66.97;85.44;-18.47;-21.62;27.55;27.55;0.00;0.00;1;1
80030;NachRezeption;117.56;57.07;64.76;-7.69;-11.87;26.00;26.00;0.00;0.00;1;1
80030;VorArzt;118.30;59.11;64.02;-4.91;-7.66;26.00;26.00;0.00;0.00;1;1
80030;NachArzt;141.69;40.64;40.64;0.00;0.00;2.78;2.78;0.00;0.00;1;1
80032;Ankunft;102.62;58.10;81.44;-23.34;-28.66;10.04;10.04;0.00;0.00;1;1
80032;NachRezeption;124.57;62.92;59.49;3.42;5.75;8.85;8.85;0.00;0.00;1;1
80032;VorArzt;125.57;62.30;58.50;3.80;6.50;8.85;8.85;0.00;0.00;1;1
80032;NachArzt;143.69;40.38;40.38;0.00;0.00;1.75;1.75;0.00;0.00;1;1
80028;Ankunft;95.35;59.45;91.35;-31.90;-34.92;12.32;12.32;0.00;0.00;0;1
80028;NachRezeption;113.43;52.82;73.27;-20.45;-27.91;10.90;10.90;0.00;0.00;1;1
80028;VorSchwester;113.43;52.82;73.27;-20.45;-27.91;10.90;10.90;0.00;0.00;1;1
80028;NachSchwester;117.60;47.57;69.11;-21.53;-31.16;6.90;6.90;-0.00;-0.00;0;1
80028;VorArzt;125.93;46.30;60.77;-14.47;-23.81;6.90;6.90;-0.00;-0.00;1;1
80028;NachArzt;147.08;39.63;39.63;0.00;0.00;1.67;1.67;-0.00;-0.00;1;1
80037;Ankunft;111.67;71.50;79.21;-7.71;-9.73;7.78;7.78;0.00;0.00;1;1
80037;NachRezeption;142.62;48.50;48.25;0.25;0.51;6.91;6.91;0.00;0.00;1;1
80037;VorArzt;144.18;47.12;46.69;0.43;0.92;6.91;6.91;0.00;0.00;1;1
80037;NachArzt;149.59;41.28;41.28;0.00;0.00;1.66;1.66;-0.00;-0.00;1;1
80086;Ankunft;196.80;419.33;0.00;419.33;;12.34;;;;0;0
80048;Ankunft;134.72;53.41;71.41;-18.00;-25.21;10.19;10.19;0.00;0.00;1;1
80048;NachRezeption;171.29;33.43;34.84;-1.41;-4.05;8.95;8.95;0.00;0.00;1;1
80048;VorArzt;171.94;35.90;34.19;1.70;4.98;8.95;8.95;0.00;0.00;1;1
80048;NachArzt;205.88;0.25;0.25;0.00;0.00;0.00;0.00;0.00;;1;1
80094;Ankunft;212.93;340.93;0.00;340.93;;12.45;;;;0;0
80053;Ankunft;141.43;56.57;76.62;-20.05;-26.17;17.26;17.26;0.00;0.00;1;1
80053;NachRezeption;179.45;35.89;38.60;-2.71;-7.03;16.08;16.08;-0.00;-0.00;1;1
80053;VorSchwester;179.45;35.89;38.60;-2.71;-7.03;16.08;16.08;-0.00;-0.00;1;1
80053;NachSchwester;187.69;33.53;30.36;3.17;10.44;8.00;8.00;-0.00;-0.00;1;1
80053;VorArzt;189.34;26.99;28.71;-1.72;-5.98;8.00;8.00;-0.00;-0.00;1;1
80053;NachArzt;217.80;0.25;0.25;0.00;0.00;0.00;0.00;0.00;;1;1
80040;Ankunft;118.56;89.04;106.96;-17.91;-16.75;16.74;16.74;0.00;0.00;1;1
80040;NachRezeption;158.55;46.92;66.96;-20.04;-29.93;9.18;9.18;-0.00;-0.00;1;1
80040;VorArzt;159.94;50.89;65.57;-14.68;-22.38;9.18;9.18;-0.00;-0.00;1;1
80040;NachArzt;168.65;56.86;56.86;0.00;0.00;0.64;0.64;-0.00;-0.00;1;1
80100;Ankunft;227.85;283.53;0.00;283.53;;19.04;;;;0;0
80041;Ankunft;120.05;94.15;111.53;-17.38;-15.58;16.54;16.54;0.00;0.00;1;1
80041;NachRezeption;158.74;52.69;72.83;-20.14;-27.66;16.35;16.35;0.00;0.00;1;1
80041;VorArzt;158.93;52.31;72.65;-20.33;-27.99;16.35;16.35;0.00;0.00;1;1
80041;NachArzt;174.22;57.36;57.36;0.00;0.00;1.23;1.23;0.00;0.00;1;1
80010;Ankunft;41.13;141.13;193.03;-51.90;-26.89;6.18;6.18;0.00;0.00;1;1
80010;NachRezeption;44.01;137.22;190.15;-52.93;-27.83;3.38;3.38;-0.00;-0.00;1;1
80010;VorSchwester;44.01;137.22;190.15;-52.93;-27.83;3.38;3.38;-0.00;-0.00;1;1
80010;NachSchwester;45.19;134.86;188.97;-54.11;-28.63;2.36;2.36;-0.00;-0.00;1;1
80010;VorArzt;175.98;60.77;58.18;2.60;4.46;2.36;2.36;-0.00;-0.00;1;1
80010;NachArzt;178.41;55.75;55.75;0.00;0.00;0.90;0.90;-0.00;-0.00;1;1
80066;Ankunft;162.79;76.17;73.96;2.21;2.99;14.18;14.18;0.00;0.00;1;1
80066;NachRezeption;214.03;22.52;22.71;-0.20;-0.88;10.76;10.76;0.00;0.00;1;1
80066;VorSchwester;214.03;22.52;22.71;-0.20;-0.88;10.76;10.76;0.00;0.00;1;1
80066;NachSchwester;219.37;17.21;17.38;-0.17;-0.96;5.59;5.59;0.00;0.00;1;1
80066;VorArzt;219.88;16.70;16.87;-0.17;-0.99;5.59;5.59;0.00;0.00;1;1
80066;NachArzt;236.50;0.25;0.25;0.00;0.00;0.00;0.00;0.00;;1;1
80043;Ankunft;124.05;93.86;115.99;-22.13;-19.08;5.29;5.29;0.00;0.00;1;1
80043;NachRezeption;161.32;72.42;78.72;-6.30;-8.00;4.05;4.05;0.00;0.00;1;1
80043;VorArzt;162.18;62.72;77.86;-15.14;-19.45;4.05;4.05;0.00;0.00;1;1
80043;NachArzt;181.79;58.25;58.25;0.00;0.00;0.83;0.83;0.00;0.00;1;1
80070;Ankunft;168.88;72.16;72.16;-0.01;-0.01;7.97;7.97;0.00;0.00;1;1
80070;NachRezeption;229.26;10.41;11.78;-1.38;-11.68;4.13;4.13;0.00;0.00;1;1
80070;VorArzt;232.10;7.57;8.94;-1.38;-15.39;4.13;4.13;0.00;0.00;1;1
80070;NachArzt;240.80;0.25;0.25;0.00;0.00;0.00;0.00;0.00;;1;1
80052;Ankunft;140.94;81.19;105.74;-24.55;-23.22;5.73;5.73;0.00;0.00;1;1
80052;NachRezeption;178.27;69.11;68.41;0.70;1.02;4.16;4.16;0.00;0.00;1;1
80052;VorArzt;181.79;61.92;64.89;-2.97;-4.58;4.16;4.16;0.00;0.00;1;1
80052;NachArzt;183.98;62.70;62.70;0.00;0.00;2.14;2.14;0.00;0.00;1;1
80042;Ankunft;123.47;101.79;125.88;-24.10;-19.14;14.24;14.24;0.00;0.00;1;1
80042;NachRezeption;160.07;75.75;89.28;-13.53;-15.16;12.91;12.91;0.00;0.00;1;1
80042;VorArzt;161.55;72.07;87.81;-15.74;-17.92;12.91;12.91;0.00;0.00;1;1
80042;NachArzt;187.89;61.47;61.47;0.00;0.00;2.68;2.68;0.00;0.00;1;1
80068;Ankunft;163.63;82.06;86.67;-4.61;-5.32;15.45;15.45;0.00;0.00;1;1
80068;NachRezeption;217.90;21.05;32.40;-11.35;-35.04;13.33;13.33;0.00;0.00;0;1
80068;VorSchwester;217.90;21.05;32.40;-11.35;-35.04;13.33;13.33;0.00;0.00;0;1
80068;NachSchwester;223.61;19.39;26.70;-7.31;-27.37;7.80;7.80;0.00;0.00;1;1
80068;VorArzt;224.28;18.72;26.03;-7.31;-28.08;7.80;7.80;0.00;0.00;1;1
80068;NachArzt;250.06;0.25;0.25;0.00;0.00;0.00;0.00;0.00;;1;1
80107;Ankunft;251.16;296.18;0.00;296.18;;11.26;;;;0;0
80072;Ankunft;173.28;88.18;82.96;5.21;6.28;4.37;4.37;0.00;0.00;1;1
80072;NachRezeption;230.27;19.87;25.97;-6.10;-23.48;3.98;3.98;0.00;0.00;1;1
80072;VorArzt;231.12;19.02;25.12;-6.10;-24.28;3.98;3.98;0.00;0.00;1;1
80072;NachArzt;255.99;0.25;0.25;0.00;0.00;0.00;0.00;0.00;;1;1
80109;Ankunft;257.26;322.61;0.00;322.61;;20.90;;;;0;0
80074;Ankunft;175.66;90.03;84.65;5.38;6.35;8.75;8.75;0.00;0.00;1;1
80074;NachRezeption;233.18;22.30;27.14;-4.83;-17.81;7.94;7.94;0.00;0.00;1;1
80074;VorArzt;233.79;21.69;26.52;-4.83;-18.23;7.94;7.94;0.00;0.00;1;1
80074;NachArzt;260.07;0.25;0.25;0.00;0.00;0.00;0.00;0.00;;1;1
80082;Ankunft;191.58;86.52;82.00;4.52;5.51;7.47;7.47;0.00;0.00;1;1
80082;NachRezeption;251.59;21.49;21.99;-0.50;-2.27;6.15;6.15;0.00;0.00;1;1
80082;VorSchwester;251.59;21.49;21.99;-0.50;-2.27;6.15;6.15;0.00;0.00;1;1
80082;NachSchwester;254.78;18.58;18.80;-0.22;-1.15;3.13;3.13;0.00;0.00;1;1
80082;VorArzt;256.75;16.61;16.83;-0.22;-1.29;3.13;3.13;0.00;0.00;1;1
80082;NachArzt;273.33;0.25;0.25;0.00;0.00;0.00;0.00;0.00;;1;1
80115;Ankunft;277.77;280.64;0.00;280.64;;9.85;;;;0;0
80045;Ankunft;126.81;101.66;152.46;-50.80;-33.32;13.67;13.67;0.00;0.00;0;1
80045;NachRezeption;163.35;85.96;115.91;-29.95;-25.84;13.01;13.01;0.00;0.00;1;1
80045;VorArzt;164.26;88.02;115.01;-26.99;-23.47;13.01;13.01;0.00;0.00;1;1
80045;NachArzt;193.96;85.31;85.31;0.00;0.00;3.20;3.20;-0.00;-0.00;1;1
80031;Ankunft;97.33;118.81;183.70;-64.89;-35.32;18.28;18.28;0.00;0.00;0;1
80031;NachRezeption;123.38;88.54;157.65;-69.11;-43.84;12.46;12.46;-0.00;-0.00;0;1
80031;VorSchwester;123.38;88.54;157.65;-69.11;-43.84;12.46;12.46;-0.00;-0.00;0;1
80031;NachSchwester;127.91;84.09;153.12;-69.03;-45.08;8.10;8.10;-0.00;-0.00;0;1
80031;VorArzt;168.04;65.87;112.98;-47.12;-41.70;8.10;8.10;-0.00;-0.00;0;1
80031;NachArzt;194.39;86.64;86.64;0.00;0.00;1.76;1.76;-0.00;-0.00;1;1
80057;Ankunft;150.36;88.57;132.56;-43.99;-33.18;4.23;4.23;0.00;0.00;0;1
80057;NachRezeption;190.92;66.34;92.00;-25.66;-27.89;4.10;4.10;0.00;0.00;1;1
80057;VorArzt;193.98;89.72;88.94;0.78;0.88;4.10;4.10;0.00;0.00;1;1
80057;NachArzt;196.77;86.15;86.15;0.00;0.00;1.89;1.89;0.00;0.00;1;1
80044;Ankunft;125.30;97.03;161.30;-64.27;-39.84;14.52;14.52;0.00;0.00;0;1
80044;NachRezeption;162.69;79.28;123.90;-44.63;-36.02;13.15;13.15;0.00;0.00;0;1
80044;VorSchwester;162.69;79.28;123.90;-44.63;-36.02;13.15;13.15;0.00;0.00;0;1
80044;NachSchwester;167.75;83.38;118.84;-35.46;-29.84;8.26;8.26;-0.00;-0.00;1;1
80044;VorArzt;169.02;84.95;117.57;-32.63;-27.75;8.26;8.26;-0.00;-0.00;1;1
80044;NachArzt;198.71;87.89;87.89;0.00;0.00;3.68;3.68;-0.00;-0.00;1;1
80064;Ankunft;159.96;70.82;129.58;-58.77;-45.35;20.71;20.71;0.00;0.00;0;1
80064;NachRezeption;207.63;39.18;81.91;-42.74;-52.17;14.33;14.33;-0.00;-0.00;0;1
80064;VorArzt;208.05;38.75;81.49;-42.74;-52.44;14.33;14.33;-0.00;-0.00;0;1
80064;NachArzt;289.29;0.25;0.25;0.00;0.00;0.00;0.00;0.00;;1;1
80054;Ankunft;144.23;89.82;149.18;-59.36;-39.79;8.10;8.10;0.00;0.00;0;1
80054;NachRezeption;184.95;91.33;108.45;-17.13;-15.79;7.13;7.13;0.00;0.00;1;1
80054;VorArzt;185.14;90.94;108.26;-17.32;-16.00;7.13;7.13;0.00;0.00;1;1
80054;NachArzt;204.59;88.82;88.82;0.00;0.00;1.41;1.41;0.00;0.00;1;1
80084;Ankunft;192.64;101.25;100.96;0.30;0.29;13.83;13.83;0.00;0.00;1;1
80084;NachRezeption;253.51;36.09;40.08;-3.99;-9.97;12.30;12.30;0.00;0.00;1;1
80084;VorArzt;254.00;35.60;39.59;-3.99;-10.09;12.30;12.30;0.00;0.00;1;1
80084;NachArzt;293.34;0.25;0.25;0.00;0.00;0.00;0.00;0.00;;1;1
80051;Ankunft;140.26;99.26;154.77;-55.51;-35.87;6.80;6.80;0.00;0.00;0;1
80051;NachRezeption;176.70;85.88;118.32;-32.44;-27.42;4.98;4.98;-0.00;-0.00;1;1
80051;VorArzt;199.49;97.53;95.54;1.99;2.08;4.98;4.98;-0.00;-0.00;1;1
80051;NachArzt;208.45;86.58;86.58;0.00;0.00;1.29;1.29;-0.00;-0.00;1;1
80061;Ankunft;159.09;85.27;137.11;-51.84;-37.81;8.57;8.57;0.00;0.00;0;1
80061;NachRezeption;198.29;97.30;97.91;-0.60;-0.62;4.76;4.76;0.00;0.00;1;1
80061;VorArzt;200.46;95.35;95.74;-0.39;-0.41;4.76;4.76;0.00;0.00;1;1
80061;NachArzt;209.63;86.57;86.57;0.00;0.00;1.17;1.17;-0.00;-0.00;1;1
80087;Ankunft;201.92;99.21;95.72;3.49;3.65;8.95;8.95;0.00;0.00;1;1
80087;NachRezeption;287.53;10.11;10.11;0.00;0.00;7.93;7.93;0.00;0.00;1;1
80087;VorArzt;289.18;8.46;8.46;0.00;0.00;7.93;7.93;0.00;0.00;1;1
80087;NachArzt;297.39;0.25;0.25;0.00;0.00;0.00;0.00;0.00;;1;1
80055;Ankunft;148.09;86.59;151.04;-64.45;-42.67;8.76;8.76;0.00;0.00;0;1
80055;NachRezeption;187.69;87.07;111.44;-24.37;-21.87;7.69;7.69;0.00;0.00;1;1
80055;VorArzt;187.93;89.31;111.20;-21.89;-19.68;7.69;7.69;0.00;0.00;1;1
80055;NachArzt;215.53;83.60;83.60;0.00;0.00;0.78;0.78;0.00;0.00;1;1
80121;Ankunft;299.19;182.64;0.00;182.64;;20.88;;;;0;0
80085;Ankunft;193.86;98.04;108.48;-10.43;-9.62;36.90;36.90;0.00;0.00;1;1
80085;NachRezeption;275.99;22.46;26.35;-3.88;-14.74;14.42;14.42;-0.00;-0.00;1;1
80085;VorSchwester;275.99;22.46;26.35;-3.88;-14.74;14.42;14.42;-0.00;-0.00;1;1
80085;NachSchwester;282.01;16.28;20.33;-4.05;-19.93;8.57;8.57;-0.00;-0.00;1;1
80085;VorArzt;282.29;15.99;20.04;-4.05;-20.21;8.57;8.57;-0.00;-0.00;1;1
80085;NachArzt;302.08;0.25;0.25;0.00;0.00;0.00;0.00;0.00;;1;1
80089;Ankunft;204.25;117.49;102.47;15.02;14.66;11.36;11.36;0.00;0.00;1;1
80089;NachRezeption;291.91;14.82;14.82;0.00;0.00;10.85;10.85;0.00;0.00;1;1
80089;VorSchwester;291.91;14.82;14.82;0.00;0.00;10.85;10.85;0.00;0.00;1;1
80089;NachSchwester;298.69;8.03;8.03;0.00;0.00;4.23;4.23;0.00;0.00;1;1
80089;VorArzt;300.05;6.68;6.68;0.00;0.00;4.23;4.23;0.00;0.00;1;1
80089;NachArzt;306.48;0.25;0.25;0.00;0.00;0.00;0.00;0.00;;1;1
80060;Ankunft;153.20;92.16;158.82;-66.65;-41.97;9.87;9.87;0.00;0.00;0;1
80060;NachRezeption;194.49;117.72;117.53;0.19;0.16;9.21;9.21;0.00;0.00;1;1
80060;VorArzt;195.10;116.49;116.92;-0.42;-0.36;9.21;9.21;0.00;0.00;1;1
80060;NachArzt;225.10;86.91;86.91;0.00;0.00;2.08;2.08;0.00;0.00;1;1
80034;Ankunft;109.47;116.57;203.41;-86.84;-42.69;14.70;14.70;0.00;0.00;0;1
80034;NachRezeption;133.97;103.84;178.91;-75.07;-41.96;13.04;13.04;0.00;0.00;0;1
80034;VorSchwester;133.97;103.84;178.91;-75.07;-41.96;13.04;13.04;0.00;0.00;0;1
80034;NachSchwester;136.87;102.87;176.01;-73.13;-41.55;10.31;10.31;-0.00;-0.00;0;1
80034;VorArzt;191.01;72.93;121.87;-48.94;-40.15;10.31;10.31;-0.00;-0.00;0;1
80034;NachArzt;225.13;87.75;87.75;0.00;0.00;0.87;0.87;-0.00;-0.00;1;1
80065;Ankunft;162.39;105.59;151.03;-45.44;-30.09;11.93;11.93;0.00;0.00;0;1
80065;NachRezeption;210.61;103.37;102.81;0.56;0.55;8.94;8.94;0.00;0.00;1;1
80065;VorSchwester;210.61;103.37;102.81;0.56;0.55;8.94;8.94;0.00;0.00;1;1
80065;NachSchwester;216.76;99.10;96.66;2.44;2.53;2.96;2.96;0.00;0.00;1;1
80065;VorArzt;218.53;97.79;94.89;2.90;3.06;2.96;2.96;0.00;0.00;1;1
80065;NachArzt;227.69;85.73;85.73;0.00;0.00;0.54;0.54;0.00;0.00;1;1
80058;Ankunft;151.73;92.96;165.39;-72.42;-43.79;13.02;13.02;0.00;0.00;0;1
80058;NachRezeption;192.60;89.91;124.51;-34.60;-27.79;11.34;11.34;-0.00;-0.00;1;1
80058;VorSchwester;192.60;89.91;124.51;-34.60;-27.79;11.34;11.34;-0.00;-0.00;1;1
80058;NachSchwester;197.11;118.25;120.00;-1.75;-1.46;6.99;6.99;-0.00;-0.00;1;1
80058;VorArzt;197.40;117.67;119.71;-2.04;-1.70;6.99;6.99;-0.00;-0.00;1;1
80058;NachArzt;230.74;86.37;86.37;0.00;0.00;1.55;1.55;0.00;0.00;1;1
80063;Ankunft;159.86;100.57;158.86;-58.29;-36.69;10.69;10.69;0.00;0.00;0;1
80063;NachRezeption;201.24;117.04;117.48;-0.43;-0.37;7.97;7.97;-0.00;-0.00;1;1
80063;VorArzt;201.95;116.65;116.77;-0.12;-0.10;7.97;7.97;-0.00;-0.00;1;1
80063;NachArzt;235.12;83.60;83.60;0.00;0.00;0.71;0.71;-0.00;-0.00;1;1
80071;Ankunft;168.99;129.26;150.88;-21.62;-14.33;3.75;3.75;0.00;0.00;1;1
80071;NachRezeption;229.88;93.47;89.99;3.48;3.86;3.14;3.14;0.00;0.00;1;1
80071;VorArzt;232.00;93.09;87.87;5.22;5.94;3.14;3.14;0.00;0.00;1;1
80071;NachArzt;237.28;82.59;82.59;0.00;0.00;1.15;1.15;0.00;0.00;1;1
80125;Ankunft;321.79;161.79;0.00;161.79;;22.24;;;;0;0
80076;Ankunft;179.68;122.02;145.38;-23.36;-16.07;7.05;7.05;0.00;0.00;1;1
80076;NachRezeption;235.65;91.60;89.41;2.19;2.45;6.57;6.57;0.00;0.00;1;1
80076;VorArzt;237.01;88.88;88.05;0.83;0.95;6.57;6.57;0.00;0.00;1;1
80076;NachArzt;242.10;82.96;82.96;0.00;0.00;1.92;1.92;-0.00;-0.00;1;1
80095;Ankunft;215.67;108.12;110.30;-2.18;-1.98;17.74;17.74;0.00;0.00;1;1
80095;NachRezeption;302.38;29.80;23.59;6.21;26.34;14.40;14.40;-0.00;-0.00;1;1
80095;VorSchwester;302.38;29.80;23.59;6.21;26.34;14.40;14.40;-0.00;-0.00;1;1
80095;NachSchwester;309.25;22.30;16.72;5.59;33.42;7.70;7.70;-0.00;-0.00;0;1
80095;VorArzt;312.75;18.81;13.22;5.59;42.26;7.70;7.70;-0.00;-0.00;0;1
80095;NachArzt;325.72;0.25;0.25;0.00;0.00;0.00;0.00;0.00;;1;1
80101;Ankunft;230.07;94.39;97.47;-3.08;-3.16;4.68;4.68;0.00;0.00;1;1
80101;NachRezeption;315.48;11.89;12.06;-0.17;-1.38;2.53;2.53;0.00;0.00;1;1
80101;VorArzt;318.15;9.39;9.39;0.00;0.00;2.53;2.53;0.00;0.00;1;1
80101;NachArzt;327.29;0.25;0.25;0.00;0.00;0.00;0.00;0.00;;1;1
80078;Ankunft;180.84;125.50;147.79;-22.29;-15.08;10.92;10.92;0.00;0.00;1;1
80078;NachRezeption;239.12;91.54;89.51;2.04;2.27;7.80;7.80;0.00;0.00;1;1
80078;VorArzt;239.58;92.91;89.06;3.86;4.33;7.80;7.80;0.00;0.00;1;1
80078;NachArzt;245.19;83.45;83.45;0.00;0.00;3.57;3.57;-0.00;-0.00;1;1
80104;Ankunft;239.51;92.36;91.87;0.49;0.53;7.52;7.52;0.00;0.00;1;1
80104;NachRezeption;323.06;8.33;8.33;0.00;0.00;5.25;5.25;0.00;0.00;1;1
80104;VorArzt;323.50;7.88;7.88;0.00;0.00;5.25;5.25;0.00;0.00;1;1
80104;NachArzt;331.13;0.25;0.25;0.00;0.00;0.00;0.00;0.00;;1;1
80069;Ankunft;167.60;126.89;165.45;-38.56;-23.31;15.03;15.03;0.00;0.00;1;1
80069;NachRezeption;224.79;104.05;108.26;-4.22;-3.89;8.14;8.14;0.00;0.00;1;1
80069;VorArzt;225.79;106.09;107.26;-1.17;-1.09;8.14;8.14;0.00;0.00;1;1
80069;NachArzt;251.84;81.21;81.21;0.00;0.00;1.65;1.65;0.00;0.00;1;1
80059;Ankunft;153.05;146.54;180.89;-34.36;-18.99;7.45;7.45;0.00;0.00;1;1
80059;NachRezeption;193.83;117.84;140.11;-22.28;-15.90;6.22;6.22;0.00;0.00;1;1
80059;VorSchwester;193.83;117.84;140.11;-22.28;-15.90;6.22;6.22;0.00;0.00;1;1
80059;NachSchwester;197.60;139.63;136.35;3.28;2.41;2.62;2.62;0.00;0.00;1;1
80059;VorArzt;248.95;83.74;84.99;-1.25;-1.48;2.62;2.62;0.00;0.00;1;1
80059;NachArzt;251.96;81.99;81.99;0.00;0.00;0.89;0.89;0.00;0.00;1;1
80099;Ankunft;224.98;106.02;113.25;-7.23;-6.39;13.03;13.03;0.00;0.00;1;1
80099;NachRezeption;309.85;19.93;28.39;-8.45;-29.78;12.10;12.10;0.00;0.00;1;1
80099;VorSchwester;309.85;19.93;28.39;-8.45;-29.78;12.10;12.10;0.00;0.00;1;1
80099;NachSchwester;317.96;26.67;20.28;6.40;31.54;4.15;4.15;0.00;0.00;0;1
80099;VorArzt;318.23;26.46;20.00;6.46;32.28;4.15;4.15;0.00;0.00;0;1
80099;NachArzt;337.98;0.25;0.25;0.00;0.00;0.00;0.00;0.00;;1;1
80088;Ankunft;202.40;135.46;139.04;-3.58;-2.57;6.90;6.90;0.00;0.00;1;1
80088;NachRezeption;291.39;46.47;50.05;-3.58;-7.15;3.04;3.04;0.00;0.00;1;1
80088;VorArzt;334.41;7.03;7.03;0.00;0.00;3.04;3.04;0.00;0.00;1;1
80088;NachArzt;341.19;0.25;0.25;0.00;0.00;0.00;0.00;0.00;;1;1
80075;Ankunft;178.83;144.51;162.87;-18.36;-11.27;6.84;6.84;0.00;0.00;1;1
80075;NachRezeption;235.17;103.41;106.53;-3.12;-2.93;5.75;5.75;0.00;0.00;1;1
80075;VorArzt;236.14;106.65;105.56;1.09;1.04;5.75;5.75;0.00;0.00;1;1
80075;NachArzt;261.46;80.24;80.24;0.00;0.00;0.45;0.45;-0.00;-0.00;1;1
80079;Ankunft;182.53;145.21;160.16;-14.96;-9.34;9.59;9.59;0.00;0.00;1;1
80079;NachRezeption;243.93;104.10;98.76;5.35;5.41;5.62;5.62;0.00;0.00;1;1
80079;VorArzt;244.28;103.40;98.41;4.99;5.08;5.62;5.62;0.00;0.00;1;1
80079;NachArzt;266.25;76.44;76.44;0.00;0.00;0.99;0.99;-0.00;-0.00;1;1
80077;Ankunft;180.25;148.61;172.67;-24.06;-13.93;11.31;11.31;0.00;0.00;1;1
80077;NachRezeption;236.01;114.38;116.91;-2.54;-2.17;10.96;10.96;0.00;0.00;1;1
80077;VorArzt;237.34;110.68;115.58;-4.91;-4.25;10.96;10.96;0.00;0.00;1;1
80077;NachArzt;269.98;82.93;82.93;0.00;0.00;1.21;1.21;-0.00;-0.00;1;1
80128;Ankunft;354.84;214.81;0.00;214.81;;14.01;;;;0;0
80046;Ankunft;130.28;177.05;227.11;-50.05;-22.04;9.91;9.91;0.00;0.00;1;1
80046;NachRezeption;165.73;160.15;191.66;-31.51;-16.44;8.09;8.09;0.00;0.00;1;1
80046;VorArzt;265.20;85.97;92.19;-6.22;-6.75;8.09;8.09;0.00;0.00;1;1
80046;NachArzt;270.03;87.35;87.35;0.00;0.00;4.47;4.47;0.00;0.00;1;1
80083;Ankunft;192.61;145.87;165.99;-20.13;-12.12;4.61;4.61;0.00;0.00;1;1
80083;NachRezeption;251.99;104.03;106.61;-2.58;-2.42;4.22;4.22;0.00;0.00;1;1
80083;VorArzt;252.41;103.21;106.19;-2.98;-2.80;4.22;4.22;0.00;0.00;1;1
80083;NachArzt;273.65;84.95;84.95;0.00;0.00;0.72;0.72;-0.00;-0.00;1;1
80026;Ankunft;91.95;200.91;267.56;-66.64;-24.91;5.22;5.22;0.00;0.00;1;1
80026;NachRezeption;106.66;188.29;252.85;-64.55;-25.53;4.35;4.35;-0.00;-0.00;1;1
80026;VorSchwester;106.66;188.29;252.85;-64.55;-25.53;4.35;4.35;-0.00;-0.00;1;1
80026;NachSchwester;108.96;189.55;250.55;-61.00;-24.35;2.22;2.22;0.00;0.00;1;1
80026;VorArzt;272.52;88.23;86.99;1.24;1.42;2.22;2.22;0.00;0.00;1;1
80026;NachArzt;274.80;84.71;84.71;0.00;0.00;0.91;0.91;0.00;0.00;1;1
80050;Ankunft;135.84;88.99;225.99;-137.00;-60.62;10.28;10.28;0.00;0.00;0;1
80050;NachRezeption;172.55;95.12;189.28;-94.16;-49.75;9.38;9.38;0.00;0.00;0;1
80050;VorArzt;177.17;93.21;184.66;-91.45;-49.52;9.38;9.38;0.00;0.00;0;1
80050;NachArzt;280.87;80.96;80.96;0.00;0.00;2.32;2.32;0.00;0.00;1;1
80111;Ankunft;267.55;90.28;103.65;-13.37;-12.90;10.27;10.27;0.00;0.00;1;1
80111;NachRezeption;343.91;32.04;27.29;4.75;17.40;8.96;8.96;0.00;0.00;1;1
80111;VorArzt;347.17;28.95;24.03;4.92;20.46;8.96;8.96;0.00;0.00;1;1
80111;NachArzt;370.95;0.25;0.25;0.00;0.00;0.00;0.00;0.00;;1;1
80090;Ankunft;208.42;199.26;165.93;33.33;20.09;7.67;7.67;0.00;0.00;1;1
80090;NachRezeption;293.65;83.56;80.70;2.86;3.55;7.34;7.34;0.00;0.00;1;1
80090;VorArzt;294.03;82.80;80.32;2.48;3.09;7.34;7.34;0.00;0.00;1;1
80090;NachArzt;304.09;70.26;70.26;0.00;0.00;0.80;0.80;0.00;0.00;1;1
80093;Ankunft;212.34;199.26;167.20;32.06;19.18;18.01;18.01;0.00;0.00;1;1
80093;NachRezeption;298.27;101.75;81.26;20.48;25.21;16.95;16.95;0.00;0.00;1;1
80093;VorSchwester;298.27;101.75;81.26;20.48;25.21;16.95;16.95;0.00;0.00;1;1
80093;NachSchwester;304.22;83.87;75.31;8.56;11.37;11.16;11.16;-0.00;-0.00;1;1
80093;VorArzt;305.06;82.20;74.47;7.72;10.37;11.16;11.16;-0.00;-0.00;1;1
80093;NachArzt;317.23;62.31;62.31;0.00;0.00;0.58;0.58;0.00;0.00;1;1
80080;Ankunft;183.88;158.28;196.05;-37.77;-19.26;24.35;24.35;0.00;0.00;1;1
80080;NachRezeption;244.45;128.20;135.48;-7.27;-5.37;23.83;23.83;0.00;0.00;1;1
80080;VorSchwester;244.45;128.20;135.48;-7.27;-5.37;23.83;23.83;0.00;0.00;1;1
80080;NachSchwester;254.46;149.83;125.47;24.37;19.42;13.99;13.99;0.00;0.00;1;1
80080;VorArzt;255.11;148.45;124.82;23.63;18.93;13.99;13.99;0.00;0.00;1;1
80080;NachArzt;317.85;62.08;62.08;0.00;0.00;0.39;0.39;0.00;0.00;1;1
80081;Ankunft;190.92;177.25;193.76;-16.50;-8.52;17.72;17.72;0.00;0.00;1;1
80081;NachRezeption;250.27;114.89;134.40;-19.51;-14.52;16.72;16.72;0.00;0.00;1;1
80081;VorSchwester;250.27;114.89;134.40;-19.51;-14.52;16.72;16.72;0.00;0.00;1;1
80081;NachSchwester;253.85;111.31;130.82;-19.51;-14.91;13.31;13.31;0.00;0.00;1;1
80081;VorArzt;351.44;15.71;33.23;-17.52;-52.72;13.31;13.31;0.00;0.00;0;1
80081;NachArzt;384.43;0.25;0.25;0.00;0.00;0.00;0.00;0.00;;1;1
80097;Ankunft;217.05;200.57;167.88;32.69;19.47;14.26;14.26;0.00;0.00;1;1
80097;NachRezeption;306.37;92.00;78.57;13.43;17.09;12.20;12.20;-0.00;-0.00;1;1
80097;VorArzt;307.22;90.29;77.72;12.58;16.18;12.20;12.20;-0.00;-0.00;1;1
80097;NachArzt;324.59;60.35;60.35;0.00;0.00;5.01;5.01;-0.00;-0.00;1;1
80091;Ankunft;211.35;209.31;173.86;35.44;20.39;12.43;12.43;0.00;0.00;1;1
80091;NachRezeption;296.88;99.86;88.34;11.52;13.04;11.66;11.66;0.00;0.00;1;1
80091;VorSchwester;296.88;99.86;88.34;11.52;13.04;11.66;11.66;0.00;0.00;1;1
80091;NachSchwester;302.22;93.62;83.00;10.62;12.80;6.49;6.49;0.00;0.00;1;1
80091;VorArzt;313.61;72.56;71.60;0.96;1.34;6.49;6.49;0.00;0.00;1;1
80091;NachArzt;333.66;51.55;51.55;0.00;0.00;0.28;0.28;0.00;0.00;1;1
80119;Ankunft;295.95;85.69;91.63;-5.94;-6.48;7.69;7.69;0.00;0.00;1;1
80119;NachRezeption;370.87;17.68;16.71;0.97;5.80;6.00;6.00;0.00;0.00;1;1
80119;VorArzt;371.50;17.22;16.09;1.14;7.06;6.00;6.00;0.00;0.00;1;1
80119;NachArzt;387.33;0.25;0.25;0.00;0.00;0.00;0.00;0.00;;1;1
80132;Ankunft;388.25;289.70;0.00;289.70;;12.15;;;;0;0
80117;Ankunft;294.50;97.63;98.15;-0.52;-0.53;7.20;7.20;0.00;0.00;1;1
80117;NachRezeption;368.03;14.53;24.62;-10.10;-41.00;4.90;4.90;0.00;0.00;0;1
80117;VorArzt;375.45;10.87;17.20;-6.33;-36.81;4.90;4.90;0.00;0.00;0;1
80117;NachArzt;392.40;0.25;0.25;0.00;0.00;0.00;0.00;0.00;;1;1
80102;Ankunft;234.15;188.26;161.87;26.39;16.30;8.32;8.32;0.00;0.00;1;1
80102;NachRezeption;317.93;83.67;78.09;5.58;7.15;7.42;7.42;0.00;0.00;1;1
80102;VorArzt;319.07;81.48;76.95;4.53;5.89;7.42;7.42;0.00;0.00;1;1
80102;NachArzt;346.51;49.51;49.51;0.00;0.00;2.27;2.27;0.00;0.00;1;1
80105;Ankunft;250.09;183.66;146.33;37.34;25.52;13.77;13.77;0.00;0.00;1;1
80105;NachRezeption;329.65;87.57;66.77;20.80;31.15;12.67;12.67;-0.00;-0.00;0;1
80105;VorSchwester;329.65;87.57;66.77;20.80;31.15;12.67;12.67;-0.00;-0.00;0;1
80105;NachSchwester;335.33;76.48;61.09;15.40;25.20;7.16;7.16;0.00;0.00;1;1
80105;VorArzt;336.05;75.04;60.37;14.68;24.31;7.16;7.16;0.00;0.00;1;1
80105;NachArzt;353.43;42.99;42.99;0.00;0.00;0.40;0.40;0.00;0.00;1;1
80005;Ankunft;19.09;383.80;377.35;6.45;1.71;6.51;6.51;0.00;0.00;1;1
80005;NachRezeption;22.27;369.38;374.17;-4.79;-1.28;4.75;4.75;0.00;0.00;1;1
80005;VorSchwester;22.27;369.38;374.17;-4.79;-1.28;4.75;4.75;0.00;0.00;1;1
80005;NachSchwester;23.56;368.08;372.87;-4.79;-1.29;3.62;3.62;0.00;0.00;1;1
80005;VorArzt;387.61;8.83;8.83;0.00;0.00;3.62;3.62;0.00;0.00;1;1
80005;NachArzt;396.19;0.25;0.25;0.00;0.00;0.00;0.00;0.00;;1;1
80098;Ankunft;221.93;207.46;176.74;30.72;17.38;33.87;33.87;0.00;0.00;1;1
80098;NachRezeption;308.91;106.35;89.76;16.59;18.49;31.32;31.32;0.00;0.00;1;1
80098;VorSchwester;308.91;106.35;89.76;16.59;18.49;31.32;31.32;0.00;0.00;1;1
80098;NachSchwester;315.01;96.99;83.66;13.33;15.93;25.39;25.39;0.00;0.00;1;1
80098;VorArzt;315.75;96.91;82.92;13.99;16.87;25.39;25.39;0.00;0.00;1;1
80098;NachArzt;354.43;44.24;44.24;0.00;0.00;2.25;2.25;0.00;0.00;1;1
80108;Ankunft;254.01;183.11;145.57;37.54;25.79;12.89;12.89;0.00;0.00;1;1
80108;NachRezeption;339.48;75.05;60.09;14.95;24.88;7.27;7.27;-0.00;-0.00;1;1
80108;VorArzt;341.18;71.65;58.39;13.25;22.70;7.27;7.27;-0.00;-0.00;1;1
80108;NachArzt;359.96;39.61;39.61;0.00;0.00;0.91;0.91;-0.00;-0.00;1;1
80114;Ankunft;273.41;172.24;127.29;44.95;35.31;3.30;3.30;0.00;0.00;0;1
80114;NachRezeption;357.79;46.20;42.91;3.29;7.67;2.81;2.81;0.00;0.00;1;1
80114;VorArzt;358.45;44.89;42.25;2.63;6.23;2.81;2.81;0.00;0.00;1;1
80114;NachArzt;361.82;38.88;38.88;0.00;0.00;1.12;1.12;0.00;0.00;1;1
80133;Ankunft;401.74;96.29;0.00;96.29;;18.72;;;;0;0
80118;Ankunft;294.53;90.51;108.19;-17.68;-16.34;13.99;13.99;0.00;0.00;1;1
80118;NachRezeption;369.18;20.82;33.54;-12.72;-37.92;12.84;12.84;0.00;0.00;0;1
80118;VorSchwester;369.18;20.82;33.54;-12.72;-37.92;12.84;12.84;0.00;0.00;0;1
80118;NachSchwester;374.90;29.12;27.81;1.31;4.70;7.28;7.28;0.00;0.00;1;1
80118;VorArzt;375.53;16.59;27.18;-10.59;-38.97;7.28;7.28;0.00;0.00;0;1
80118;NachArzt;402.47;0.25;0.25;0.00;0.00;0.00;0.00;0.00;;1;1
80062;Ankunft;159.30;232.21;243.44;-11.23;-4.61;16.12;16.12;0.00;0.00;1;1
80062;NachRezeption;198.52;237.58;204.22;33.36;16.34;15.89;15.89;0.00;0.00;1;1
80062;VorSchwester;198.52;237.58;204.22;33.36;16.34;15.89;15.89;0.00;0.00;1;1
80062;NachSchwester;204.56;234.58;198.19;36.40;18.36;10.02;10.02;0.00;0.00;1;1
80062;VorArzt;341.36;54.21;61.39;-7.18;-11.69;10.02;10.02;0.00;0.00;1;1
80062;NachArzt;362.57;40.17;40.17;0.00;0.00;2.04;2.04;0.00;0.00;1;1
80123;Ankunft;310.28;87.63;94.36;-6.73;-7.14;8.93;8.93;0.00;0.00;1;1
80123;NachRezeption;375.66;30.76;28.98;1.78;6.14;8.04;8.04;0.00;0.00;1;1
80123;VorArzt;378.02;28.40;26.62;1.78;6.69;8.04;8.04;0.00;0.00;1;1
80123;NachArzt;404.39;0.25;0.25;0.00;0.00;0.00;0.00;0.00;;1;1
80112;Ankunft;268.26;172.77;138.15;34.62;25.06;15.12;15.12;0.00;0.00;1;1
80112;NachRezeption;350.18;73.62;56.23;17.38;30.92;8.85;8.85;-0.00;-0.00;0;1
80112;VorArzt;350.43;73.12;55.98;17.13;30.61;8.85;8.85;-0.00;-0.00;0;1
80112;NachArzt;370.97;35.44;35.44;0.00;0.00;0.62;0.62;-0.00;-0.00;1;1
80124;Ankunft;315.89;108.56;92.74;15.82;17.05;14.35;14.35;0.00;0.00;1;1
80124;NachRezeption;378.88;30.42;29.76;0.67;2.24;11.13;11.13;0.00;0.00;1;1
80124;VorSchwester;378.88;30.42;29.76;0.67;2.24;11.13;11.13;0.00;0.00;1;1
80124;NachSchwester;384.42;24.88;24.21;0.67;2.75;5.75;5.75;0.00;0.00;1;1
80124;VorArzt;385.29;24.00;23.34;0.67;2.85;5.75;5.75;0.00;0.00;1;1
80124;NachArzt;408.38;0.25;0.25;0.00;0.00;0.00;0.00;0.00;;1;1
80113;Ankunft;268.73;176.45;140.95;35.50;25.18;9.90;9.90;0.00;0.00;1;1
80113;NachRezeption;351.62;72.20;58.05;14.14;24.36;8.46;8.46;0.00;0.00;1;1
80113;VorArzt;351.91;71.64;57.77;13.86;24.00;8.46;8.46;0.00;0.00;1;1
80113;NachArzt;377.40;32.28;32.28;0.00;0.00;2.19;2.19;0.00;0.00;1;1
80135;Ankunft;409.79;191.07;0.00;191.07;;16.09;;;;0;0
80129;Ankunft;368.02;46.93;42.81;4.12;9.63;6.61;6.61;0.00;0.00;1;1
80129;NachRezeption;404.78;6.21;6.05;0.17;2.76;4.48;4.48;0.00;0.00;1;1
80129;VorSchwester;404.78;6.21;6.05;0.17;2.76;4.48;4.48;0.00;0.00;1;1
80129;NachSchwester;406.69;4.14;4.14;0.00;0.00;2.74;2.74;0.00;0.00;1;1
80129;VorArzt;406.88;3.95;3.95;0.00;0.00;2.74;2.74;0.00;0.00;1;1
80129;NachArzt;410.58;0.25;0.25;0.00;0.00;0.00;0.00;0.00;;1;1
80122;Ankunft;308.68;144.82;102.17;42.66;41.75;5.27;5.27;0.00;0.00;0;1
80122;NachRezeption;374.77;40.45;36.08;4.37;12.12;4.77;4.77;0.00;0.00;1;1
80122;VorArzt;376.49;37.00;34.35;2.65;7.70;4.77;4.77;0.00;0.00;1;1
80122;NachArzt;381.17;29.68;29.68;0.00;0.00;1.17;1.17;-0.00;-0.00;1;1
80120;Ankunft;299.16;161.61;114.17;47.43;41.55;15.50;15.50;0.00;0.00;0;1
80120;NachRezeption;373.47;57.15;39.87;17.28;43.35;12.91;12.91;0.00;0.00;0;1
80120;VorArzt;374.93;56.77;38.40;18.37;47.83;12.91;12.91;0.00;0.00;0;1
80120;NachArzt;395.02;18.31;18.31;0.00;0.00;2.48;2.48;0.00;0.00;1;1
80126;Ankunft;342.07;70.58;71.61;-1.02;-1.43;13.83;13.83;0.00;0.00;1;1
80126;NachRezeption;391.17;19.26;22.50;-3.24;-14.41;7.80;7.80;0.00;0.00;1;1
80126;VorSchwester;391.17;19.26;22.50;-3.24;-14.41;7.80;7.80;0.00;0.00;1;1
80126;NachSchwester;396.46;14.14;17.21;-3.08;-17.86;2.68;2.68;0.00;0.00;1;1
80126;VorArzt;405.18;5.59;8.49;-2.91;-34.24;2.68;2.68;0.00;0.00;1;1
80126;NachArzt;413.42;0.25;0.25;0.00;0.00;0.00;0.00;0.00;;1;1
80136;Ankunft;414.42;87.57;0.00;87.57;;8.05;;;;0;0
80137;Ankunft;415.33;93.66;0.00;93.66;;6.55;;;;0;0
80103;Ankunft;239.07;239.72;178.93;60.79;33.97;12.42;12.42;0.00;0.00;0;1
80103;NachRezeption;320.78;131.99;97.22;34.77;35.77;11.42;11.42;0.00;0.00;0;1
80103;VorSchwester;320.78;131.99;97.22;34.77;35.77;11.42;11.42;0.00;0.00;0;1
80103;NachSchwester;326.76;128.59;91.24;37.35;40.93;5.61;5.61;0.00;0.00;0;1
80103;VorArzt;387.68;36.45;30.32;6.13;20.21;5.61;5.61;0.00;0.00;1;1
80103;NachArzt;407.67;10.33;10.33;0.00;0.00;2.50;2.50;-0.00;-0.00;1;1
80127;Ankunft;344.94;127.14;76.14;51.00;66.98;16.38;16.38;0.00;0.00;0;1
80127;NachRezeption;393.66;41.87;27.42;14.45;52.71;13.89;13.89;0.00;0.00;0;1
80127;VorSchwester;393.66;41.87;27.42;14.45;52.71;13.89;13.89;0.00;0.00;0;1
80127;NachSchwester;397.21;37.95;23.86;14.09;59.05;10.50;10.50;-0.00;-0.00;0;1
80127;VorArzt;398.16;36.06;22.91;13.14;57.36;10.50;10.50;-0.00;-0.00;0;1
80127;NachArzt;415.98;5.10;5.10;0.00;0.00;3.08;3.08;-0.00;-0.00;1;1
80130;Ankunft;368.83;98.01;57.48;40.53;70.52;13.40;13.40;0.00;0.00;0;1
80130;NachRezeption;405.71;27.95;20.60;7.34;35.65;12.47;12.47;0.00;0.00;0;1
80130;VorArzt;406.56;26.25;19.75;6.49;32.88;12.47;12.47;0.00;0.00;0;1
80130;NachArzt;424.05;2.26;2.26;0.00;0.00;2.01;2.01;-0.00;-0.00;1;1
80131;Ankunft;373.81;64.30;52.99;11.31;21.35;11.48;11.48;0.00;0.00;1;1
80131;NachRezeption;407.40;19.23;19.40;-0.17;-0.86;10.41;10.41;0.00;0.00;1;1
80131;VorArzt;408.36;18.27;18.44;-0.17;-0.90;10.41;10.41;0.00;0.00;1;1
80131;NachArzt;426.55;0.25;0.25;0.00;0.00;0.00;0.00;0.00;;1;1
80134;Ankunft;402.21;27.90;25.35;2.54;10.03;5.27;5.27;0.00;0.00;1;1
80134;NachRezeption;415.42;12.15;12.15;0.00;0.00;3.10;3.10;0.00;0.00;1;1
80134;VorArzt;421.58;5.99;5.99;0.00;0.00;3.10;3.10;0.00;0.00;1;1
80134;NachArzt;427.32;0.25;0.25;0.00;0.00;0.00;0.00;0.00;;1;1
80033;Ankunft;107.30;368.11;322.07;46.04;14.30;6.61;;;;1;1
80033;NachRezeption;126.98;343.65;302.39;41.25;13.64;6.10;;;;1;1
80033;VorSchwester;126.98;343.65;302.39;41.25;13.64;6.10;;;;1;1
80033;NachSchwester;128.62;340.92;300.75;40.16;13.35;4.63;;;;1;1
80056;Ankunft;149.20;220.26;303.66;-83.40;-27.46;36.75;36.75;0.00;0.00;1;1
80056;NachRezeption;189.13;183.02;263.72;-80.70;-30.60;35.32;35.32;0.00;0.00;0;1
80056;VorSchwester;189.13;183.02;263.72;-80.70;-30.60;35.32;35.32;0.00;0.00;0;1
80056;NachSchwester;199.50;199.52;253.35;-53.83;-21.25;25.12;25.12;0.00;0.00;1;1
80056;VorArzt;286.47;111.66;166.38;-54.72;-32.89;25.12;25.12;0.00;0.00;0;1
80056;NachArzt;443.70;9.15;9.15;0.00;0.00;8.90;8.90;0.00;0.00;1;1
80067;Ankunft;163.57;202.39;290.32;-87.94;-30.29;31.25;31.25;0.00;0.00;0;1
80067;NachRezeption;215.78;175.75;238.11;-62.36;-26.19;29.50;29.50;0.00;0.00;1;1
80067;VorSchwester;215.78;175.75;238.11;-62.36;-26.19;29.50;29.50;0.00;0.00;1;1
80067;NachSchwester;225.55;166.63;228.34;-61.71;-27.03;19.90;19.90;0.00;0.00;1;1
80067;VorArzt;284.62;110.69;169.27;-58.59;-34.61;19.90;19.90;0.00;0.00;0;1
80067;NachArzt;445.58;8.32;8.32;0.00;0.00;1.04;1.04;0.00;0.00;1;1
80092;Ankunft;211.67;209.72;245.64;-35.92;-14.62;13.51;13.51;0.00;0.00;1;1
80092;NachRezeption;297.20;112.86;160.10;-47.24;-29.51;13.19;13.19;0.00;0.00;1;1
80092;VorArzt;298.21;111.00;159.09;-48.09;-30.23;13.19;13.19;0.00;0.00;0;1
80092;NachArzt;454.92;2.38;2.38;0.00;0.00;2.13;2.13;0.00;0.00;1;1
80073;Ankunft;174.43;279.24;285.47;-6.23;-2.18;5.44;5.44;0.00;0.00;1;1
80073;NachRezeption;232.37;221.30;227.52;-6.23;-2.74;4.56;4.56;0.00;0.00;1;1
80073;VorArzt;448.69;11.20;11.20;0.00;0.00;4.56;4.56;0.00;0.00;1;1
80073;NachArzt;459.64;0.25;0.25;0.00;0.00;0.00;0.00;0.00;;1;1
80096;Ankunft;216.23;211.82;246.16;-34.33;-13.95;27.89;;;;1;1
80096;NachRezeption;304.31;123.97;158.08;-34.11;-21.58;25.97;;;;1;1
80096;VorSchwester;304.31;123.97;158.08;-34.11;-21.58;25.97;;;;1;1
80096;NachSchwester;312.46;127.56;149.94;-22.38;-14.92;17.99;;;;1;1
80096;VorArzt;312.99;126.48;149.40;-22.91;-15.34;17.99;;;;1;1
80110;Ankunft;257.38;150.96;219.66;-68.70;-31.28;16.16;16.16;0.00;0.00;0;1
80110;NachRezeption;341.17;76.54;135.87;-59.33;-43.66;14.48;14.48;0.00;0.00;0;1
80110;VorArzt;344.52;81.14;132.52;-51.38;-38.77;14.48;14.48;0.00;0.00;0;1
80110;NachArzt;476.78;0.25;0.25;0.00;0.00;0.00;0.00;0.00;;1;1
80106;Ankunft;250.91;202.65;227.17;-24.51;-10.79;28.55;28.55;0.00;0.00;1;1
80106;NachRezeption;331.33;125.15;146.75;-21.60;-14.72;26.87;26.87;0.00;0.00;1;1
80106;VorSchwester;331.33;125.15;146.75;-21.60;-14.72;26.87;26.87;0.00;0.00;1;1
80106;NachSchwester;340.35;124.49;137.73;-13.24;-9.61;18.02;18.02;0.00;0.00;1;1
80106;VorArzt;341.05;123.08;137.03;-13.94;-10.17;18.02;18.02;0.00;0.00;1;1
80106;NachArzt;472.69;5.38;5.38;0.00;0.00;5.13;5.13;0.00;0.00;1;1
80116;Ankunft;285.72;117.29;202.58;-85.29;-42.10;19.17;;;;0;1
80116;NachRezeption;365.72;74.30;122.58;-48.28;-39.39;15.19;;;;0;1
80116;VorArzt;366.19;73.83;122.11;-48.28;-39.54;15.19;;;;0;1
80116;NachArzt;488.05;0.25;0.25;0.00;0.00;0.00;;;;1;0
90002;Ankunft;0.00;9.52;9.52;0.00;0.00;4.54;4.54;0.00;0.00;1;1
90002;NachRezeption;4.01;5.50;5.50;0.00;0.00;2.86;2.86;-0.00;-0.00;1;1
90002;VorArzt;6.24;3.27;3.27;0.00;0.00;2.86;2.86;-0.00;-0.00;1;1
90002;NachArzt;9.27;0.25;0.25;0.00;0.00;0.00;0.00;0.00;;1;1
90001;Ankunft;0.00;11.28;10.83;0.44;4.10;9.70;9.70;0.00;0.00;1;1
90001;NachRezeption;2.33;8.50;8.50;0.00;0.00;7.45;7.45;0.00;0.00;1;1
90001;VorSchwester;2.33;8.50;8.50;0.00;0.00;7.45;7.45;0.00;0.00;1;1
90001;NachSchwester;5.47;5.36;5.36;0.00;0.00;4.48;4.48;0.00;0.00;1;1
90001;VorArzt;5.94;4.89;4.89;0.00;0.00;4.48;4.48;0.00;0.00;1;1
90001;NachArzt;10.58;0.25;0.25;0.00;0.00;0.00;0.00;0.00;;1;1
90010;Ankunft;14.25;16.50;16.50;0.00;0.00;6.76;6.76;0.00;0.00;1;1
90010;NachRezeption;22.18;8.57;8.57;0.00;0.00;6.23;6.23;0.00;0.00;1;1
90010;VorSchwester;23.09;7.66;7.66;0.00;0.00;6.23;6.23;0.00;0.00;1;1
90010;NachSchwester;26.15;4.60;4.60;0.00;0.00;3.34;3.34;-0.00;-0.00;1;1
90010;VorArzt;26.99;3.76;3.76;0.00;0.00;3.34;3.34;-0.00;-0.00;1;1
90010;NachArzt;30.50;0.25;0.25;0.00;0.00;0.00;0.00;0.00;;1;1
90008;Ankunft;10.84;37.00;31.94;5.06;15.84;23.14;23.14;0.00;0.00;1;1
90008;NachRezeption;17.86;28.71;24.92;3.79;15.19;21.50;21.50;0.00;0.00;1;1
90008;VorSchwester;17.86;28.71;24.92;3.79;15.19;21.50;21.50;0.00;0.00;1;1
90008;NachSchwester;23.80;18.45;18.98;-0.53;-2.80;15.73;15.73;-0.00;-0.00;1;1
90008;VorArzt;26.11;16.15;16.68;-0.53;-3.19;15.73;15.73;-0.00;-0.00;1;1
90008;NachArzt;38.09;4.70;4.70;0.00;0.00;3.92;3.92;-0.00;-0.00;1;1
90012;Ankunft;29.62;18.69;16.96;1.72;10.17;10.84;10.84;0.00;0.00;1;1
90012;NachRezeption;34.49;11.32;12.09;-0.77;-6.37;8.97;8.97;0.00;0.00;1;1
90012;VorArzt;35.92;9.39;10.66;-1.27;-11.96;8.97;8.97;0.00;0.00;1;1
90012;NachArzt;41.26;5.32;5.32;0.00;0.00;3.79;3.79;0.00;0.00;1;1
90007;Ankunft;10.31;40.91;41.02;-0.11;-0.27;19.86;19.86;0.00;0.00;1;1
90007;NachRezeption;16.23;35.60;35.10;0.49;1.41;15.38;15.38;0.00;0.00;1;1
90007;VorSchwester;16.23;35.60;35.10;0.49;1.41;15.38;15.38;0.00;0.00;1;1
90007;NachSchwester;22.53;23.34;28.80;-5.46;-18.96;9.25;9.25;0.00;0.00;1;1
90007;VorArzt;36.20;11.55;15.13;-3.58;-23.66;9.25;9.25;0.00;0.00;1;1
90007;NachArzt;44.05;7.28;7.28;0.00;0.00;3.45;3.45;0.00;0.00;1;1
90016;Ankunft;41.60;28.17;23.10;5.07;21.93;14.77;14.77;0.00;0.00;1;1
90016;NachRezeption;47.80;19.20;16.90;2.30;13.61;13.47;13.47;0.00;0.00;1;1
90016;VorSchwester;47.80;19.20;16.90;2.30;13.61;13.47;13.47;0.00;0.00;1;1
90016;NachSchwester;53.17;10.38;11.53;-1.15;-9.97;8.26;8.26;0.00;0.00;1;1
90016;VorArzt;54.87;8.68;9.83;-1.15;-11.69;8.26;8.26;0.00;0.00;1;1
90016;NachArzt;60.17;4.53;4.53;0.00;0.00;3.13;3.13;0.00;0.00;1;1
90017;Ankunft;58.75;8.47;8.47;0.00;0.00;7.72;7.72;0.00;0.00;1;1
90017;NachRezeption;61.49;5.73;5.73;0.00;0.00;5.07;5.07;0.00;0.00;1;1
90017;VorArzt;61.73;5.48;5.48;0.00;0.00;5.07;5.07;0.00;0.00;1;1
90017;NachArzt;66.97;0.25;0.25;0.00;0.00;0.00;0.00;0.00;;1;1
90013;Ankunft;31.77;56.52;47.90;8.61;17.97;9.46;9.46;0.00;0.00;1;1
90013;NachRezeption;35.00;38.22;44.68;-6.46;-14.46;8.96;8.96;0.00;0.00;1;1
90013;VorSchwester;35.00;38.22;44.68;-6.46;-14.46;8.96;8.96;0.00;0.00;1;1
90013;NachSchwester;36.62;36.59;43.06;-6.46;-15.01;7.50;7.50;0.00;0.00;1;1
90013;VorArzt;65.30;9.48;14.38;-4.90;-34.09;7.50;7.50;0.00;0.00;1;1
90013;NachArzt;68.67;11.00;11.00;0.00;0.00;4.29;4.29;0.00;0.00;1;1
90020;Ankunft;68.11;17.26;17.26;0.00;0.00;15.32;15.32;0.00;0.00;1;1
90020;NachRezeption;74.25;11.12;11.12;0.00;0.00;9.26;9.26;-0.00;-0.00;1;1
90020;VorArzt;75.69;9.68;9.68;0.00;0.00;9.26;9.26;-0.00;-0.00;1;1
90020;NachArzt;85.12;0.25;0.25;0.00;0.00;0.00;0.00;0.00;;1;1
90004;Ankunft;3.29;79.44;85.23;-5.80;-6.80;5.93;5.93;0.00;0.00;1;1
90004;NachRezeption;6.48;73.57;82.04;-8.48;-10.33;4.38;4.38;0.00;0.00;1;1
90004;VorSchwester;6.48;73.57;82.04;-8.48;-10.33;4.38;4.38;0.00;0.00;1;1
90004;NachSchwester;8.04;72.01;80.49;-8.48;-10.53;2.99;2.99;0.00;0.00;1;1
90004;VorArzt;76.64;11.88;11.88;0.00;0.00;2.99;2.99;0.00;0.00;1;1
90004;NachArzt;88.27;0.25;0.25;0.00;0.00;0.00;0.00;0.00;;1;1
90024;Ankunft;75.80;19.80;14.02;5.78;41.21;5.19;5.19;0.00;0.00;0;1
90024;NachRezeption;83.97;5.85;5.85;0.00;0.00;2.88;2.88;0.00;0.00;1;1
90024;VorArzt;84.53;5.29;5.29;0.00;0.00;2.88;2.88;0.00;0.00;1;1
90024;NachArzt;89.57;0.25;0.25;0.00;0.00;0.00;0.00;0.00;;1;1
90015;Ankunft;37.02;69.59;54.67;14.92;27.29;4.57;4.57;0.00;0.00;1;1
90015;NachRezeption;38.78;52.24;52.91;-0.66;-1.26;4.41;4.41;0.00;0.00;1;1
90015;VorSchwester;38.78;52.24;52.91;-0.66;-1.26;4.41;4.41;0.00;0.00;1;1
90015;NachSchwester;41.65;49.37;50.04;-0.66;-1.33;1.71;1.71;0.00;0.00;1;1
90015;VorArzt;88.90;2.79;2.79;0.00;0.00;1.71;1.71;0.00;0.00;1;1
90015;NachArzt;91.44;0.25;0.25;0.00;0.00;0.00;0.00;0.00;;1;1
90003;Ankunft;0.49;96.88;93.07;3.81;4.09;23.81;23.81;0.00;0.00;1;1
90003;NachRezeption;4.93;84.08;88.64;-4.56;-5.15;22.89;22.89;0.00;0.00;1;1
90003;VorSchwester;4.93;84.08;88.64;-4.56;-5.15;22.89;22.89;0.00;0.00;1;1
90003;NachSchwester;13.39;82.34;80.18;2.15;2.69;14.60;14.60;0.00;0.00;1;1
90003;VorArzt;72.43;23.26;21.14;2.12;10.04;14.60;14.60;0.00;0.00;1;1
90003;NachArzt;86.52;7.05;7.05;0.00;0.00;0.68;0.68;0.00;0.00;1;1
90021;Ankunft;68.63;17.72;26.12;-8.40;-32.17;4.56;4.56;0.00;0.00;0;1
90021;NachRezeption;75.30;22.92;19.44;3.48;17.88;3.51;3.51;0.00;0.00;1;1
90021;VorArzt;76.80;25.81;17.95;7.86;43.81;3.51;3.51;0.00;0.00;0;1
90021;NachArzt;90.77;3.97;3.97;0.00;0.00;1.18;1.18;0.00;0.00;1;1
90009;Ankunft;13.16;84.52;85.02;-0.50;-0.59;17.52;17.52;0.00;0.00;1;1
90009;NachRezeption;21.66;65.55;76.52;-10.97;-14.34;13.73;13.73;0.00;0.00;1;1
90009;VorSchwester;21.66;65.55;76.52;-10.97;-14.34;13.73;13.73;0.00;0.00;1;1
90009;NachSchwester;28.56;58.48;69.62;-11.14;-16.00;6.99;6.99;-0.00;-0.00;1;1
90009;VorArzt;78.42;15.51;19.76;-4.25;-21.51;6.99;6.99;-0.00;-0.00;1;1
90009;NachArzt;97.93;0.25;0.25;0.00;0.00;0.00;0.00;0.00;;1;1
90026;Ankunft;79.13;18.56;21.81;-3.25;-14.89;5.00;5.00;0.00;0.00;1;1
90026;NachRezeption;87.89;12.88;13.05;-0.17;-1.28;4.49;4.49;0.00;0.00;1;1
90026;VorSchwester;87.89;12.88;13.05;-0.17;-1.28;4.49;4.49;0.00;0.00;1;1
90026;NachSchwester;89.95;10.81;10.98;-0.17;-1.52;2.59;2.59;0.00;0.00;1;1
90026;VorArzt;91.77;9.17;9.17;0.00;0.00;2.59;2.59;0.00;0.00;1;1
90026;NachArzt;100.68;0.25;0.25;0.00;0.00;0.00;0.00;0.00;;1;1
90027;Ankunft;79.39;19.99;22.09;-2.09;-9.48;8.67;8.67;0.00;0.00;1;1
90027;NachRezeption;92.80;8.84;8.68;0.17;1.92;3.75;3.75;0.00;0.00;1;1
90027;VorSchwester;92.80;8.84;8.68;0.17;1.92;3.75;3.75;0.00;0.00;1;1
90027;NachSchwester;94.27;7.20;7.20;0.00;0.00;2.45;2.45;0.00;0.00;1;1
90027;VorArzt;95.04;6.44;6.44;0.00;0.00;2.45;2.45;0.00;0.00;1;1
90027;NachArzt;101.23;0.25;0.25;0.00;0.00;0.00;0.00;0.00;;1;1
90030;Ankunft;94.81;10.13;21.05;-10.93;-51.90;4.62;4.62;0.00;0.00;0;1
90030;NachRezeption;97.86;17.67;18.00;-0.33;-1.85;3.73;3.73;0.00;0.00;1;1
90030;VorSchwester;97.86;17.67;18.00;-0.33;-1.85;3.73;3.73;0.00;0.00;1;1
90030;NachSchwester;99.84;15.69;16.02;-0.33;-2.08;1.92;1.92;0.00;0.00;1;1
90030;VorArzt;101.67;12.32;14.20;-1.88;-13.22;1.92;1.92;0.00;0.00;1;1
90030;NachArzt;115.61;0.25;0.25;0.00;0.00;0.00;0.00;0.00;;1;1
90023;Ankunft;74.05;49.58;47.80;1.79;3.74;28.20;28.20;0.00;0.00;1;1
90023;NachRezeption;81.66;42.45;40.19;2.26;5.63;27.22;27.22;0.00;0.00;1;1
90023;VorSchwester;81.66;42.45;40.19;2.26;5.63;27.22;27.22;0.00;0.00;1;1
90023;NachSchwester;85.52;36.82;36.33;0.49;1.36;23.52;23.52;0.00;0.00;1;1
90023;VorArzt;85.87;36.11;35.97;0.14;0.39;23.52;23.52;0.00;0.00;1;1
90023;NachArzt;98.61;23.23;23.23;0.00;0.00;16.52;16.52;0.00;0.00;1;1
90028;Ankunft;91.21;19.10;33.50;-14.40;-42.98;12.09;12.09;0.00;0.00;0;1
90028;NachRezeption;96.43;23.19;28.28;-5.09;-18.01;10.32;10.32;0.00;0.00;1;1
90028;VorSchwester;96.43;23.19;28.28;-5.09;-18.01;10.32;10.32;0.00;0.00;1;1
90028;NachSchwester;100.91;20.79;23.80;-3.01;-12.63;6.01;6.01;0.00;0.00;1;1
90028;VorArzt;102.72;18.98;21.99;-3.01;-13.67;6.01;6.01;0.00;0.00;1;1
90028;NachArzt;124.46;0.25;0.25;0.00;0.00;0.00;0.00;0.00;;1;1
90025;Ankunft;76.19;44.46;48.70;-4.24;-8.71;16.00;16.00;0.00;0.00;1;1
90025;NachRezeption;87.37;29.35;37.52;-8.16;-21.76;12.60;12.60;-0.00;-0.00;1;1
90025;VorArzt;88.15;27.80;36.74;-8.94;-24.34;12.60;12.60;-0.00;-0.00;1;1
90025;NachArzt;111.65;13.24;13.24;0.00;0.00;1.80;1.80;-0.00;-0.00;1;1
90019;Ankunft;62.38;53.38;67.45;-14.07;-20.86;3.53;3.53;0.00;0.00;1;1
90019;NachRezeption;66.86;37.31;62.97;-25.66;-40.76;3.06;3.06;0.00;0.00;0;1
90019;VorSchwester;66.86;37.31;62.97;-25.66;-40.76;3.06;3.06;0.00;0.00;0;1
90019;NachSchwester;67.76;36.40;62.07;-25.66;-41.35;2.33;2.33;0.00;0.00;0;1
90019;VorArzt;101.42;33.31;28.41;4.90;17.25;2.33;2.33;0.00;0.00;1;1
90019;NachArzt;113.53;16.30;16.30;0.00;0.00;0.62;0.62;0.00;0.00;1;1
90031;Ankunft;97.36;24.41;41.58;-17.16;-41.28;13.58;13.58;0.00;0.00;0;1
90031;NachRezeption;104.04;36.77;34.89;1.88;5.38;7.40;7.40;-0.00;-0.00;1;1
90031;VorArzt;104.65;35.54;34.28;1.26;3.69;7.40;7.40;-0.00;-0.00;1;1
90031;NachArzt;117.70;21.23;21.23;0.00;0.00;5.47;5.47;0.00;0.00;1;1
90014;Ankunft;36.69;74.67;106.24;-31.57;-29.72;31.17;31.17;0.00;0.00;1;1
90014;NachRezeption;38.62;73.83;104.31;-30.48;-29.22;29.32;29.32;-0.00;-0.00;1;1
90014;VorSchwester;38.62;73.83;104.31;-30.48;-29.22;29.32;29.32;-0.00;-0.00;1;1
90014;NachSchwester;50.23;59.15;92.70;-33.55;-36.19;17.88;17.88;0.00;0.00;0;1
90014;VorArzt;90.07;31.99;52.86;-20.87;-39.48;17.88;17.88;0.00;0.00;0;1
90014;NachArzt;118.28;24.65;24.65;0.00;0.00;0.99;0.99;0.00;0.00;1;1
90036;Ankunft;112.30;38.62;36.13;2.48;6.87;10.54;10.54;0.00;0.00;1;1
90036;NachRezeption;129.13;19.30;19.30;0.00;0.00;9.99;9.99;0.00;0.00;1;1
90036;VorArzt;129.40;19.03;19.03;0.00;0.00;9.99;9.99;0.00;0.00;1;1
90036;NachArzt;148.18;0.25;0.25;0.00;0.00;0.00;0.00;0.00;;1;1
90032;Ankunft;97.85;33.67;55.02;-21.35;-38.81;9.46;9.46;0.00;0.00;0;1
90032;NachRezeption;105.24;34.84;47.63;-12.79;-26.85;8.27;8.27;0.00;0.00;1;1
90032;VorSchwester;105.24;34.84;47.63;-12.79;-26.85;8.27;8.27;0.00;0.00;1;1
90032;NachSchwester;107.90;29.36;44.98;-15.61;-34.72;5.78;5.78;0.00;0.00;0;1
90032;VorArzt;108.11;28.94;44.77;-15.83;-35.35;5.78;5.78;0.00;0.00;0;1
90032;NachArzt;122.74;30.14;30.14;0.00;0.00;0.91;0.91;-0.00;-0.00;1;1
90037;Ankunft;114.63;30.32;38.71;-8.40;-21.69;7.04;7.04;0.00;0.00;1;1
90037;NachRezeption;131.58;22.06;21.77;0.29;1.34;5.21;5.21;0.00;0.00;1;1
90037;VorArzt;133.25;20.38;20.09;0.29;1.45;5.21;5.21;0.00;0.00;1;1
90037;NachArzt;153.09;0.25;0.25;0.00;0.00;0.00;0.00;0.00;;1;1
90011;Ankunft;28.95;124.95;128.25;-3.29;-2.57;12.19;12.19;0.00;0.00;1;1
90011;NachRezeption;32.62;121.29;124.58;-3.29;-2.64;8.60;8.60;0.00;0.00;1;1
90011;VorArzt;144.88;11.69;12.31;-0.62;-5.07;8.60;8.60;0.00;0.00;1;1
90011;NachArzt;156.95;0.25;0.25;0.00;0.00;0.00;0.00;0.00;;1;1
90022;Ankunft;71.57;63.14;86.80;-23.67;-27.27;8.79;8.79;0.00;0.00;1;1
90022;NachRezeption;80.67;58.15;77.71;-19.56;-25.17;7.71;7.71;0.00;0.00;1;1
90022;VorArzt;118.56;36.60;39.82;-3.22;-8.09;7.71;7.71;0.00;0.00;1;1
90022;NachArzt;127.15;31.23;31.23;0.00;0.00;3.47;3.47;0.00;0.00;1;1
90040;Ankunft;118.12;36.73;41.84;-5.11;-12.21;12.99;12.99;0.00;0.00;1;1
90040;NachRezeption;141.86;18.56;18.11;0.46;2.53;10.34;10.34;0.00;0.00;1;1
90040;VorSchwester;141.86;18.56;18.11;0.46;2.53;10.34;10.34;0.00;0.00;1;1
90040;NachSchwester;145.91;13.81;14.06;-0.25;-1.75;6.46;6.46;0.00;0.00;1;1
90040;VorArzt;146.75;13.05;13.22;-0.17;-1.26;6.46;6.46;0.00;0.00;1;1
90040;NachArzt;159.72;0.25;0.25;0.00;0.00;0.00;0.00;0.00;;1;1
90044;Ankunft;126.15;32.57;34.52;-1.95;-5.66;4.13;4.13;0.00;0.00;1;1
90044;NachRezeption;154.83;8.61;5.84;2.77;47.41;3.30;3.30;0.00;0.00;1;1
90044;VorArzt;154.99;8.44;5.67;2.77;48.82;3.30;3.30;0.00;0.00;1;1
90044;NachArzt;160.42;0.25;0.25;0.00;0.00;0.00;0.00;0.00;;1;1
90043;Ankunft;125.74;35.10;37.92;-2.82;-7.43;6.85;6.85;0.00;0.00;1;1
90043;NachRezeption;154.00;9.13;9.66;-0.53;-5.53;5.64;5.64;-0.00;-0.00;1;1
90043;VorSchwester;154.00;9.13;9.66;-0.53;-5.53;5.64;5.64;-0.00;-0.00;1;1
90043;NachSchwester;156.97;6.55;6.69;-0.14;-2.07;2.83;2.83;-0.00;-0.00;1;1
90043;VorArzt;157.15;6.51;6.51;0.00;0.00;2.83;2.83;-0.00;-0.00;1;1
90043;NachArzt;163.41;0.25;0.25;0.00;0.00;0.00;0.00;0.00;;1;1
90042;Ankunft;120.51;41.79;43.52;-1.72;-3.96;13.98;13.98;0.00;0.00;1;1
90042;NachRezeption;151.88;9.54;12.15;-2.60;-21.43;6.60;6.60;0.00;0.00;1;1
90042;VorSchwester;151.88;9.54;12.15;-2.60;-21.43;6.60;6.60;0.00;0.00;1;1
90042;NachSchwester;154.75;6.51;9.28;-2.77;-29.86;3.89;3.89;0.00;0.00;1;1
90042;VorArzt;156.69;4.57;7.33;-2.77;-37.76;3.89;3.89;0.00;0.00;1;1
90042;NachArzt;163.78;0.25;0.25;0.00;0.00;0.00;0.00;0.00;;1;1
90077;Ankunft;165.62;375.24;0.00;375.24;;6.57;;;;0;0
90033;Ankunft;110.58;48.84;69.24;-20.39;-29.46;18.10;18.10;0.00;0.00;1;1
90033;NachRezeption;122.62;48.32;57.19;-8.87;-15.52;17.24;17.24;0.00;0.00;1;1
90033;VorSchwester;122.62;48.32;57.19;-8.87;-15.52;17.24;17.24;0.00;0.00;1;1
90033;NachSchwester;127.60;44.77;52.21;-7.44;-14.26;12.42;12.42;0.00;0.00;1;1
90033;VorArzt;128.83;43.51;50.98;-7.47;-14.66;12.42;12.42;0.00;0.00;1;1
90033;NachArzt;138.02;41.79;41.79;0.00;0.00;3.41;3.41;0.00;0.00;1;1
90041;Ankunft;119.30;54.91;63.37;-8.46;-13.35;5.76;5.76;0.00;0.00;1;1
90041;NachRezeption;144.50;24.26;38.17;-13.90;-36.43;4.10;4.10;0.00;0.00;0;1
90041;VorSchwester;144.50;24.26;38.17;-13.90;-36.43;4.10;4.10;0.00;0.00;0;1
90041;NachSchwester;146.39;22.38;36.28;-13.90;-38.32;2.38;2.38;0.00;0.00;0;1
90041;VorArzt;165.97;16.70;16.70;0.00;0.00;2.38;2.38;0.00;0.00;1;1
90041;NachArzt;182.42;0.25;0.25;0.00;0.00;0.00;0.00;0.00;;1;1
90038;Ankunft;114.79;51.31;71.37;-20.06;-28.10;24.12;24.12;0.00;0.00;1;1
90038;NachRezeption;133.38;42.58;52.77;-10.19;-19.32;22.32;22.32;0.00;0.00;1;1
90038;VorArzt;133.77;42.19;52.38;-10.19;-19.46;22.32;22.32;0.00;0.00;1;1
90038;NachArzt;185.90;0.25;0.25;0.00;0.00;0.00;0.00;0.00;;1;1
90029;Ankunft;94.71;44.33;96.94;-52.62;-54.28;32.28;32.28;0.00;0.00;0;1
90029;NachRezeption;96.97;39.76;94.68;-54.92;-58.01;31.73;31.73;0.00;0.00;0;1
90029;VorSchwester;96.97;39.76;94.68;-54.92;-58.01;31.73;31.73;0.00;0.00;0;1
90029;NachSchwester;106.64;49.41;85.01;-35.60;-41.88;22.23;22.23;-0.00;-0.00;0;1
90029;VorArzt;107.36;47.97;84.29;-36.32;-43.09;22.23;22.23;-0.00;-0.00;0;1
90029;NachArzt;145.82;45.83;45.83;0.00;0.00;1.03;1.03;-0.00;-0.00;1;1
90046;Ankunft;129.53;55.97;63.97;-8.00;-12.51;9.96;9.96;0.00;0.00;1;1
90046;NachRezeption;162.28;31.05;31.22;-0.17;-0.53;7.18;7.18;0.00;0.00;1;1
90046;VorArzt;165.08;28.42;28.42;0.00;0.00;7.18;7.18;0.00;0.00;1;1
90046;NachArzt;193.25;0.25;0.25;0.00;0.00;0.00;0.00;0.00;;1;1
90039;Ankunft;117.84;54.49;77.75;-23.27;-29.92;6.03;6.03;0.00;0.00;1;1
90039;NachRezeption;139.21;54.20;56.38;-2.18;-3.86;5.67;5.67;0.00;0.00;1;1
90039;VorArzt;141.70;54.29;53.89;0.39;0.73;5.67;5.67;0.00;0.00;1;1
90039;NachArzt;147.72;47.87;47.87;0.00;0.00;3.94;3.94;0.00;0.00;1;1
90051;Ankunft;134.17;67.06;75.25;-8.20;-10.89;10.00;10.00;0.00;0.00;1;1
90051;NachRezeption;172.91;34.46;36.51;-2.05;-5.63;9.47;9.47;0.00;0.00;1;1
90051;VorArzt;173.08;34.28;36.34;-2.05;-5.65;9.47;9.47;0.00;0.00;1;1
90051;NachArzt;209.17;0.25;0.25;0.00;0.00;0.00;0.00;0.00;;1;1
90059;Ankunft;143.91;58.74;84.65;-25.91;-30.61;6.09;6.09;0.00;0.00;0;1
90059;NachRezeption;188.28;35.47;40.28;-4.81;-11.94;5.33;5.33;0.00;0.00;1;1
90059;VorArzt;188.97;34.78;39.59;-4.81;-12.15;5.33;5.33;0.00;0.00;1;1
90059;NachArzt;228.31;0.25;0.25;0.00;0.00;0.00;0.00;0.00;;1;1
90076;Ankunft;165.38;74.65;64.59;10.06;15.57;6.67;6.67;0.00;0.00;1;1
90076;NachRezeption;227.00;2.97;2.97;0.00;0.00;1.24;1.24;-0.00;-0.00;1;1
90076;VorArzt;227.54;2.43;2.43;0.00;0.00;1.24;1.24;-0.00;-0.00;1;1
90076;NachArzt;229.72;0.25;0.25;0.00;0.00;0.00;0.00;0.00;;1;1
90062;Ankunft;150.23;61.83;86.81;-24.98;-28.77;12.12;12.12;0.00;0.00;1;1
90062;NachRezeption;197.11;36.87;39.93;-3.06;-7.67;10.51;10.51;-0.00;-0.00;1;1
90062;VorSchwester;197.11;36.87;39.93;-3.06;-7.67;10.51;10.51;-0.00;-0.00;1;1
90062;NachSchwester;200.89;35.60;36.15;-0.55;-1.52;6.90;6.90;0.00;0.00;1;1
90062;VorArzt;201.77;34.72;35.26;-0.55;-1.55;6.90;6.90;0.00;0.00;1;1
90062;NachArzt;236.79;0.25;0.25;0.00;0.00;0.00;0.00;0.00;;1;1
90109;Ankunft;237.77;831.65;0.00;831.65;;5.96;;;;0;0
90065;Ankunft;153.87;84.35;87.75;-3.40;-3.88;9.55;9.55;0.00;0.00;1;1
90065;NachRezeption;204.85;35.64;36.76;-1.12;-3.05;6.18;6.18;0.00;0.00;1;1
90065;VorSchwester;204.85;35.64;36.76;-1.12;-3.05;6.18;6.18;0.00;0.00;1;1
90065;NachSchwester;206.79;33.54;34.83;-1.29;-3.69;4.41;4.41;0.00;0.00;1;1
90065;VorArzt;231.56;10.06;10.06;0.00;0.00;4.41;4.41;0.00;0.00;1;1
90065;NachArzt;241.37;0.25;0.25;0.00;0.00;0.00;0.00;0.00;;1;1
90045;Ankunft;128.28;86.53;115.51;-28.97;-25.08;17.82;17.82;0.00;0.00;1;1
90045;NachRezeption;159.50;78.34;84.29;-5.95;-7.06;16.61;16.61;0.00;0.00;1;1
90045;VorArzt;160.37;77.68;83.42;-5.74;-6.88;16.61;16.61;0.00;0.00;1;1
90045;NachArzt;179.87;63.92;63.92;0.00;0.00;0.68;0.68;-0.00;-0.00;1;1
90005;Ankunft;7.37;223.91;246.91;-23.00;-9.32;16.00;16.00;0.00;0.00;1;1
90005;NachRezeption;8.00;208.94;246.28;-37.34;-15.16;15.45;15.45;-0.00;-0.00;1;1
90005;VorSchwester;8.00;208.94;246.28;-37.34;-15.16;15.45;15.45;-0.00;-0.00;1;1
90005;NachSchwester;17.35;199.59;236.93;-37.34;-15.76;6.27;6.27;-0.00;-0.00;1;1
90005;VorArzt;210.26;7.32;44.03;-36.71;-83.38;6.27;6.27;-0.00;-0.00;0;1
90005;NachArzt;254.03;0.25;0.25;0.00;0.00;0.00;0.00;0.00;;1;1
90066;Ankunft;155.42;65.14;100.43;-35.29;-35.14;12.27;12.27;0.00;0.00;0;1
90066;NachRezeption;207.18;46.88;48.67;-1.80;-3.69;9.95;9.95;0.00;0.00;1;1
90066;VorArzt;207.61;46.58;48.24;-1.66;-3.44;9.95;9.95;0.00;0.00;1;1
90066;NachArzt;255.60;0.25;0.25;0.00;0.00;0.00;0.00;0.00;;1;1
90052;Ankunft;135.64;88.53;122.68;-34.14;-27.83;5.99;5.99;0.00;0.00;1;1
90052;NachRezeption;175.43;71.16;82.89;-11.73;-14.15;3.48;3.48;-0.00;-0.00;1;1
90052;VorArzt;176.93;69.43;81.38;-11.96;-14.69;3.48;3.48;-0.00;-0.00;1;1
90052;NachArzt;184.73;73.59;73.59;0.00;0.00;1.33;1.33;0.00;0.00;1;1
90116;Ankunft;258.54;224.30;0.00;224.30;;13.15;;;;0;0
90056;Ankunft;139.96;93.96;122.31;-28.35;-23.18;4.98;4.98;0.00;0.00;1;1
90056;NachRezeption;182.59;80.02;79.68;0.34;0.43;3.58;3.58;0.00;0.00;1;1
90056;VorArzt;182.88;79.86;79.39;0.47;0.59;3.58;3.58;0.00;0.00;1;1
90056;NachArzt;187.87;74.40;74.40;0.00;0.00;0.60;0.60;0.00;0.00;1;1
90117;Ankunft;263.12;273.61;0.00;273.61;;35.15;;;;0;0
90089;Ankunft;181.93;83.74;81.94;1.81;2.20;10.20;10.20;0.00;0.00;1;1
90089;NachRezeption;254.55;9.48;9.31;0.17;1.79;6.69;6.69;0.00;0.00;1;1
90089;VorSchwester;254.55;9.48;9.31;0.17;1.79;6.69;6.69;0.00;0.00;1;1
90089;NachSchwester;255.82;8.04;8.04;0.00;0.00;5.59;5.59;0.00;0.00;1;1
90089;VorArzt;256.76;7.10;7.10;0.00;0.00;5.59;5.59;0.00;0.00;1;1
90089;NachArzt;263.62;0.25;0.25;0.00;0.00;0.00;0.00;0.00;;1;1
90057;Ankunft;140.24;96.63;124.84;-28.21;-22.59;7.47;7.47;0.00;0.00;1;1
90057;NachRezeption;185.77;81.10;79.31;1.80;2.27;4.28;4.28;0.00;0.00;1;1
90057;VorArzt;186.29;81.59;78.79;2.80;3.55;4.28;4.28;0.00;0.00;1;1
90057;NachArzt;189.64;75.44;75.44;0.00;0.00;2.68;2.68;0.00;0.00;1;1
90118;Ankunft;265.53;280.14;0.00;280.14;;22.88;;;;0;0
90072;Ankunft;159.83;87.29;109.63;-22.34;-20.38;9.44;9.44;0.00;0.00;1;1
90072;NachRezeption;217.62;48.01;51.83;-3.83;-7.38;8.51;8.51;0.00;0.00;1;1
90072;VorSchwester;217.62;48.01;51.83;-3.83;-7.38;8.51;8.51;0.00;0.00;1;1
90072;NachSchwester;222.02;47.59;47.43;0.16;0.34;4.28;4.28;0.00;0.00;1;1
90072;VorArzt;224.27;45.52;45.19;0.33;0.73;4.28;4.28;0.00;0.00;1;1
90072;NachArzt;269.21;0.25;0.25;0.00;0.00;0.00;0.00;0.00;;1;1
90047;Ankunft;130.48;88.19;153.41;-65.23;-42.52;9.61;9.61;0.00;0.00;0;1
90047;NachRezeption;165.19;90.70;118.71;-28.00;-23.59;6.71;6.71;0.00;0.00;1;1
90047;VorArzt;166.76;95.50;117.13;-21.63;-18.47;6.71;6.71;0.00;0.00;1;1
90047;NachArzt;194.54;88.18;89.35;-1.16;-1.30;1.98;1.98;0.00;0.00;1;1
90061;Ankunft;145.39;93.33;139.44;-46.11;-33.07;4.66;4.66;0.00;0.00;0;1
90061;NachRezeption;190.53;80.88;94.29;-13.41;-14.23;3.29;3.29;0.00;0.00;1;1
90061;VorArzt;190.72;80.50;94.11;-13.60;-14.45;3.29;3.29;0.00;0.00;1;1
90061;NachArzt;195.77;89.06;89.06;0.00;0.00;0.94;0.94;0.00;0.00;1;1
90099;Ankunft;194.60;95.21;91.36;3.85;4.21;3.23;3.23;0.00;0.00;1;1
90099;NachRezeption;281.82;4.13;4.13;0.00;0.00;2.06;2.06;0.00;0.00;1;1
90099;VorArzt;282.61;3.35;3.35;0.00;0.00;2.06;2.06;0.00;0.00;1;1
90099;NachArzt;285.71;0.25;0.25;0.00;0.00;0.00;0.00;0.00;;1;1
90120;Ankunft;286.36;204.22;0.00;204.22;;14.84;;;;0;0
90006;Ankunft;10.26;165.89;277.89;-112.00;-40.30;5.81;5.81;0.00;0.00;0;1
90006;NachRezeption;11.75;170.51;276.40;-105.89;-38.31;4.40;4.40;0.00;0.00;0;1
90006;VorArzt;171.33;77.89;116.82;-38.93;-33.32;4.40;4.40;0.00;0.00;0;1
90006;NachArzt;199.54;88.61;88.61;0.00;0.00;0.80;0.80;-0.00;-0.00;1;1
90098;Ankunft;194.19;93.61;94.43;-0.82;-0.87;7.39;7.39;0.00;0.00;1;1
90098;NachRezeption;280.66;10.31;7.96;2.35;29.55;5.64;5.64;0.00;0.00;1;1
90098;VorSchwester;280.66;10.31;7.96;2.35;29.55;5.64;5.64;0.00;0.00;1;1
90098;NachSchwester;283.97;4.65;4.65;0.00;0.00;2.49;2.49;0.00;0.00;1;1
90098;VorArzt;284.24;4.38;4.38;0.00;0.00;2.49;2.49;0.00;0.00;1;1
90098;NachArzt;288.37;0.25;0.25;0.00;0.00;0.00;0.00;0.00;;1;1
90082;Ankunft;173.09;91.93;115.70;-23.77;-20.54;5.70;5.70;0.00;0.00;1;1
90082;NachRezeption;235.87;52.47;52.92;-0.45;-0.85;4.41;4.41;0.00;0.00;1;1
90082;VorArzt;236.74;51.60;52.05;-0.45;-0.87;4.41;4.41;0.00;0.00;1;1
90082;NachArzt;288.54;0.25;0.25;0.00;0.00;0.00;0.00;0.00;;1;1
90048;Ankunft;130.95;93.52;159.15;-65.63;-41.24;7.97;7.97;0.00;0.00;0;1
90048;NachRezeption;165.50;97.15;124.60;-27.44;-22.03;7.65;7.65;0.00;0.00;1;1
90048;VorArzt;168.80;92.35;121.29;-28.94;-23.86;7.65;7.65;0.00;0.00;1;1
90048;NachArzt;200.41;89.68;89.68;0.00;0.00;1.95;1.95;-0.00;-0.00;1;1
90081;Ankunft;171.88;95.21;124.75;-29.54;-23.68;13.46;13.46;0.00;0.00;1;1
90081;NachRezeption;234.58;57.18;62.05;-4.87;-7.84;12.35;12.35;0.00;0.00;1;1
90081;VorSchwester;234.58;57.18;62.05;-4.87;-7.84;12.35;12.35;0.00;0.00;1;1
90081;NachSchwester;239.43;52.77;57.20;-4.43;-7.74;7.67;7.67;0.00;0.00;1;1
90081;VorArzt;241.24;50.96;55.39;-4.43;-7.99;7.67;7.67;0.00;0.00;1;1
90081;NachArzt;296.38;0.25;0.25;0.00;0.00;0.00;0.00;0.00;;1;1
90085;Ankunft;177.45;97.79;120.50;-22.71;-18.85;10.34;10.34;0.00;0.00;1;1
90085;NachRezeption;239.72;57.57;58.23;-0.67;-1.15;9.16;9.16;0.00;0.00;1;1
90085;VorArzt;240.12;57.16;57.83;-0.67;-1.15;9.16;9.16;0.00;0.00;1;1
90085;NachArzt;297.70;0.25;0.25;0.00;0.00;0.00;0.00;0.00;;1;1
90035;Ankunft;111.82;154.21;188.99;-34.78;-18.40;12.35;12.35;0.00;0.00;1;1
90035;NachRezeption;128.59;132.15;172.22;-40.07;-23.27;8.56;8.56;0.00;0.00;1;1
90035;VorSchwester;128.59;132.15;172.22;-40.07;-23.27;8.56;8.56;0.00;0.00;1;1
90035;NachSchwester;133.31;127.43;167.50;-40.07;-23.92;4.01;4.01;0.00;0.00;1;1
90035;VorArzt;256.31;11.42;44.50;-33.08;-74.34;4.01;4.01;0.00;0.00;0;1
90035;NachArzt;300.56;0.25;0.25;0.00;0.00;0.00;0.00;0.00;;1;1
90018;Ankunft;61.95;123.81;239.05;-115.24;-48.21;10.90;10.90;0.00;0.00;0;1
90018;NachRezeption;66.40;117.16;234.60;-117.44;-50.06;9.12;9.12;0.00;0.00;0;1
90018;VorArzt;173.56;80.54;127.44;-46.90;-36.80;9.12;9.12;0.00;0.00;0;1
90018;NachArzt;207.47;93.53;93.53;0.00;0.00;2.22;2.22;-0.00;-0.00;1;1
90121;Ankunft;301.72;275.38;0.00;275.38;;21.95;;;;0;0
90034;Ankunft;110.87;157.20;193.48;-36.28;-18.75;6.92;6.92;0.00;0.00;1;1
90034;NachRezeption;123.00;117.54;181.35;-63.82;-35.19;6.54;6.54;0.00;0.00;0;1
90034;VorSchwester;123.00;117.54;181.35;-63.82;-35.19;6.54;6.54;0.00;0.00;0;1
90034;NachSchwester;125.52;112.50;178.83;-66.34;-37.09;4.18;4.18;0.00;0.00;0;1
90034;VorArzt;206.15;97.91;98.21;-0.30;-0.30;4.18;4.18;0.00;0.00;1;1
90034;NachArzt;210.89;93.47;93.47;0.00;0.00;0.94;0.94;0.00;0.00;1;1
90055;Ankunft;139.82;103.97;168.76;-64.79;-38.39;8.76;8.76;0.00;0.00;0;1
90055;NachRezeption;181.19;102.17;127.39;-25.22;-19.80;8.28;8.28;-0.00;-0.00;1;1
90055;VorArzt;181.55;101.45;127.03;-25.58;-20.13;8.28;8.28;-0.00;-0.00;1;1
90055;NachArzt;217.94;90.64;90.64;0.00;0.00;1.39;1.39;-0.00;-0.00;1;1
90050;Ankunft;132.16;106.96;177.69;-70.72;-39.80;19.90;19.90;0.00;0.00;0;1
90050;NachRezeption;172.38;101.33;137.47;-36.15;-26.29;15.75;15.75;-0.00;-0.00;1;1
90050;VorSchwester;172.38;101.33;137.47;-36.15;-26.29;15.75;15.75;-0.00;-0.00;1;1
90050;NachSchwester;174.86;102.01;134.98;-32.97;-24.42;13.43;13.43;-0.00;-0.00;1;1
90050;VorArzt;175.72;101.51;134.13;-32.62;-24.32;13.43;13.43;-0.00;-0.00;1;1
90050;NachArzt;221.50;88.35;88.35;0.00;0.00;1.27;1.27;-0.00;-0.00;1;1
90070;Ankunft;157.57;121.21;152.73;-31.52;-20.64;7.17;7.17;0.00;0.00;1;1
90070;NachRezeption;213.55;101.97;96.75;5.22;5.40;6.20;6.20;-0.00;-0.00;1;1
90070;VorSchwester;213.55;101.97;96.75;5.22;5.40;6.20;6.20;-0.00;-0.00;1;1
90070;NachSchwester;214.77;99.37;95.53;3.84;4.02;5.16;5.16;0.00;0.00;1;1
90070;VorArzt;215.18;100.26;95.12;5.15;5.41;5.16;5.16;0.00;0.00;1;1
90070;NachArzt;222.82;87.48;87.48;0.00;0.00;0.45;0.45;-0.00;-0.00;1;1
90073;Ankunft;162.77;132.41;148.73;-16.32;-10.97;3.51;3.51;0.00;0.00;1;1
90073;NachRezeption;218.08;97.30;93.41;3.89;4.16;3.05;3.05;0.00;0.00;1;1
90073;VorArzt;220.82;91.83;90.68;1.15;1.27;3.05;3.05;0.00;0.00;1;1
90073;NachArzt;223.52;87.97;87.97;0.00;0.00;1.19;1.19;0.00;0.00;1;1
90054;Ankunft;138.37;104.10;175.04;-70.94;-40.53;14.95;14.95;0.00;0.00;0;1
90054;NachRezeption;180.72;101.05;132.70;-31.65;-23.85;13.96;13.96;0.00;0.00;1;1
90054;VorSchwester;180.72;101.05;132.70;-31.65;-23.85;13.96;13.96;0.00;0.00;1;1
90054;NachSchwester;188.80;114.50;124.61;-10.11;-8.12;6.04;6.04;0.00;0.00;1;1
90054;VorArzt;188.98;108.83;124.44;-15.61;-12.54;6.04;6.04;0.00;0.00;1;1
90054;NachArzt;228.98;84.44;84.44;0.00;0.00;0.75;0.75;0.00;0.00;1;1
90063;Ankunft;151.56;106.45;162.65;-56.20;-34.55;10.58;10.58;0.00;0.00;0;1
90063;NachRezeption;198.04;127.23;116.17;11.06;9.52;9.64;9.64;0.00;0.00;1;1
90063;VorArzt;198.86;125.60;115.35;10.24;8.88;9.64;9.64;0.00;0.00;1;1
90063;NachArzt;237.99;76.23;76.23;0.00;0.00;0.80;0.80;-0.00;-0.00;1;1
90093;Ankunft;185.86;112.98;129.60;-16.61;-12.82;7.96;7.96;0.00;0.00;1;1
90093;NachRezeption;261.59;56.37;53.86;2.51;4.66;6.45;6.45;0.00;0.00;1;1
90093;VorArzt;265.35;52.94;50.10;2.84;5.68;6.45;6.45;0.00;0.00;1;1
90093;NachArzt;315.20;0.25;0.25;0.00;0.00;0.00;0.00;0.00;;1;1
90096;Ankunft;192.15;124.15;128.69;-4.53;-3.52;5.90;5.90;0.00;0.00;1;1
90096;NachRezeption;277.43;42.09;43.40;-1.32;-3.03;5.21;5.21;0.00;0.00;1;1
90096;VorArzt;277.99;41.52;42.84;-1.32;-3.07;5.21;5.21;0.00;0.00;1;1
90096;NachArzt;320.58;0.25;0.25;0.00;0.00;0.00;0.00;0.00;;1;1
90075;Ankunft;165.32;143.25;157.52;-14.27;-9.06;11.02;11.02;0.00;0.00;1;1
90075;NachRezeption;221.58;122.26;101.26;21.00;20.74;10.64;10.64;0.00;0.00;1;1
90075;VorArzt;241.36;84.61;81.48;3.13;3.84;10.64;10.64;0.00;0.00;1;1
90075;NachArzt;244.33;78.51;78.51;0.00;0.00;7.84;7.84;0.00;0.00;1;1
90064;Ankunft;153.10;108.31;170.85;-62.54;-36.61;16.95;16.95;0.00;0.00;0;1
90064;NachRezeption;201.48;135.73;122.47;13.26;10.83;13.51;13.51;0.00;0.00;1;1
90064;VorSchwester;201.48;135.73;122.47;13.26;10.83;13.51;13.51;0.00;0.00;1;1
90064;NachSchwester;206.72;129.62;117.23;12.39;10.57;8.44;8.44;0.00;0.00;1;1
90064;VorArzt;207.04;133.38;116.91;16.47;14.09;8.44;8.44;0.00;0.00;1;1
90064;NachArzt;245.49;78.47;78.47;0.00;0.00;1.11;1.11;-0.00;-0.00;1;1
90086;Ankunft;177.81;138.07;149.54;-11.47;-7.67;8.91;8.91;0.00;0.00;1;1
90086;NachRezeption;241.48;82.65;85.87;-3.22;-3.75;7.15;7.15;0.00;0.00;1;1
90086;VorSchwester;241.48;82.65;85.87;-3.22;-3.75;7.15;7.15;0.00;0.00;1;1
90086;NachSchwester;242.96;79.56;84.38;-4.82;-5.71;5.83;5.83;0.00;0.00;1;1
90086;VorArzt;244.28;76.94;83.07;-6.13;-7.38;5.83;5.83;0.00;0.00;1;1
90086;NachArzt;247.59;79.75;79.75;0.00;0.00;2.73;2.73;0.00;0.00;1;1
90127;Ankunft;331.89;150.03;0.00;150.03;;13.20;;;;0;0
90068;Ankunft;157.06;118.21;181.90;-63.69;-35.01;11.28;11.28;0.00;0.00;0;1
90068;NachRezeption;211.32;140.76;127.63;13.13;10.29;8.59;8.59;0.00;0.00;1;1
90068;VorArzt;212.37;138.66;126.58;12.08;9.54;8.59;8.59;0.00;0.00;1;1
90068;NachArzt;257.86;81.10;81.10;0.00;0.00;4.93;4.93;0.00;0.00;1;1
90101;Ankunft;199.45;123.42;142.93;-19.52;-13.65;12.71;12.71;0.00;0.00;1;1
90101;NachRezeption;287.27;47.68;55.12;-7.43;-13.49;12.21;12.21;0.00;0.00;1;1
90101;VorSchwester;287.27;47.68;55.12;-7.43;-13.49;12.21;12.21;0.00;0.00;1;1
90101;NachSchwester;293.43;41.53;48.96;-7.43;-15.18;6.22;6.22;0.00;0.00;1;1
90101;VorArzt;293.96;40.99;48.42;-7.43;-15.35;6.22;6.22;0.00;0.00;1;1
90101;NachArzt;342.14;0.25;0.25;0.00;0.00;0.00;0.00;0.00;;1;1
90071;Ankunft;159.28;124.87;184.16;-59.29;-32.19;15.16;15.16;0.00;0.00;0;1
90071;NachRezeption;216.70;146.68;126.74;19.94;15.73;12.02;12.02;0.00;0.00;1;1
90071;VorArzt;216.96;146.16;126.48;19.68;15.56;12.02;12.02;0.00;0.00;1;1
90071;NachArzt;263.30;80.14;80.14;0.00;0.00;4.48;4.48;0.00;0.00;1;1
90090;Ankunft;182.54;152.68;164.57;-11.89;-7.22;6.89;6.89;0.00;0.00;1;1
90090;NachRezeption;256.48;89.67;90.63;-0.97;-1.07;4.97;4.97;0.00;0.00;1;1
90090;VorArzt;257.27;82.65;89.85;-7.20;-8.01;4.97;4.97;0.00;0.00;1;1
90090;NachArzt;264.76;82.35;82.35;0.00;0.00;3.67;3.67;0.00;0.00;1;1
90107;Ankunft;214.97;137.80;133.98;3.82;2.85;10.51;10.51;0.00;0.00;1;1
90107;NachRezeption;307.11;41.18;41.84;-0.67;-1.59;8.79;8.79;0.00;0.00;1;1
90107;VorArzt;307.62;40.67;41.33;-0.67;-1.61;8.79;8.79;0.00;0.00;1;1
90107;NachArzt;348.70;0.25;0.25;0.00;0.00;0.00;0.00;0.00;;1;1
90069;Ankunft;157.51;126.18;191.62;-65.44;-34.15;16.02;16.02;0.00;0.00;0;1
90069;NachRezeption;212.59;141.83;136.54;5.28;3.87;14.75;14.75;0.00;0.00;1;1
90069;VorSchwester;212.59;141.83;136.54;5.28;3.87;14.75;14.75;0.00;0.00;1;1
90069;NachSchwester;216.61;138.42;132.52;5.90;4.45;10.89;10.89;0.00;0.00;1;1
90069;VorArzt;217.54;136.57;131.59;4.97;3.78;10.89;10.89;0.00;0.00;1;1
90069;NachArzt;272.65;76.48;76.48;0.00;0.00;2.02;2.02;0.00;0.00;1;1
90078;Ankunft;165.96;162.03;184.61;-22.58;-12.23;10.23;10.23;0.00;0.00;1;1
90078;NachRezeption;229.14;134.77;121.43;13.33;10.98;8.09;8.09;0.00;0.00;1;1
90078;VorArzt;229.54;133.96;121.03;12.93;10.68;8.09;8.09;0.00;0.00;1;1
90078;NachArzt;276.03;74.54;74.54;0.00;0.00;1.44;1.44;0.00;0.00;1;1
90049;Ankunft;131.71;146.23;219.09;-72.86;-33.25;18.11;18.11;0.00;0.00;0;1
90049;NachRezeption;168.23;133.13;182.56;-49.43;-27.08;15.38;15.38;0.00;0.00;1;1
90049;VorSchwester;168.23;133.13;182.56;-49.43;-27.08;15.38;15.38;0.00;0.00;1;1
90049;NachSchwester;175.94;125.73;174.86;-49.13;-28.09;7.84;7.84;-0.00;-0.00;1;1
90049;VorArzt;232.20;95.17;118.59;-23.42;-19.75;7.84;7.84;-0.00;-0.00;1;1
90049;NachArzt;280.44;70.36;70.36;0.00;0.00;0.22;0.22;-0.00;-0.00;1;1
90130;Ankunft;351.68;177.12;0.00;177.12;;13.71;;;;0;0
90131;Ankunft;354.38;162.90;0.00;162.90;;12.22;;;;0;0
90079;Ankunft;169.57;158.62;185.73;-27.11;-14.59;15.34;15.34;0.00;0.00;1;1
90079;NachRezeption;233.21;134.81;122.09;12.71;10.41;11.26;11.26;-0.00;-0.00;1;1
90079;VorArzt;233.77;133.70;121.54;12.16;10.01;11.26;11.26;-0.00;-0.00;1;1
90079;NachArzt;283.48;71.83;71.83;0.00;0.00;3.98;3.98;-0.00;-0.00;1;1
90103;Ankunft;204.43;135.37;152.34;-16.97;-11.14;27.59;27.59;0.00;0.00;1;1
90103;NachRezeption;298.13;55.74;58.63;-2.89;-4.93;23.06;23.06;0.00;0.00;1;1
90103;VorSchwester;298.13;55.74;58.63;-2.89;-4.93;23.06;23.06;0.00;0.00;1;1
90103;NachSchwester;307.15;48.79;49.62;-0.83;-1.68;14.21;14.21;-0.00;-0.00;1;1
90103;VorArzt;308.40;45.48;48.37;-2.89;-5.98;14.21;14.21;-0.00;-0.00;1;1
90103;NachArzt;356.52;0.25;0.25;0.00;0.00;0.00;0.00;0.00;;1;1
90106;Ankunft;213.41;137.24;143.91;-6.67;-4.63;11.89;11.89;0.00;0.00;1;1
90106;NachRezeption;305.39;43.03;51.93;-8.90;-17.14;10.77;10.77;0.00;0.00;1;1
90106;VorSchwester;306.59;41.83;50.73;-8.90;-17.54;10.77;10.77;0.00;0.00;1;1
90106;NachSchwester;309.88;57.91;47.44;10.47;22.07;8.20;8.20;0.00;0.00;1;1
90106;VorArzt;310.63;57.16;46.69;10.47;22.42;8.20;8.20;0.00;0.00;1;1
90106;NachArzt;357.07;0.25;0.25;0.00;0.00;0.00;0.00;0.00;;1;1
90080;Ankunft;170.14;159.32;187.32;-27.99;-14.94;5.77;5.77;0.00;0.00;1;1
90080;NachRezeption;233.47;132.51;123.98;8.53;6.88;5.51;5.51;-0.00;-0.00;1;1
90080;VorArzt;233.97;127.55;123.49;4.06;3.29;5.51;5.51;-0.00;-0.00;1;1
90080;NachArzt;283.96;73.50;73.50;0.00;0.00;2.15;2.15;-0.00;-0.00;1;1
90084;Ankunft;176.96;159.10;181.44;-22.34;-12.31;17.76;17.76;0.00;0.00;1;1
90084;NachRezeption;238.54;132.45;119.86;12.60;10.51;16.36;16.36;0.00;0.00;1;1
90084;VorSchwester;238.54;132.45;119.86;12.60;10.51;16.36;16.36;0.00;0.00;1;1
90084;NachSchwester;244.35;140.16;114.05;26.11;22.90;10.71;10.71;0.00;0.00;1;1
90084;VorArzt;257.18;128.13;101.22;26.91;26.59;10.71;10.71;0.00;0.00;1;1
90084;NachArzt;307.64;50.76;50.76;0.00;0.00;0.94;0.94;0.00;0.00;1;1
90091;Ankunft;182.67;191.67;177.07;14.60;8.25;9.63;9.63;0.00;0.00;1;1
90091;NachRezeption;256.90;136.03;102.85;33.18;32.26;9.21;9.21;-0.00;-0.00;0;1
90091;VorArzt;260.63;128.56;99.11;29.44;29.71;9.21;9.21;-0.00;-0.00;1;1
90091;NachArzt;308.59;51.16;51.16;0.00;0.00;1.34;1.34;-0.00;-0.00;1;1
90108;Ankunft;228.42;129.52;132.07;-2.55;-1.93;4.73;4.73;0.00;0.00;1;1
90108;NachRezeption;312.58;52.62;47.91;4.71;9.84;3.56;3.56;0.00;0.00;1;1
90108;VorArzt;312.77;52.44;47.72;4.71;9.87;3.56;3.56;0.00;0.00;1;1
90108;NachArzt;360.24;0.25;0.25;0.00;0.00;0.00;0.00;0.00;;1;1
90092;Ankunft;185.54;184.69;178.67;6.02;3.37;9.00;9.00;0.00;0.00;1;1
90092;NachRezeption;260.07;135.49;104.14;31.35;30.10;7.16;7.16;-0.00;-0.00;0;1
90092;VorArzt;260.89;127.19;103.32;23.87;23.10;7.16;7.16;-0.00;-0.00;1;1
90092;NachArzt;312.20;52.02;52.02;0.00;0.00;2.77;2.77;-0.00;-0.00;1;1
90133;Ankunft;364.31;214.73;0.00;214.73;;22.53;;;;0;0
90124;Ankunft;317.10;52.44;50.26;2.17;4.33;1.88;1.88;0.00;0.00;1;1
90124;NachRezeption;364.42;2.94;2.94;0.00;0.00;1.59;1.59;0.00;0.00;1;1
90124;VorArzt;364.74;2.62;2.62;0.00;0.00;1.59;1.59;0.00;0.00;1;1
90124;NachArzt;367.11;0.25;0.25;0.00;0.00;0.00;0.00;0.00;;1;1
90058;Ankunft;143.02;177.22;224.45;-47.23;-21.04;16.93;16.93;0.00;0.00;1;1
90058;NachRezeption;187.52;163.28;179.95;-16.67;-9.26;15.18;15.18;-0.00;-0.00;1;1
90058;VorSchwester;187.52;163.28;179.95;-16.67;-9.26;15.18;15.18;-0.00;-0.00;1;1
90058;NachSchwester;193.82;168.00;173.65;-5.65;-3.25;9.05;9.05;-0.00;-0.00;1;1
90058;VorArzt;267.27;91.17;100.20;-9.04;-9.02;9.05;9.05;-0.00;-0.00;1;1
90058;NachArzt;320.63;46.84;46.84;0.00;0.00;0.78;0.78;-0.00;-0.00;1;1
90088;Ankunft;180.20;187.17;189.79;-2.62;-1.38;17.52;17.52;0.00;0.00;1;1
90088;NachRezeption;251.04;128.93;118.95;9.98;8.39;10.18;10.18;0.00;0.00;1;1
90088;VorSchwester;251.04;128.93;118.95;9.98;8.39;10.18;10.18;0.00;0.00;1;1
90088;NachSchwester;254.82;128.05;115.17;12.88;11.18;6.57;6.57;0.00;0.00;1;1
90088;VorArzt;282.78;87.38;87.21;0.17;0.19;6.57;6.57;0.00;0.00;1;1
90088;NachArzt;324.84;45.15;45.15;0.00;0.00;2.52;2.52;0.00;0.00;1;1
90097;Ankunft;193.54;210.72;177.89;32.84;18.46;11.32;11.32;0.00;0.00;1;1
90097;NachRezeption;278.91;122.03;92.52;29.50;31.89;9.84;9.84;0.00;0.00;0;1
90097;VorArzt;279.89;120.06;91.54;28.52;31.16;9.84;9.84;0.00;0.00;0;1
90097;NachArzt;329.15;42.28;42.28;0.00;0.00;1.44;1.44;0.00;0.00;1;1
90102;Ankunft;200.99;220.14;170.69;49.45;28.97;10.27;10.27;0.00;0.00;1;1
90102;NachRezeption;293.60;111.80;78.07;33.72;43.20;6.68;6.68;0.00;0.00;0;1
90102;VorArzt;293.85;111.30;77.82;33.47;43.01;6.68;6.68;0.00;0.00;0;1
90102;NachArzt;335.75;35.93;35.93;0.00;0.00;0.24;0.24;0.00;0.00;1;1
90105;Ankunft;208.47;149.24;163.32;-14.08;-8.62;18.99;18.99;0.00;0.00;1;1
90105;NachRezeption;303.34;47.46;68.46;-21.00;-30.68;16.57;16.57;0.00;0.00;0;1
90105;VorSchwester;303.34;47.46;68.46;-21.00;-30.68;16.57;16.57;0.00;0.00;0;1
90105;NachSchwester;308.93;50.65;62.86;-12.21;-19.42;11.13;11.13;0.00;0.00;1;1
90105;VorArzt;328.22;31.86;43.57;-11.71;-26.87;11.13;11.13;0.00;0.00;1;1
90105;NachArzt;371.55;0.25;0.25;0.00;0.00;0.00;0.00;0.00;;1;1
90113;Ankunft;252.01;129.38;127.52;1.86;1.46;10.64;10.64;0.00;0.00;1;1
90113;NachRezeption;331.96;50.03;47.57;2.45;5.16;7.58;7.58;0.00;0.00;1;1
90113;VorArzt;333.20;48.79;46.34;2.45;5.30;7.58;7.58;0.00;0.00;1;1
90113;NachArzt;379.29;0.25;0.25;0.00;0.00;0.00;0.00;0.00;;1;1
90087;Ankunft;178.36;183.35;213.55;-30.21;-14.15;12.33;12.33;0.00;0.00;1;1
90087;NachRezeption;243.02;116.56;148.89;-32.32;-21.71;10.78;10.78;0.00;0.00;1;1
90087;VorSchwester;243.02;116.56;148.89;-32.32;-21.71;10.78;10.78;0.00;0.00;1;1
90087;NachSchwester;248.43;111.16;143.48;-32.32;-22.53;5.55;5.55;-0.00;-0.00;1;1
90087;VorArzt;353.62;8.85;38.29;-29.43;-76.87;5.55;5.55;-0.00;-0.00;0;1
90087;NachArzt;391.66;0.25;0.25;0.00;0.00;0.00;0.00;0.00;;1;1
90135;Ankunft;396.17;161.97;0.00;161.97;;17.22;;;;0;0
90095;Ankunft;191.50;224.36;207.83;16.54;7.96;59.30;59.30;0.00;0.00;1;1
90095;NachRezeption;276.74;153.86;122.59;31.27;25.51;47.56;47.56;0.00;0.00;1;1
90095;VorSchwester;276.74;153.86;122.59;31.27;25.51;47.56;47.56;0.00;0.00;1;1
90095;NachSchwester;282.08;149.94;117.25;32.69;27.88;42.38;42.38;0.00;0.00;1;1
90095;VorArzt;284.35;151.27;114.98;36.29;31.57;42.38;42.38;0.00;0.00;0;1
90095;NachArzt;339.74;59.59;59.59;0.00;0.00;27.65;27.65;0.00;0.00;1;1
90060;Ankunft;144.92;72.60;267.76;-195.16;-72.89;17.92;17.92;0.00;0.00;0;1
90060;NachRezeption;189.16;52.16;223.52;-171.36;-76.66;17.05;17.05;0.00;0.00;0;1
90060;VorArzt;191.45;52.17;221.23;-169.06;-76.42;17.05;17.05;0.00;0.00;0;1
90060;NachArzt;412.43;0.25;0.25;0.00;0.00;0.00;0.00;0.00;;1;1
90136;Ankunft;414.90;108.83;0.00;108.83;;5.26;;;;0;0
90110;Ankunft;239.75;210.04;180.96;29.07;16.07;14.61;14.61;0.00;0.00;1;1
90110;NachRezeption;314.92;108.56;105.79;2.77;2.62;13.82;13.82;0.00;0.00;1;1
90110;VorSchwester;314.92;108.56;105.79;2.77;2.62;13.82;13.82;0.00;0.00;1;1
90110;NachSchwester;320.00;99.39;100.71;-1.31;-1.30;8.90;8.90;0.00;0.00;1;1
90110;VorArzt;320.52;99.83;100.19;-0.35;-0.35;8.90;8.90;0.00;0.00;1;1
90110;NachArzt;365.36;55.35;55.35;0.00;0.00;0.78;0.78;-0.00;-0.00;1;1
90111;Ankunft;245.64;218.73;178.34;40.39;22.65;17.89;17.89;0.00;0.00;1;1
90111;NachRezeption;324.53;97.75;99.44;-1.70;-1.71;17.23;17.23;0.00;0.00;1;1
90111;VorSchwester;324.53;97.75;99.44;-1.70;-1.71;17.23;17.23;0.00;0.00;1;1
90111;NachSchwester;330.79;94.20;93.19;1.01;1.08;11.14;11.14;0.00;0.00;1;1
90111;VorArzt;331.10;93.56;92.87;0.69;0.74;11.14;11.14;0.00;0.00;1;1
90111;NachArzt;375.15;48.83;48.83;0.00;0.00;3.27;3.27;-0.00;-0.00;1;1
90074;Ankunft;164.55;93.48;259.71;-166.23;-64.01;26.72;26.72;0.00;0.00;0;1
90074;NachRezeption;221.19;69.94;203.07;-133.13;-65.56;23.61;23.61;-0.00;-0.00;0;1
90074;VorSchwester;221.19;69.94;203.07;-133.13;-65.56;23.61;23.61;-0.00;-0.00;0;1
90074;NachSchwester;233.56;78.83;190.70;-111.88;-58.66;11.41;11.41;-0.00;-0.00;0;1
90074;VorArzt;235.75;76.63;188.51;-111.88;-59.35;11.41;11.41;-0.00;-0.00;0;1
90074;NachArzt;424.01;0.25;0.25;0.00;0.00;0.00;0.00;0.00;;1;1
90115;Ankunft;254.03;210.50;171.71;38.79;22.59;8.35;8.35;0.00;0.00;1;1
90115;NachRezeption;333.94;92.78;91.80;0.98;1.07;8.16;8.16;-0.00;-0.00;1;1
90115;VorArzt;334.33;92.00;91.41;0.59;0.64;8.16;8.16;-0.00;-0.00;1;1
90115;NachArzt;382.64;43.11;43.11;0.00;0.00;0.84;0.84;-0.00;-0.00;1;1
90132;Ankunft;361.16;61.70;65.07;-3.37;-5.17;5.12;5.12;0.00;0.00;1;1
90132;NachRezeption;419.85;6.38;6.38;0.00;0.00;1.80;1.80;-0.00;-0.00;1;1
90132;VorArzt;420.61;5.62;5.62;0.00;0.00;1.80;1.80;-0.00;-0.00;1;1
90132;NachArzt;425.98;0.25;0.25;0.00;0.00;0.00;0.00;0.00;;1;1
90112;Ankunft;251.09;205.18;176.06;29.11;16.54;8.63;8.63;0.00;0.00;1;1
90112;NachRezeption;328.90;87.93;98.25;-10.32;-10.50;6.99;6.99;-0.00;-0.00;1;1
90112;VorArzt;349.88;92.93;77.27;15.65;20.26;6.99;6.99;-0.00;-0.00;1;1
90112;NachArzt;385.04;42.12;42.12;0.00;0.00;1.41;1.41;-0.00;-0.00;1;1
90119;Ankunft;282.22;187.38;145.49;41.88;28.79;4.24;4.24;0.00;0.00;1;1
90119;NachRezeption;351.25;102.11;76.47;25.64;33.52;3.70;3.70;0.00;0.00;0;1
90119;VorArzt;352.95;98.69;74.76;23.93;32.00;3.70;3.70;0.00;0.00;0;1
90119;NachArzt;385.95;41.77;41.77;0.00;0.00;0.56;0.56;-0.00;-0.00;1;1
90126;Ankunft;320.38;129.79;107.80;21.99;20.40;8.72;8.72;0.00;0.00;1;1
90126;NachRezeption;366.61;77.19;61.58;15.62;25.36;7.24;7.24;0.00;0.00;1;1
90126;VorSchwester;366.61;77.19;61.58;15.62;25.36;7.24;7.24;0.00;0.00;1;1
90126;NachSchwester;369.52;71.20;58.67;12.54;21.37;4.49;4.49;0.00;0.00;1;1
90126;VorArzt;384.13;47.35;44.05;3.29;7.48;4.49;4.49;0.00;0.00;1;1
90126;NachArzt;389.23;38.95;38.95;0.00;0.00;0.47;0.47;0.00;0.00;1;1
90122;Ankunft;309.33;157.58;119.78;37.81;31.56;7.43;7.43;0.00;0.00;0;1
90122;NachRezeption;360.35;87.63;68.75;18.88;27.46;6.74;6.74;0.00;0.00;1;1
90122;VorArzt;362.04;87.63;67.06;20.57;30.67;6.74;6.74;0.00;0.00;0;1
90122;NachArzt;395.22;33.88;33.88;0.00;0.00;0.92;0.92;0.00;0.00;1;1
90125;Ankunft;318.30;149.46;112.09;37.36;33.33;15.09;15.09;0.00;0.00;0;1
90125;NachRezeption;365.13;90.66;65.27;25.39;38.90;14.38;14.38;0.00;0.00;0;1
90125;VorSchwester;365.13;90.66;65.27;25.39;38.90;14.38;14.38;0.00;0.00;0;1
90125;NachSchwester;369.43;82.67;60.97;21.70;35.59;10.24;10.24;0.00;0.00;0;1
90125;VorArzt;377.38;72.04;53.02;19.02;35.88;10.24;10.24;0.00;0.00;0;1
90125;NachArzt;400.77;29.63;29.63;0.00;0.00;1.30;1.30;0.00;0.00;1;1
90067;Ankunft;156.76;119.44;274.61;-155.17;-56.51;12.88;12.88;0.00;0.00;0;1
90067;NachRezeption;208.63;151.71;222.73;-71.02;-31.89;11.43;11.43;0.00;0.00;0;1
90067;VorArzt;209.10;150.79;222.27;-71.48;-32.16;11.43;11.43;0.00;0.00;0;1
90067;NachArzt;411.40;19.97;19.97;0.00;0.00;0.97;0.97;-0.00;-0.00;1;1
90128;Ankunft;341.28;129.53;90.42;39.11;43.25;8.06;8.06;0.00;0.00;0;1
90128;NachRezeption;401.45;45.09;30.26;14.83;49.01;5.85;5.85;0.00;0.00;0;1
90128;VorArzt;403.77;40.44;27.94;12.51;44.77;5.85;5.85;0.00;0.00;0;1
90128;NachArzt;417.08;14.63;14.63;0.00;0.00;0.34;0.34;0.00;0.00;1;1
90129;Ankunft;341.92;105.92;90.71;15.21;16.77;21.32;21.32;0.00;0.00;1;1
90129;NachRezeption;416.53;14.14;16.10;-1.97;-12.21;6.24;6.24;-0.00;-0.00;1;1
90129;VorArzt;417.85;12.82;14.78;-1.97;-13.30;6.24;6.24;-0.00;-0.00;1;1
90129;NachArzt;432.38;0.25;0.25;0.00;0.00;0.00;0.00;0.00;;1;1
90083;Ankunft;175.78;168.05;259.61;-91.56;-35.27;19.96;;;;0;1
90083;NachRezeption;237.14;169.64;198.25;-28.61;-14.43;18.69;;;;1;1
90083;VorArzt;237.38;169.17;198.01;-28.85;-14.57;18.69;;;;1;1
90094;Ankunft;188.23;118.93;259.43;-140.50;-54.16;14.99;14.99;0.00;0.00;0;1
90094;NachRezeption;262.31;98.97;185.35;-86.38;-46.60;14.86;14.86;0.00;0.00;0;1
90094;VorArzt;264.34;97.11;183.33;-86.21;-47.03;14.86;14.86;0.00;0.00;0;1
90094;NachArzt;447.41;0.25;0.25;0.00;0.00;0.00;0.00;0.00;;1;1
90053;Ankunft;137.01;207.60;312.97;-105.37;-33.67;15.32;15.32;0.00;0.00;0;1
90053;NachRezeption;176.32;190.70;273.66;-82.96;-30.32;14.42;14.42;0.00;0.00;0;1
90053;VorArzt;291.36;117.81;158.62;-40.81;-25.73;14.42;14.42;0.00;0.00;1;1
90053;NachArzt;448.64;1.34;1.34;0.00;0.00;1.09;1.09;0.00;0.00;1;1
90104;Ankunft;206.96;144.26;253.33;-109.07;-43.06;22.09;22.09;0.00;0.00;0;1
90104;NachRezeption;298.69;93.92;161.60;-67.68;-41.88;21.54;21.54;0.00;0.00;0;1
90104;VorSchwester;298.69;93.92;161.60;-67.68;-41.88;21.54;21.54;0.00;0.00;0;1
90104;NachSchwester;307.93;105.63;152.36;-46.72;-30.67;12.46;12.46;0.00;0.00;0;1
90104;VorArzt;308.70;107.04;151.59;-44.55;-29.39;12.46;12.46;0.00;0.00;1;1
90104;NachArzt;460.04;0.25;0.25;0.00;0.00;0.00;0.00;0.00;;1;1
90123;Ankunft;310.53;150.13;156.33;-6.20;-3.97;7.41;7.41;0.00;0.00;1;1
90123;NachRezeption;361.36;99.26;105.50;-6.23;-5.91;6.40;6.40;0.00;0.00;1;1
90123;VorArzt;449.09;17.77;17.77;0.00;0.00;6.40;6.40;0.00;0.00;1;1
90123;NachArzt;466.61;0.25;0.25;0.00;0.00;0.00;0.00;0.00;;1;1
90100;Ankunft;197.52;225.40;270.66;-45.26;-16.72;33.55;33.55;0.00;0.00;1;1
90100;NachRezeption;286.77;181.76;181.41;0.35;0.19;31.53;31.53;0.00;0.00;1;1
90100;VorSchwester;286.77;181.76;181.41;0.35;0.19;31.53;31.53;0.00;0.00;1;1
90100;NachSchwester;299.34;157.80;168.84;-11.04;-6.54;19.12;19.12;0.00;0.00;1;1
90100;VorArzt;308.83;152.89;159.34;-6.46;-4.05;19.12;19.12;0.00;0.00;1;1
90100;NachArzt;465.61;2.57;2.57;0.00;0.00;2.32;2.32;0.00;0.00;1;1
90134;Ankunft;376.75;100.41;96.82;3.60;3.72;14.77;14.77;0.00;0.00;1;1
90134;NachRezeption;424.82;48.58;48.74;-0.17;-0.34;13.84;13.84;0.00;0.00;1;1
90134;VorSchwester;424.82;48.58;48.74;-0.17;-0.34;13.84;13.84;0.00;0.00;1;1
90134;NachSchwester;431.29;41.94;42.27;-0.33;-0.79;7.54;7.54;0.00;0.00;1;1
90134;VorArzt;461.49;12.07;12.07;0.00;0.00;7.54;7.54;0.00;0.00;1;1
90134;NachArzt;473.31;0.25;0.25;0.00;0.00;0.00;0.00;0.00;;1;1
90114;Ankunft;252.74;172.71;228.38;-55.66;-24.37;15.88;;;;1;1
90114;NachRezeption;333.75;111.52;147.36;-35.84;-24.32;14.09;;;;1;1
90114;VorArzt;335.54;116.22;145.58;-29.35;-20.16;14.09;;;;1;1
90114;NachArzt;480.87;0.25;0.25;0.00;0.00;0.00;;;;1;0
