Prognosemodell-Auswertung
==================================================
Prognoseprüfungen gesamt: 5.280
Richtig (±20 %): 810
Trefferquote: 15,34 %
Prognose-Abbrüche: 4

Trefferquote je Phase
--------------------------------------------------
Ankunft: 85/1050 (8,10 %)
NachArzt: 463/1044 (44,35 %)
NachRezeption: 90/1050 (8,57 %)
NachSchwester: 43/543 (7,92 %)
VorArzt: 76/1050 (7,24 %)
VorSchwester: 53/543 (9,76 %)


Details
PatientId;Phase;ZeitpunktMin;PrognoseRestMin;IstRestMin;Korrekt;PrognoseFertigBisSchichtende
1;Ankunft;0.00;24.31;24.73;1;1
1;NachRezeption;3.28;19.05;21.45;1;1
1;VorSchwester;3.28;19.05;21.45;1;1
1;NachSchwester;5.53;14.28;19.20;0;1
1;VorArzt;6.54;8.22;18.18;0;1
1;NachArzt;10.23;2.25;14.50;0;1
2;Ankunft;7.85;18.82;19.56;1;1
2;NachRezeption;11.01;19.05;16.40;1;1
2;VorSchwester;11.01;19.05;16.40;1;1
2;NachSchwester;19.14;14.28;8.27;0;1
2;VorArzt;20.15;8.22;7.26;1;1
2;NachArzt;23.43;2.25;3.97;0;1
3;Ankunft;9.71;18.82;19.32;1;1
3;NachRezeption;20.94;14.28;8.08;0;1
3;VorArzt;22.17;8.22;6.85;1;1
3;NachArzt;28.77;0.25;0.25;1;1
5;Ankunft;27.39;18.82;21.00;1;1
5;NachRezeption;32.10;19.05;16.29;1;1
5;VorSchwester;32.10;19.05;16.29;1;1
5;NachSchwester;37.67;14.28;10.72;0;1
5;VorArzt;39.21;8.22;9.18;1;1
5;NachArzt;48.14;0.25;0.25;1;1
4;Ankunft;19.54;18.82;31.48;0;1
4;NachRezeption;24.97;19.05;26.05;0;1
4;VorSchwester;24.97;19.05;26.05;0;1
4;NachSchwester;31.80;14.28;19.22;0;1
4;VorArzt;32.09;8.22;18.93;0;1
4;NachArzt;50.77;0.25;0.25;1;1
8;Ankunft;44.19;18.82;7.40;0;1
8;NachRezeption;46.03;14.28;5.56;0;1
8;VorArzt;46.98;8.22;4.61;0;1
8;NachArzt;51.34;0.25;0.25;1;1
7;Ankunft;42.92;24.31;16.09;0;1
7;NachRezeption;43.37;19.05;15.64;0;1
7;VorSchwester;43.37;19.05;15.64;0;1
7;NachSchwester;46.37;14.28;12.64;1;1
7;VorArzt;48.29;8.22;10.72;0;1
7;NachArzt;58.46;2.25;0.54;0;1
9;Ankunft;45.90;24.31;17.50;0;1
9;NachRezeption;47.83;19.05;15.57;0;1
9;VorSchwester;47.83;19.05;15.57;0;1
9;NachSchwester;53.39;14.28;10.02;0;1
9;VorArzt;56.78;8.22;6.62;0;1
9;NachArzt;63.15;0.25;0.25;1;1
6;Ankunft;40.02;18.82;31.02;0;1
6;NachRezeption;40.69;19.05;30.35;0;1
6;VorSchwester;40.69;19.05;30.35;0;1
6;NachSchwester;50.43;14.28;20.61;0;1
6;VorArzt;51.05;8.22;19.99;0;1
6;NachArzt;70.79;0.25;0.25;1;1
12;Ankunft;73.37;18.82;7.09;0;1
12;NachRezeption;74.20;14.28;6.26;0;1
12;VorArzt;74.41;8.22;6.06;0;1
12;NachArzt;80.21;0.25;0.25;1;1
11;Ankunft;70.73;18.82;14.69;0;1
11;NachRezeption;73.39;19.05;12.02;0;1
11;VorSchwester;73.39;19.05;12.02;0;1
11;NachSchwester;77.47;14.28;7.94;0;1
11;VorArzt;78.90;8.22;6.51;0;1
11;NachArzt;85.16;0.25;0.25;1;1
14;Ankunft;79.13;18.82;16.82;1;1
14;NachRezeption;79.83;14.28;16.12;1;1
14;VorArzt;81.55;8.22;14.40;0;1
14;NachArzt;95.70;0.25;0.25;1;1
10;Ankunft;70.72;18.82;27.10;0;1
10;NachRezeption;71.96;14.28;25.85;0;1
10;VorArzt;79.10;8.22;18.72;0;1
10;NachArzt;92.77;2.25;5.04;0;1
15;Ankunft;82.55;18.82;17.99;1;1
15;NachRezeption;83.03;19.05;17.51;1;1
15;VorSchwester;83.03;19.05;17.51;1;1
15;NachSchwester;88.68;14.28;11.86;0;1
15;VorArzt;89.26;8.22;11.28;0;1
15;NachArzt;100.29;0.25;0.25;1;1
13;Ankunft;77.93;18.82;26.19;0;1
13;NachRezeption;78.75;14.28;25.36;0;1
13;VorArzt;79.19;8.22;24.92;0;1
13;NachArzt;96.64;2.25;7.48;0;1
16;Ankunft;89.18;18.82;22.16;1;1
16;NachRezeption;89.64;14.28;21.70;0;1
16;VorArzt;94.21;8.22;17.12;0;1
16;NachArzt;111.09;0.25;0.25;1;1
20;Ankunft;106.19;18.82;9.41;0;1
20;NachRezeption;108.52;14.28;7.08;0;1
20;VorArzt;113.77;8.22;1.83;0;1
20;NachArzt;115.35;0.25;0.25;1;1
22;Ankunft;110.48;18.82;5.95;0;1
22;NachRezeption;111.26;14.28;5.16;0;1
22;VorArzt;112.56;8.22;3.86;0;1
22;NachArzt;116.18;0.25;0.25;1;1
18;Ankunft;104.85;18.82;15.27;0;1
18;NachRezeption;106.73;19.05;13.39;0;1
18;VorSchwester;106.73;19.05;13.39;0;1
18;NachSchwester;108.23;14.28;11.89;0;1
18;VorArzt;114.65;8.22;5.47;0;1
18;NachArzt;118.00;2.25;2.12;1;1
19;Ankunft;105.57;18.82;17.44;1;1
19;NachRezeption;107.59;19.05;15.42;0;1
19;VorSchwester;107.59;19.05;15.42;0;1
19;NachSchwester;113.74;14.28;9.27;0;1
19;VorArzt;114.36;8.22;8.65;1;1
19;NachArzt;122.76;0.25;0.25;1;1
23;Ankunft;112.22;18.82;22.27;1;1
23;NachRezeption;113.72;14.28;20.76;0;1
23;VorArzt;115.44;8.22;19.04;0;1
23;NachArzt;131.22;2.25;3.27;0;1
27;Ankunft;116.93;18.82;18.81;1;1
27;NachRezeption;119.72;19.05;16.02;1;1
27;VorSchwester;119.72;19.05;16.02;1;1
27;NachSchwester;122.78;14.28;12.96;1;1
27;VorArzt;123.91;8.22;11.83;0;1
27;NachArzt;135.49;0.25;0.25;1;1
29;Ankunft;119.67;18.82;21.21;1;1
29;NachRezeption;122.77;14.28;18.12;0;1
29;VorArzt;127.27;8.22;13.61;0;1
29;NachArzt;140.64;0.25;0.25;1;1
17;Ankunft;94.41;18.82;46.71;0;1
17;NachRezeption;99.32;19.05;41.80;0;1
17;VorSchwester;99.32;19.05;41.80;0;1
17;NachSchwester;116.18;14.28;24.93;0;1
17;VorArzt;120.24;8.22;20.88;0;1
17;NachArzt;140.14;2.25;0.97;0;1
31;Ankunft;121.27;18.82;25.36;0;1
31;NachRezeption;125.90;14.28;20.72;0;1
31;VorArzt;127.63;8.22;18.99;0;1
31;NachArzt;146.37;0.25;0.25;1;1
33;Ankunft;124.53;24.31;27.36;1;1
33;NachRezeption;129.99;19.05;21.90;1;1
33;VorSchwester;129.99;19.05;21.90;1;1
33;NachSchwester;134.13;14.28;17.76;1;1
33;VorArzt;136.23;8.22;15.67;0;1
33;NachArzt;151.64;0.25;0.25;1;1
37;Ankunft;128.50;18.82;27.01;0;1
37;NachRezeption;134.13;20.42;21.38;1;1
37;VorSchwester;134.13;19.05;21.38;1;1
37;NachSchwester;139.90;14.28;15.62;1;1
37;VorArzt;140.39;8.22;15.12;0;1
37;NachArzt;155.26;0.25;0.25;1;1
40;Ankunft;138.18;24.31;26.00;1;1
40;NachRezeption;140.31;19.05;23.87;0;1
40;VorSchwester;140.31;19.05;23.87;0;1
40;NachSchwester;142.34;14.28;21.84;0;1
40;VorArzt;153.00;8.22;11.18;0;1
40;NachArzt;163.93;0.25;0.25;1;1
26;Ankunft;116.78;18.82;49.90;0;1
26;NachRezeption;119.18;14.28;47.50;0;1
26;VorArzt;120.30;8.22;46.38;0;1
26;NachArzt;158.43;2.25;8.25;0;1
38;Ankunft;132.30;24.31;36.38;0;1
38;NachRezeption;137.03;19.05;31.65;0;1
38;VorSchwester;137.03;19.05;31.65;0;1
38;NachSchwester;141.85;14.28;26.84;0;1
38;VorArzt;142.48;8.22;26.20;0;1
38;NachArzt;161.11;2.25;7.57;0;1
24;Ankunft;114.47;18.82;58.77;0;1
24;NachRezeption;117.21;19.05;56.03;0;1
24;VorSchwester;117.21;19.05;56.03;0;1
24;NachSchwester;118.84;14.28;54.40;0;1
24;VorArzt;120.55;8.22;52.68;0;1
24;NachArzt;163.10;2.25;10.14;0;1
28;Ankunft;118.35;18.82;55.37;0;1
28;NachRezeption;122.55;14.28;51.17;0;1
28;VorArzt;124.28;8.22;49.44;0;1
28;NachArzt;173.47;0.25;0.25;1;1
25;Ankunft;115.78;18.82;67.81;0;1
25;NachRezeption;117.88;14.28;65.72;0;1
25;VorArzt;124.22;8.22;59.38;0;1
25;NachArzt;171.49;2.25;12.10;0;1
30;Ankunft;120.57;24.31;68.29;0;1
30;NachRezeption;123.91;19.05;64.96;0;1
30;VorSchwester;123.91;19.05;64.96;0;1
30;NachSchwester;129.32;14.28;59.55;0;1
30;VorArzt;132.99;8.22;55.88;0;1
30;NachArzt;188.62;0.25;0.25;1;1
45;Ankunft;155.82;18.82;33.16;0;1
45;NachRezeption;160.73;14.28;28.26;0;1
45;VorArzt;161.20;8.22;27.79;0;1
45;NachArzt;174.02;2.25;14.96;0;1
32;Ankunft;123.76;18.82;65.93;0;1
32;NachRezeption;128.44;14.28;61.25;0;1
32;VorArzt;129.00;8.22;60.69;0;1
32;NachArzt;179.39;2.25;10.30;0;1
42;Ankunft;153.75;18.82;38.71;0;1
42;NachRezeption;155.03;19.05;37.43;0;1
42;VorSchwester;155.03;19.05;37.43;0;1
42;NachSchwester;160.21;14.28;32.25;0;1
42;VorArzt;161.97;8.22;30.49;0;1
42;NachArzt;179.93;2.25;12.53;0;1
34;Ankunft;124.90;18.82;70.40;0;1
34;NachRezeption;130.92;19.05;64.38;0;1
34;VorSchwester;130.92;19.05;64.38;0;1
34;NachSchwester;135.48;14.28;59.82;0;1
34;VorArzt;136.24;8.22;59.06;0;1
34;NachArzt;195.05;0.25;0.25;1;1
53;Ankunft;170.42;18.82;25.60;0;1
53;NachRezeption;182.51;14.28;13.51;1;1
53;VorArzt;183.21;8.22;12.81;0;1
53;NachArzt;195.77;0.25;0.25;1;1
35;Ankunft;125.24;18.82;74.37;0;1
35;NachRezeption;131.54;14.28;68.06;0;1
35;VorArzt;132.39;8.22;67.21;0;1
35;NachArzt;182.71;2.25;16.89;0;1
50;Ankunft;166.90;18.82;37.13;0;1
50;NachRezeption;175.66;14.28;28.37;0;1
50;VorArzt;181.45;8.22;22.57;0;1
50;NachArzt;186.98;2.25;17.04;0;1
52;Ankunft;168.45;18.82;37.88;0;1
52;NachRezeption;180.80;14.28;25.52;0;1
52;VorArzt;181.58;8.22;24.75;0;1
52;NachArzt;191.66;2.25;14.67;0;1
58;Ankunft;181.62;18.82;28.00;0;1
58;NachRezeption;195.13;19.05;14.49;0;1
58;VorSchwester;195.13;19.05;14.49;0;1
58;NachSchwester;199.00;14.28;10.62;0;1
58;VorArzt;199.32;8.22;10.30;0;1
58;NachArzt;209.37;0.25;0.25;1;1
61;Ankunft;185.04;18.82;41.83;0;1
61;NachRezeption;200.13;14.28;26.74;0;1
61;VorArzt;204.74;8.22;22.13;0;1
61;NachArzt;226.62;0.25;0.25;1;1
49;Ankunft;163.55;18.82;70.35;0;1
49;NachRezeption;174.40;19.05;59.50;0;1
49;VorSchwester;174.40;19.05;59.50;0;1
49;NachSchwester;183.39;14.28;50.51;0;1
49;VorArzt;183.96;8.22;49.94;0;1
49;NachArzt;200.95;2.25;32.95;0;1
36;Ankunft;127.15;18.82;109.13;0;1
36;NachRezeption;133.10;19.05;103.18;0;1
36;VorSchwester;133.10;19.05;103.18;0;1
36;NachSchwester;138.13;14.28;98.15;0;1
36;VorArzt;139.12;8.22;97.16;0;1
36;NachArzt;202.81;2.25;33.47;0;1
55;Ankunft;179.98;18.82;60.58;0;1
55;NachRezeption;190.22;19.05;50.35;0;1
55;VorSchwester;190.22;19.05;50.35;0;1
55;NachSchwester;195.00;14.28;45.57;0;1
55;VorArzt;196.69;8.22;43.88;0;1
55;NachArzt;207.63;2.25;32.93;0;1
39;Ankunft;137.81;18.82;105.50;0;1
39;NachRezeption;138.41;14.28;104.90;0;1
39;VorArzt;139.29;8.22;104.02;0;1
39;NachArzt;208.12;2.25;35.19;0;1
21;Ankunft;108.06;24.31;145.85;0;1
21;NachRezeption;109.37;19.05;144.53;0;1
21;VorSchwester;109.37;19.05;144.53;0;1
21;NachSchwester;113.13;14.28;140.78;0;1
21;VorArzt;146.62;8.22;107.29;0;1
21;NachArzt;214.11;2.25;39.80;0;1
47;Ankunft;159.26;18.82;95.54;0;1
47;NachRezeption;167.00;19.05;87.81;0;1
47;VorSchwester;167.00;19.05;87.81;0;1
47;NachSchwester;171.39;14.28;83.41;0;1
47;VorArzt;176.80;8.22;78.00;0;1
47;NachArzt;234.79;2.25;20.02;0;1
57;Ankunft;180.68;18.82;74.88;0;1
57;NachRezeption;194.59;19.05;60.97;0;1
57;VorSchwester;194.59;19.05;60.97;0;1
57;NachSchwester;200.48;14.28;55.08;0;1
57;VorArzt;203.52;8.22;52.04;0;1
57;NachArzt;215.62;2.25;39.94;0;1
41;Ankunft;151.95;18.82;105.34;0;1
41;NachRezeption;153.58;14.28;103.71;0;1
41;VorArzt;154.09;8.22;103.20;0;1
41;NachArzt;217.81;2.25;39.48;0;1
43;Ankunft;154.36;18.82;103.32;0;1
43;NachRezeption;156.07;19.05;101.61;0;1
43;VorSchwester;156.07;19.05;101.61;0;1
43;NachSchwester;159.69;14.28;97.99;0;1
43;VorArzt;160.87;8.22;96.80;0;1
43;NachArzt;218.92;2.25;38.75;0;1
48;Ankunft;163.06;24.31;95.69;0;1
48;NachRezeption;170.04;19.05;88.71;0;1
48;VorSchwester;170.04;19.05;88.71;0;1
48;NachSchwester;173.88;14.28;84.87;0;1
48;VorArzt;203.88;8.22;54.87;0;1
48;NachArzt;219.15;2.25;39.60;0;1
75;Ankunft;209.57;18.82;51.13;0;1
75;NachRezeption;247.83;19.05;12.87;0;1
75;VorSchwester;247.83;19.05;12.87;0;1
75;NachSchwester;250.13;14.28;10.57;0;1
75;VorArzt;251.05;8.22;9.65;1;1
75;NachArzt;260.45;0.25;0.25;1;1
78;Ankunft;220.46;18.82;50.03;0;1
78;NachRezeption;261.70;19.05;8.80;0;1
78;VorSchwester;261.70;19.05;8.80;0;1
78;NachSchwester;263.85;14.28;6.64;0;1
78;VorArzt;267.72;8.22;2.77;0;1
78;NachArzt;270.25;0.25;0.25;1;1
44;Ankunft;155.81;18.82;117.03;0;1
44;NachRezeption;160.06;14.28;112.77;0;1
44;VorArzt;161.98;8.22;110.86;0;1
44;NachArzt;226.43;2.25;46.41;0;1
46;Ankunft;158.08;24.31;116.05;0;1
46;NachRezeption;163.62;19.05;110.52;0;1
46;VorSchwester;163.62;19.05;110.52;0;1
46;NachSchwester;168.37;14.28;105.77;0;1
46;VorArzt;208.36;8.22;65.78;0;1
46;NachArzt;232.12;2.25;42.02;0;1
63;Ankunft;189.42;18.82;86.52;0;1
63;NachRezeption;205.23;19.05;70.70;0;1
63;VorSchwester;205.23;19.05;70.70;0;1
63;NachSchwester;206.61;14.28;69.32;0;1
63;VorArzt;207.50;8.22;68.43;0;1
63;NachArzt;275.68;0.25;0.25;1;1
51;Ankunft;167.28;18.82;111.14;0;1
51;NachRezeption;179.70;19.05;98.72;0;1
51;VorSchwester;179.70;19.05;98.72;0;1
51;NachSchwester;186.34;14.28;92.08;0;1
51;VorArzt;187.12;8.22;91.30;0;1
51;NachArzt;240.50;2.25;37.92;0;1
69;Ankunft;197.89;18.82;84.26;0;1
69;NachRezeption;226.81;19.05;55.34;0;1
69;VorSchwester;226.81;19.05;55.34;0;1
69;NachSchwester;231.53;14.28;50.61;0;1
69;VorArzt;234.10;8.22;48.05;0;1
69;NachArzt;245.68;2.25;36.47;0;1
54;Ankunft;172.25;24.31;110.80;0;1
54;NachRezeption;188.44;14.28;94.61;0;1
54;VorArzt;189.71;8.22;93.33;0;1
54;NachArzt;247.45;2.25;35.59;0;1
67;Ankunft;192.98;24.31;90.66;0;1
67;NachRezeption;222.54;14.28;61.10;0;1
67;VorArzt;244.81;8.22;38.83;0;1
67;NachArzt;250.67;2.25;32.97;0;1
56;Ankunft;180.65;24.31;104.10;0;1
56;NachRezeption;192.86;19.05;91.89;0;1
56;VorSchwester;192.86;19.05;91.89;0;1
56;NachSchwester;198.09;14.28;86.66;0;1
56;VorArzt;200.82;8.22;83.93;0;1
56;NachArzt;252.43;2.25;32.32;0;1
82;Ankunft;234.80;18.82;51.80;0;1
82;NachRezeption;274.49;19.05;12.12;0;1
82;VorSchwester;274.49;19.05;12.12;0;1
82;NachSchwester;276.43;14.28;10.18;0;1
82;VorArzt;279.70;8.22;6.90;1;1
82;NachArzt;286.36;0.25;0.25;1;1
71;Ankunft;203.11;24.31;84.17;0;1
71;NachRezeption;237.23;19.05;50.05;0;1
71;VorSchwester;237.23;19.05;50.05;0;1
71;NachSchwester;242.85;14.28;44.43;0;1
71;VorArzt;245.64;8.22;41.65;0;1
71;NachArzt;259.12;2.25;28.17;0;1
77;Ankunft;212.67;24.31;80.64;0;1
77;NachRezeption;253.24;14.28;40.07;0;1
77;VorArzt;281.28;8.22;12.04;0;1
77;NachArzt;293.06;0.25;0.25;1;1
74;Ankunft;209.13;18.82;90.13;0;1
74;NachRezeption;246.30;14.28;52.97;0;1
74;VorArzt;255.97;8.22;43.29;0;1
74;NachArzt;266.75;2.25;32.51;0;1
62;Ankunft;187.03;18.82;112.46;0;1
62;NachRezeption;203.01;14.28;96.48;0;1
62;VorArzt;204.36;8.22;95.13;0;1
62;NachArzt;267.94;2.25;31.55;0;1
59;Ankunft;182.03;18.82;118.51;0;1
59;NachRezeption;199.25;20.42;101.28;0;1
59;VorSchwester;199.25;19.05;101.28;0;1
59;NachSchwester;200.97;14.28;99.57;0;1
59;VorArzt;206.57;8.22;93.97;0;1
59;NachArzt;269.74;2.25;30.79;0;1
89;Ankunft;261.47;18.82;39.14;0;1
89;NachRezeption;291.76;14.28;8.84;0;1
89;VorArzt;292.00;8.22;8.60;1;1
89;NachArzt;300.35;0.25;0.25;1;1
80;Ankunft;226.03;18.82;82.44;0;1
80;NachRezeption;270.04;14.28;38.44;0;1
80;VorArzt;271.00;8.22;37.48;0;1
80;NachArzt;276.04;2.25;32.43;0;1
93;Ankunft;274.29;24.31;34.47;0;1
93;NachRezeption;303.01;14.28;5.75;0;1
93;VorArzt;306.02;8.22;2.74;0;1
93;NachArzt;308.51;0.25;0.25;1;1
72;Ankunft;204.15;18.82;104.90;0;1
72;NachRezeption;239.54;19.05;69.51;0;1
72;VorSchwester;239.54;19.05;69.51;0;1
72;NachSchwester;241.37;14.28;67.68;0;1
72;VorArzt;244.68;8.22;64.37;0;1
72;NachArzt;308.80;0.25;0.25;1;1
64;Ankunft;189.83;18.82;120.25;0;1
64;NachRezeption;205.72;19.05;104.36;0;1
64;VorSchwester;205.72;19.05;104.36;0;1
64;NachSchwester;210.32;14.28;99.76;0;1
64;VorArzt;211.91;8.22;98.17;0;1
64;NachArzt;280.54;2.25;29.54;0;1
84;Ankunft;238.12;18.82;73.39;0;1
84;NachRezeption;277.67;14.28;33.84;0;1
84;VorArzt;279.00;8.22;32.51;0;1
84;NachArzt;281.22;2.25;30.29;0;1
70;Ankunft;202.92;24.31;117.12;0;1
70;NachRezeption;236.73;19.05;83.31;0;1
70;VorSchwester;236.73;19.05;83.31;0;1
70;NachSchwester;238.74;14.28;81.31;0;1
70;VorArzt;248.75;8.22;71.29;0;1
70;NachArzt;319.79;0.25;0.25;1;1
60;Ankunft;182.07;24.31;144.80;0;1
60;NachRezeption;200.17;24.22;126.70;0;1
60;VorSchwester;200.17;19.05;126.70;0;1
60;NachSchwester;209.31;14.28;117.56;0;1
60;VorArzt;213.34;8.22;113.52;0;1
60;NachArzt;293.74;2.25;33.13;0;1
88;Ankunft;261.00;18.82;73.90;0;1
88;NachRezeption;287.47;14.28;47.43;0;1
88;VorArzt;291.15;8.22;43.76;0;1
88;NachArzt;298.13;2.25;36.78;0;1
76;Ankunft;210.41;24.31;125.22;0;1
76;NachRezeption;249.78;14.28;85.84;0;1
76;VorArzt;257.70;8.22;77.92;0;1
76;NachArzt;335.38;0.25;0.25;1;1
66;Ankunft;192.13;18.82;145.58;0;1
66;NachRezeption;220.80;14.28;116.91;0;1
66;VorArzt;222.63;8.22;115.08;0;1
66;NachArzt;298.86;2.25;38.85;0;1
65;Ankunft;192.11;24.31;148.91;0;1
65;NachRezeption;219.81;19.05;121.21;0;1
65;VorSchwester;219.81;19.05;121.21;0;1
65;NachSchwester;224.48;14.28;116.54;0;1
65;VorArzt;225.10;8.22;115.92;0;1
65;NachArzt;302.21;2.25;38.81;0;1
92;Ankunft;270.72;18.82;73.05;0;1
92;NachRezeption;302.31;14.28;41.47;0;1
92;VorArzt;302.69;8.22;41.08;0;1
92;NachArzt;304.16;2.25;39.61;0;1
68;Ankunft;195.99;24.31;148.55;0;1
68;NachRezeption;224.37;19.05;120.16;0;1
68;VorSchwester;224.37;19.05;120.16;0;1
68;NachSchwester;232.87;14.28;111.67;0;1
68;VorArzt;245.76;8.22;98.77;0;1
68;NachArzt;316.17;2.25;28.36;0;1
79;Ankunft;224.49;18.82;121.63;0;1
79;NachRezeption;268.67;19.05;77.45;0;1
79;VorSchwester;268.67;19.05;77.45;0;1
79;NachSchwester;273.04;14.28;73.08;0;1
79;VorArzt;279.36;8.22;66.76;0;1
79;NachArzt;345.87;0.25;0.25;1;1
94;Ankunft;276.02;18.82;70.31;0;1
94;NachRezeption;305.96;14.28;40.37;0;1
94;VorArzt;312.26;8.22;34.07;0;1
94;NachArzt;327.91;2.25;18.41;0;1
83;Ankunft;237.83;24.31;110.84;0;1
83;NachRezeption;276.48;19.05;72.19;0;1
83;VorSchwester;276.48;19.05;72.19;0;1
83;NachSchwester;286.31;14.28;62.36;0;1
83;VorArzt;316.29;8.22;32.38;0;1
83;NachArzt;348.42;0.25;0.25;1;1
73;Ankunft;208.72;24.31;142.86;0;1
73;NachRezeption;244.55;19.05;107.03;0;1
73;VorSchwester;244.55;19.05;107.03;0;1
73;NachSchwester;246.12;14.28;105.46;0;1
73;VorArzt;274.30;8.22;77.28;0;1
73;NachArzt;340.09;2.25;11.49;0;1
85;Ankunft;242.05;18.82;110.49;0;1
85;NachRezeption;278.66;14.28;73.88;0;1
85;VorArzt;279.31;8.22;73.23;0;1
85;NachArzt;341.33;2.25;11.20;0;1
87;Ankunft;256.58;18.82;98.54;0;1
87;NachRezeption;286.10;19.05;69.02;0;1
87;VorSchwester;286.10;19.05;69.02;0;1
87;NachSchwester;289.59;14.28;65.53;0;1
87;VorArzt;290.08;8.22;65.04;0;1
87;NachArzt;353.16;2.25;1.96;1;1
90;Ankunft;262.26;24.31;96.24;0;1
90;NachRezeption;292.19;19.05;66.31;0;1
90;VorSchwester;292.19;19.05;66.31;0;1
90;NachSchwester;298.49;14.28;60.01;0;1
90;VorArzt;321.93;8.22;36.57;0;1
90;NachArzt;354.91;2.25;3.59;0;1
86;Ankunft;245.52;24.31;114.35;0;1
86;NachRezeption;280.79;19.05;79.09;0;1
86;VorSchwester;280.79;19.05;79.09;0;1
86;NachSchwester;285.16;14.28;74.72;0;1
86;VorArzt;293.59;8.22;66.29;0;1
86;NachArzt;359.08;2.25;0.79;0;1
91;Ankunft;263.91;18.82;104.40;0;1
91;NachRezeption;292.84;14.28;75.47;0;1
91;VorArzt;296.01;8.22;72.30;0;1
91;NachArzt;368.06;0.25;0.25;1;1
102;Ankunft;322.83;18.82;47.52;0;1
102;NachRezeption;345.94;14.28;24.40;0;1
102;VorArzt;346.87;8.22;23.48;0;1
102;NachArzt;370.10;0.25;0.25;1;1
81;Ankunft;231.59;24.31;148.20;0;1
81;NachRezeption;273.48;19.05;106.31;0;1
81;VorSchwester;273.48;19.05;106.31;0;1
81;NachSchwester;277.90;14.28;101.89;0;1
81;VorArzt;298.41;8.22;81.37;0;1
81;NachArzt;374.13;2.25;5.66;0;1
104;Ankunft;336.87;24.31;44.80;0;1
104;NachRezeption;350.24;14.28;31.43;0;1
104;VorArzt;363.43;8.22;18.24;0;1
104;NachArzt;378.37;2.25;3.31;0;1
96;Ankunft;286.53;18.82;96.76;0;1
96;NachRezeption;312.85;19.05;70.44;0;1
96;VorSchwester;312.85;19.05;70.44;0;1
96;NachSchwester;320.61;14.28;62.68;0;1
96;VorArzt;321.97;8.22;61.32;0;1
96;NachArzt;379.89;2.25;3.40;0;1
98;Ankunft;292.87;18.82;95.99;0;1
98;NachRezeption;321.82;14.28;67.04;0;1
98;VorArzt;324.77;8.22;64.09;0;1
98;NachArzt;384.14;2.25;4.71;0;1
101;Ankunft;298.95;24.31;91.03;0;1
101;NachRezeption;338.94;19.05;51.04;0;1
101;VorSchwester;338.94;19.05;51.04;0;1
101;NachSchwester;341.64;14.28;48.34;0;1
101;VorArzt;372.70;8.22;17.28;0;1
101;NachArzt;386.93;2.25;3.05;0;1
99;Ankunft;295.33;18.82;96.72;0;1
99;NachRezeption;331.34;14.28;60.70;0;1
99;VorArzt;331.54;8.22;60.50;0;1
99;NachArzt;389.73;2.25;2.32;1;1
97;Ankunft;292.57;18.82;100.48;0;1
97;NachRezeption;320.33;19.05;72.73;0;1
97;VorSchwester;320.33;19.05;72.73;0;1
97;NachSchwester;324.27;14.28;68.79;0;1
97;VorArzt;332.50;8.22;60.56;0;1
97;NachArzt;392.80;0.25;0.25;1;1
100;Ankunft;297.08;24.31;99.93;0;1
100;NachRezeption;332.88;19.05;64.13;0;1
100;VorSchwester;332.88;19.05;64.13;0;1
100;NachSchwester;334.36;14.28;62.65;0;1
100;VorArzt;344.14;8.22;52.88;0;1
100;NachArzt;396.76;0.25;0.25;1;1
103;Ankunft;335.42;24.31;63.67;0;1
103;NachRezeption;346.93;19.05;52.16;0;1
103;VorSchwester;346.93;19.05;52.16;0;1
103;NachSchwester;348.32;14.28;50.78;0;1
103;VorArzt;352.12;8.22;46.97;0;1
103;NachArzt;398.84;0.25;0.25;1;1
95;Ankunft;282.53;24.31;118.03;0;1
95;NachRezeption;312.07;19.05;88.49;0;1
95;VorSchwester;312.07;19.05;88.49;0;1
95;NachSchwester;314.94;14.28;85.62;0;1
95;VorArzt;353.46;8.22;47.10;0;1
95;NachArzt;400.31;0.25;0.25;1;1
105;Ankunft;377.15;18.82;26.43;0;1
105;NachRezeption;380.86;19.05;22.72;1;1
105;VorSchwester;380.86;19.05;22.72;1;1
105;NachSchwester;382.08;14.28;21.50;0;1
105;VorArzt;383.85;8.22;19.73;0;1
105;NachArzt;402.69;2.25;0.89;0;1
10001;Ankunft;11.94;18.82;8.01;0;1
10001;NachRezeption;12.48;14.28;7.47;0;1
10001;VorArzt;13.61;8.22;6.34;0;1
10001;NachArzt;18.00;2.25;1.95;1;1
10003;Ankunft;41.77;18.82;13.45;0;1
10003;NachRezeption;42.15;19.05;13.07;0;1
10003;VorSchwester;42.15;19.05;13.07;0;1
10003;NachSchwester;43.77;14.28;11.45;0;1
10003;VorArzt;46.51;8.22;8.71;1;1
10003;NachArzt;53.63;2.25;1.59;0;1
10004;Ankunft;47.16;24.31;14.02;0;1
10004;NachRezeption;47.67;19.05;13.51;0;1
10004;VorSchwester;47.67;19.05;13.51;0;1
10004;NachSchwester;53.41;14.28;7.77;0;1
10004;VorArzt;54.63;8.22;6.55;0;1
10004;NachArzt;60.93;0.25;0.25;1;1
10005;Ankunft;55.52;18.82;9.69;0;1
10005;NachRezeption;56.75;14.28;8.47;0;1
10005;VorArzt;59.01;8.22;6.21;0;1
10005;NachArzt;64.97;0.25;0.25;1;1
10002;Ankunft;32.68;24.31;36.09;0;1
10002;NachRezeption;36.35;19.05;32.42;0;1
10002;VorSchwester;36.35;19.05;32.42;0;1
10002;NachSchwester;47.62;14.28;21.15;0;1
10002;VorArzt;51.78;8.22;16.99;0;1
10002;NachArzt;66.23;2.25;2.54;1;1
10006;Ankunft;60.51;24.31;9.41;0;1
10006;NachRezeption;62.41;19.05;7.51;0;1
10006;VorSchwester;62.41;19.05;7.51;0;1
10006;NachSchwester;65.31;14.28;4.61;0;1
10006;VorArzt;68.24;8.22;1.68;0;1
10006;NachArzt;69.67;0.25;0.25;1;1
10007;Ankunft;84.03;24.31;11.58;0;1
10007;NachRezeption;87.77;19.05;7.84;0;1
10007;VorSchwester;87.77;19.05;7.84;0;1
10007;NachSchwester;90.42;14.28;5.18;0;1
10007;VorArzt;91.92;8.22;3.68;0;1
10007;NachArzt;95.35;0.25;0.25;1;1
10009;Ankunft;95.87;18.82;8.47;0;1
10009;NachRezeption;97.24;14.28;7.10;0;1
10009;VorArzt;100.93;8.22;3.41;0;1
10009;NachArzt;104.09;0.25;0.25;1;1
10011;Ankunft;101.92;18.82;14.99;0;1
10011;NachRezeption;106.28;14.28;10.63;0;1
10011;VorArzt;108.05;8.22;8.86;1;1
10011;NachArzt;116.66;0.25;0.25;1;1
10010;Ankunft;100.60;18.82;19.40;1;1
10010;NachRezeption;104.89;19.05;15.10;0;1
10010;VorSchwester;104.89;19.05;15.10;0;1
10010;NachSchwester;111.97;14.28;8.02;0;1
10010;VorArzt;112.58;8.22;7.41;1;1
10010;NachArzt;119.74;0.25;0.25;1;1
10016;Ankunft;112.31;18.82;12.71;0;1
10016;NachRezeption;120.13;14.28;4.89;0;1
10016;VorArzt;120.45;8.22;4.57;0;1
10016;NachArzt;124.77;0.25;0.25;1;1
10014;Ankunft;106.23;18.82;20.72;1;1
10014;NachRezeption;118.90;14.28;8.06;0;1
10014;VorArzt;124.25;8.22;2.70;0;1
10014;NachArzt;126.70;0.25;0.25;1;1
10012;Ankunft;102.54;24.31;29.14;1;1
10012;NachRezeption;106.62;19.05;25.06;0;1
10012;VorSchwester;106.62;19.05;25.06;0;1
10012;NachSchwester;108.45;14.28;23.23;0;1
10012;VorArzt;127.19;8.22;4.49;0;1
10012;NachArzt;131.43;0.25;0.25;1;1
10018;Ankunft;113.90;18.82;20.40;1;1
10018;NachRezeption;125.96;14.28;8.34;0;1
10018;VorArzt;127.28;8.22;7.02;1;1
10018;NachArzt;134.05;0.25;0.25;1;1
10017;Ankunft;112.57;24.31;24.59;1;1
10017;NachRezeption;125.02;14.28;12.14;1;1
10017;VorArzt;128.75;8.22;8.41;1;1
10017;NachArzt;136.91;0.25;0.25;1;1
10021;Ankunft;116.35;18.82;26.83;0;1
10021;NachRezeption;132.43;19.05;10.75;0;1
10021;VorSchwester;132.43;19.05;10.75;0;1
10021;NachSchwester;136.26;14.28;6.92;0;1
10021;VorArzt;137.36;8.22;5.82;0;1
10021;NachArzt;142.93;0.25;0.25;1;1
10013;Ankunft;105.89;18.82;41.28;0;1
10013;NachRezeption;116.06;19.05;31.11;0;1
10013;VorSchwester;116.06;19.05;31.11;0;1
10013;NachSchwester;121.27;14.28;25.89;0;1
10013;VorArzt;126.98;8.22;20.18;0;1
10013;NachArzt;134.45;2.25;12.72;0;1
10015;Ankunft;111.69;18.82;41.05;0;1
10015;NachRezeption;119.70;19.05;33.04;0;1
10015;VorSchwester;119.70;19.05;33.04;0;1
10015;NachSchwester;127.29;14.28;25.45;0;1
10015;VorArzt;130.61;8.22;22.14;0;1
10015;NachArzt;152.49;0.25;0.25;1;1
10019;Ankunft;114.56;18.82;43.17;0;1
10019;NachRezeption;127.30;19.05;30.42;0;1
10019;VorSchwester;127.30;19.05;30.42;0;1
10019;NachSchwester;132.21;14.28;25.52;0;1
10019;VorArzt;132.40;8.22;25.33;0;1
10019;NachArzt;157.48;0.25;0.25;1;1
10026;Ankunft;130.77;18.82;27.45;0;1
10026;NachRezeption;146.43;19.05;11.80;0;1
10026;VorSchwester;146.43;19.05;11.80;0;1
10026;NachSchwester;148.42;14.28;9.80;0;1
10026;VorArzt;149.35;8.22;8.87;1;1
10026;NachArzt;157.97;0.25;0.25;1;1
10008;Ankunft;91.32;24.31;76.29;0;1
10008;NachRezeption;91.76;19.05;75.85;0;1
10008;VorSchwester;91.76;19.05;75.85;0;1
10008;NachSchwester;96.51;14.28;71.10;0;1
10008;VorArzt;128.80;8.22;38.81;0;1
10008;NachArzt;145.77;2.25;21.84;0;1
10028;Ankunft;135.94;18.82;34.40;0;1
10028;NachRezeption;160.11;14.28;10.24;0;1
10028;VorArzt;162.61;8.22;7.74;1;1
10028;NachArzt;170.10;0.25;0.25;1;1
10030;Ankunft;141.80;18.82;30.61;0;1
10030;NachRezeption;161.00;14.28;11.41;0;1
10030;VorArzt;163.83;8.22;8.58;1;1
10030;NachArzt;172.16;0.25;0.25;1;1
10032;Ankunft;144.73;18.82;31.57;0;1
10032;NachRezeption;162.54;14.28;13.76;1;1
10032;VorArzt;164.90;8.22;11.40;0;1
10032;NachArzt;176.04;0.25;0.25;1;1
10020;Ankunft;115.51;18.82;67.20;0;1
10020;NachRezeption;129.67;19.05;53.03;0;1
10020;VorSchwester;129.67;19.05;53.03;0;1
10020;NachSchwester;134.16;14.28;48.55;0;1
10020;VorArzt;144.23;8.22;38.48;0;1
10020;NachArzt;155.09;2.25;27.61;0;1
10022;Ankunft;116.64;24.31;74.86;0;1
10022;NachRezeption;140.01;19.05;51.49;0;1
10022;VorSchwester;140.01;19.05;51.49;0;1
10022;NachSchwester;142.64;14.28;48.86;0;1
10022;VorArzt;157.93;8.22;33.57;0;1
10022;NachArzt;159.60;2.25;31.91;0;1
10034;Ankunft;146.90;18.82;48.91;0;1
10034;NachRezeption;167.73;19.05;28.09;0;1
10034;VorSchwester;167.73;19.05;28.09;0;1
10034;NachSchwester;174.95;14.28;20.86;0;1
10034;VorArzt;179.59;8.22;16.23;0;1
10034;NachArzt;195.57;0.25;0.25;1;1
10037;Ankunft;154.45;18.82;48.93;0;1
10037;NachRezeption;179.69;14.28;23.69;0;1
10037;VorArzt;188.10;8.22;15.29;0;1
10037;NachArzt;203.13;0.25;0.25;1;1
10025;Ankunft;130.41;24.31;74.01;0;1
10025;NachRezeption;145.16;19.05;59.26;0;1
10025;VorSchwester;145.16;19.05;59.26;0;1
10025;NachSchwester;148.21;14.28;56.20;0;1
10025;VorArzt;173.56;8.22;30.86;0;1
10025;NachArzt;204.17;0.25;0.25;1;1
10031;Ankunft;144.45;18.82;60.53;0;1
10031;NachRezeption;161.71;14.28;43.27;0;1
10031;VorArzt;163.84;8.22;41.15;0;1
10031;NachArzt;174.46;2.25;30.52;0;1
10024;Ankunft;121.77;24.31;85.91;0;1
10024;NachRezeption;143.90;19.05;63.77;0;1
10024;VorSchwester;143.90;19.05;63.77;0;1
10024;NachSchwester;148.62;14.28;59.05;0;1
10024;VorArzt;166.34;8.22;41.34;0;1
10024;NachArzt;179.69;2.25;27.98;0;1
10045;Ankunft;168.99;18.82;42.44;0;1
10045;NachRezeption;201.01;14.28;10.42;0;1
10045;VorArzt;205.26;8.22;6.16;0;1
10045;NachArzt;211.18;0.25;0.25;1;1
10033;Ankunft;145.71;18.82;66.65;0;1
10033;NachRezeption;164.08;14.28;48.28;0;1
10033;VorArzt;167.42;8.22;44.94;0;1
10033;NachArzt;184.47;2.25;27.89;0;1
10041;Ankunft;165.63;24.31;49.65;0;1
10041;NachRezeption;193.43;19.05;21.85;1;1
10041;VorSchwester;193.43;19.05;21.85;1;1
10041;NachSchwester;194.55;14.28;20.73;0;1
10041;VorArzt;206.87;8.22;8.40;1;1
10041;NachArzt;215.02;0.25;0.25;1;1
10040;Ankunft;161.82;18.82;58.11;0;1
10040;NachRezeption;192.34;14.28;27.59;0;1
10040;VorArzt;193.61;8.22;26.32;0;1
10040;NachArzt;219.68;0.25;0.25;1;1
10027;Ankunft;135.68;24.31;87.10;0;1
10027;NachRezeption;155.84;14.28;66.95;0;1
10027;VorArzt;171.30;8.22;51.49;0;1
10027;NachArzt;200.72;2.25;22.07;0;1
10048;Ankunft;179.00;18.82;45.81;0;1
10048;NachRezeption;206.05;14.28;18.77;0;1
10048;VorArzt;210.82;8.22;13.99;0;1
10048;NachArzt;224.56;0.25;0.25;1;1
10023;Ankunft;117.37;24.31;115.93;0;1
10023;NachRezeption;142.04;14.28;91.27;0;1
10023;VorArzt;174.52;8.22;58.79;0;1
10023;NachArzt;207.14;2.25;26.16;0;1
10039;Ankunft;159.59;18.82;74.63;0;1
10039;NachRezeption;186.98;19.05;47.24;0;1
10039;VorSchwester;186.98;19.05;47.24;0;1
10039;NachSchwester;195.19;14.28;39.02;0;1
10039;VorArzt;195.41;8.22;38.80;0;1
10039;NachArzt;209.00;2.25;25.21;0;1
10035;Ankunft;148.66;24.31;86.87;0;1
10035;NachRezeption;169.87;14.28;65.66;0;1
10035;VorArzt;211.60;8.22;23.93;0;1
10035;NachArzt;235.28;0.25;0.25;1;1
10029;Ankunft;140.44;24.31;95.84;0;1
10029;NachRezeption;160.57;19.05;75.71;0;1
10029;VorSchwester;160.57;19.05;75.71;0;1
10029;NachSchwester;168.30;14.28;67.98;0;1
10029;VorArzt;190.95;8.22;45.33;0;1
10029;NachArzt;213.33;2.25;22.95;0;1
10046;Ankunft;169.19;24.31;74.88;0;1
10046;NachRezeption;202.41;19.05;41.66;0;1
10046;VorSchwester;202.41;19.05;41.66;0;1
10046;NachSchwester;205.15;14.28;38.92;0;1
10046;VorArzt;208.61;8.22;35.46;0;1
10046;NachArzt;217.65;2.25;26.42;0;1
10042;Ankunft;166.35;18.82;83.24;0;1
10042;NachRezeption;195.51;14.28;54.07;0;1
10042;VorArzt;195.78;8.22;53.80;0;1
10042;NachArzt;224.39;2.25;25.20;0;1
10043;Ankunft;168.16;18.82;91.57;0;1
10043;NachRezeption;196.11;14.28;63.61;0;1
10043;VorArzt;199.98;8.22;59.75;0;1
10043;NachArzt;259.48;0.25;0.25;1;1
10051;Ankunft;183.36;18.82;87.98;0;1
10051;NachRezeption;211.43;14.28;59.91;0;1
10051;VorArzt;215.13;8.22;56.21;0;1
10051;NachArzt;237.79;2.25;33.55;0;1
10054;Ankunft;190.36;18.82;81.21;0;1
10054;NachRezeption;216.75;14.28;54.82;0;1
10054;VorArzt;223.35;8.22;48.21;0;1
10054;NachArzt;271.32;0.25;0.25;1;1
10047;Ankunft;172.57;24.31;100.18;0;1
10047;NachRezeption;203.37;19.05;69.37;0;1
10047;VorSchwester;203.37;19.05;69.37;0;1
10047;NachSchwester;205.54;14.28;67.21;0;1
10047;VorArzt;215.42;8.22;57.32;0;1
10047;NachArzt;239.60;2.25;33.14;0;1
10050;Ankunft;182.99;18.82;93.95;0;1
10050;NachRezeption;210.24;14.28;66.70;0;1
10050;VorArzt;210.91;8.22;66.03;0;1
10050;NachArzt;276.69;0.25;0.25;1;1
10061;Ankunft;198.90;18.82;78.82;0;1
10061;NachRezeption;221.84;19.05;55.88;0;1
10061;VorSchwester;221.84;19.05;55.88;0;1
10061;NachSchwester;228.98;14.28;48.74;0;1
10061;VorArzt;230.73;8.22;46.99;0;1
10061;NachArzt;277.47;0.25;0.25;1;1
10036;Ankunft;153.34;24.31;124.41;0;1
10036;NachRezeption;178.99;19.05;98.76;0;1
10036;VorSchwester;178.99;19.05;98.76;0;1
10036;NachSchwester;188.88;14.28;88.87;0;1
10036;VorArzt;197.00;8.22;80.75;0;1
10036;NachArzt;241.54;2.25;36.22;0;1
10055;Ankunft;192.85;18.82;86.84;0;1
10055;NachRezeption;218.30;14.28;61.39;0;1
10055;VorArzt;221.28;8.22;58.41;0;1
10055;NachArzt;244.26;2.25;35.43;0;1
10056;Ankunft;193.21;18.82;87.41;0;1
10056;NachRezeption;219.36;19.05;61.27;0;1
10056;VorSchwester;219.36;19.05;61.27;0;1
10056;NachSchwester;220.78;14.28;59.84;0;1
10056;VorArzt;234.19;8.22;46.43;0;1
10056;NachArzt;280.38;0.25;0.25;1;1
10044;Ankunft;168.98;18.82;112.26;0;1
10044;NachRezeption;198.53;14.28;82.71;0;1
10044;VorArzt;198.70;8.22;82.54;0;1
10044;NachArzt;244.58;2.25;36.66;0;1
10062;Ankunft;202.10;18.82;89.23;0;1
10062;NachRezeption;223.51;14.28;67.82;0;1
10062;VorArzt;224.35;8.22;66.98;0;1
10062;NachArzt;291.08;0.25;0.25;1;1
10069;Ankunft;220.54;18.82;77.30;0;1
10069;NachRezeption;244.66;14.28;53.18;0;1
10069;VorArzt;246.65;8.22;51.19;0;1
10069;NachArzt;297.59;0.25;0.25;1;1
10060;Ankunft;197.57;18.82;101.24;0;1
10060;NachRezeption;220.83;14.28;77.98;0;1
10060;VorArzt;222.34;8.22;76.47;0;1
10060;NachArzt;250.42;2.25;48.39;0;1
10057;Ankunft;193.46;18.82;111.18;0;1
10057;NachRezeption;219.68;19.05;84.96;0;1
10057;VorSchwester;219.68;19.05;84.96;0;1
10057;NachSchwester;224.36;14.28;80.28;0;1
10057;VorArzt;224.79;8.22;79.85;0;1
10057;NachArzt;304.39;0.25;0.25;1;1
10064;Ankunft;204.36;18.82;103.13;0;1
10064;NachRezeption;227.10;14.28;80.39;0;1
10064;VorArzt;227.76;8.22;79.73;0;1
10064;NachArzt;307.24;0.25;0.25;1;1
10063;Ankunft;203.04;18.82;106.53;0;1
10063;NachRezeption;224.19;19.05;85.39;0;1
10063;VorSchwester;224.19;19.05;85.39;0;1
10063;NachSchwester;226.64;14.28;82.94;0;1
10063;VorArzt;231.18;8.22;78.40;0;1
10063;NachArzt;309.33;0.25;0.25;1;1
10049;Ankunft;181.80;18.82;135.20;0;1
10049;NachRezeption;209.00;19.05;107.99;0;1
10049;VorSchwester;209.00;19.05;107.99;0;1
10049;NachSchwester;220.96;14.28;96.03;0;1
10049;VorArzt;223.32;8.22;93.68;0;1
10049;NachArzt;261.55;2.25;55.45;0;1
10072;Ankunft;227.79;24.31;92.79;0;1
10072;NachRezeption;241.26;19.05;79.32;0;1
10072;VorSchwester;241.26;19.05;79.32;0;1
10072;NachSchwester;253.97;14.28;66.61;0;1
10072;VorArzt;260.62;8.22;59.96;0;1
10072;NachArzt;320.33;0.25;0.25;1;1
10038;Ankunft;154.77;24.31;167.61;0;1
10038;NachRezeption;180.10;19.05;142.28;0;1
10038;VorSchwester;180.10;19.05;142.28;0;1
10038;NachSchwester;189.63;14.28;132.75;0;1
10038;VorArzt;200.15;8.22;122.23;0;1
10038;NachArzt;274.04;2.25;48.34;0;1
10074;Ankunft;229.28;18.82;97.63;0;1
10074;NachRezeption;264.34;14.28;62.56;0;1
10074;VorArzt;270.09;8.22;56.82;0;1
10074;NachArzt;326.66;0.25;0.25;1;1
10067;Ankunft;216.00;18.82;113.04;0;1
10067;NachRezeption;237.29;14.28;91.74;0;1
10067;VorArzt;244.76;8.22;84.27;0;1
10067;NachArzt;283.16;2.25;45.87;0;1
10053;Ankunft;188.92;18.82;141.71;0;1
10053;NachRezeption;215.15;14.28;115.48;0;1
10053;VorArzt;218.56;8.22;112.07;0;1
10053;NachArzt;285.13;2.25;45.50;0;1
10084;Ankunft;247.35;18.82;84.59;0;1
10084;NachRezeption;293.98;14.28;37.95;0;1
10084;VorArzt;294.42;8.22;37.52;0;1
10084;NachArzt;331.69;0.25;0.25;1;1
10075;Ankunft;234.77;18.82;99.28;0;1
10075;NachRezeption;269.02;19.05;65.03;0;1
10075;VorSchwester;269.02;19.05;65.03;0;1
10075;NachSchwester;270.01;14.28;64.04;0;1
10075;VorArzt;272.24;8.22;61.81;0;1
10075;NachArzt;333.80;0.25;0.25;1;1
10052;Ankunft;184.98;24.31;151.62;0;1
10052;NachRezeption;213.40;14.28;123.20;0;1
10052;VorArzt;221.25;8.22;115.36;0;1
10052;NachArzt;288.05;2.25;48.55;0;1
10080;Ankunft;242.55;24.31;102.46;0;1
10080;NachRezeption;278.33;19.05;66.67;0;1
10080;VorSchwester;278.33;19.05;66.67;0;1
10080;NachSchwester;282.91;14.28;62.10;0;1
10080;VorArzt;287.47;8.22;57.54;0;1
10080;NachArzt;344.76;0.25;0.25;1;1
10071;Ankunft;226.46;18.82;121.88;0;1
10071;NachRezeption;256.52;14.28;91.82;0;1
10071;VorArzt;259.66;8.22;88.68;0;1
10071;NachArzt;303.98;2.25;44.36;0;1
10077;Ankunft;238.73;18.82;111.78;0;1
10077;NachRezeption;272.23;14.28;78.28;0;1
10077;VorArzt;275.62;8.22;74.90;0;1
10077;NachArzt;350.27;0.25;0.25;1;1
10086;Ankunft;250.89;24.31;101.33;0;1
10086;NachRezeption;299.96;19.05;52.26;0;1
10086;VorSchwester;299.96;19.05;52.26;0;1
10086;NachSchwester;301.00;14.28;51.23;0;1
10086;VorArzt;303.30;8.22;48.92;0;1
10086;NachArzt;351.97;0.25;0.25;1;1
10073;Ankunft;228.22;18.82;127.08;0;1
10073;NachRezeption;259.06;14.28;96.24;0;1
10073;VorArzt;259.85;8.22;95.45;0;1
10073;NachArzt;307.90;2.25;47.41;0;1
10058;Ankunft;194.06;18.82;164.26;0;1
10058;NachRezeption;225.76;20.42;132.57;0;1
10058;VorSchwester;225.76;19.05;132.57;0;1
10058;NachSchwester;229.67;14.28;128.66;0;1
10058;VorArzt;231.19;8.22;127.14;0;1
10058;NachArzt;314.67;2.25;43.66;0;1
10090;Ankunft;257.90;18.82;104.15;0;1
10090;NachRezeption;309.32;14.28;52.73;0;1
10090;VorArzt;310.72;8.22;51.33;0;1
10090;NachArzt;361.80;0.25;0.25;1;1
10066;Ankunft;212.82;18.82;149.93;0;1
10066;NachRezeption;235.91;14.28;126.84;0;1
10066;VorArzt;236.84;8.22;125.91;0;1
10066;NachArzt;320.17;2.25;42.58;0;1
10065;Ankunft;205.08;24.31;158.34;0;1
10065;NachRezeption;228.58;19.05;134.85;0;1
10065;VorSchwester;228.58;19.05;134.85;0;1
10065;NachSchwester;230.03;14.28;133.40;0;1
10065;VorArzt;238.58;8.22;124.85;0;1
10065;NachArzt;322.12;2.25;41.30;0;1
10078;Ankunft;240.26;18.82;123.41;0;1
10078;NachRezeption;274.34;14.28;89.33;0;1
10078;VorArzt;275.82;8.22;87.85;0;1
10078;NachArzt;363.42;0.25;0.25;1;1
10068;Ankunft;217.39;18.82;146.42;0;1
10068;NachRezeption;242.86;14.28;120.94;0;1
10068;VorArzt;246.41;8.22;117.40;0;1
10068;NachArzt;326.90;2.25;36.90;0;1
10070;Ankunft;225.59;18.82;138.59;0;1
10070;NachRezeption;253.98;19.05;110.21;0;1
10070;VorSchwester;253.98;19.05;110.21;0;1
10070;NachSchwester;256.83;14.28;107.35;0;1
10070;VorArzt;257.73;8.22;106.45;0;1
10070;NachArzt;330.29;2.25;33.89;0;1
10076;Ankunft;235.50;18.82;134.28;0;1
10076;NachRezeption;269.69;14.28;100.09;0;1
10076;VorArzt;272.75;8.22;97.02;0;1
10076;NachArzt;341.04;2.25;28.74;0;1
10079;Ankunft;241.16;18.82;132.00;0;1
10079;NachRezeption;276.77;14.28;96.39;0;1
10079;VorArzt;277.55;8.22;95.61;0;1
10079;NachArzt;365.45;2.25;7.72;0;1
10081;Ankunft;245.60;18.82;128.88;0;1
10081;NachRezeption;284.82;14.28;89.66;0;1
10081;VorArzt;285.12;8.22;89.36;0;1
10081;NachArzt;369.21;2.25;5.27;0;1
10089;Ankunft;257.84;18.82;117.70;0;1
10089;NachRezeption;308.64;14.28;66.90;0;1
10089;VorArzt;312.51;8.22;63.04;0;1
10089;NachArzt;371.01;2.25;4.53;0;1
10059;Ankunft;195.24;24.31;183.46;0;1
10059;NachRezeption;228.80;24.22;149.90;0;1
10059;VorSchwester;228.80;19.05;149.90;0;1
10059;NachSchwester;232.93;14.28;145.77;0;1
10059;VorArzt;288.05;8.22;90.65;0;1
10059;NachArzt;378.45;0.25;0.25;1;1
10097;Ankunft;285.45;24.31;94.29;0;1
10097;NachRezeption;332.11;14.28;47.64;0;1
10097;VorArzt;338.44;8.22;41.31;0;1
10097;NachArzt;378.00;2.25;1.75;0;1
10092;Ankunft;269.25;24.31;113.33;0;1
10092;NachRezeption;318.46;19.05;64.13;0;1
10092;VorSchwester;318.46;19.05;64.13;0;1
10092;NachSchwester;325.74;14.28;56.84;0;1
10092;VorArzt;348.13;8.22;34.45;0;1
10092;NachArzt;382.33;0.25;0.25;1;1
10082;Ankunft;245.88;18.82;137.32;0;1
10082;NachRezeption;286.33;19.05;96.87;0;1
10082;VorSchwester;286.33;19.05;96.87;0;1
10082;NachSchwester;290.16;14.28;93.05;0;1
10082;VorArzt;292.34;8.22;90.87;0;1
10082;NachArzt;382.96;0.25;0.25;1;1
10085;Ankunft;248.06;18.82;138.64;0;1
10085;NachRezeption;294.37;19.05;92.33;0;1
10085;VorSchwester;294.37;19.05;92.33;0;1
10085;NachSchwester;295.75;14.28;90.95;0;1
10085;VorArzt;296.01;8.22;90.69;0;1
10085;NachArzt;386.45;0.25;0.25;1;1
10087;Ankunft;250.94;18.82;140.29;0;1
10087;NachRezeption;301.64;14.28;89.58;0;1
10087;VorArzt;304.63;8.22;86.60;0;1
10087;NachArzt;390.97;0.25;0.25;1;1
10099;Ankunft;292.69;24.31;99.41;0;1
10099;NachRezeption;339.21;19.05;52.89;0;1
10099;VorSchwester;339.21;19.05;52.89;0;1
10099;NachSchwester;342.03;14.28;50.07;0;1
10099;VorArzt;362.58;8.22;29.52;0;1
10099;NachArzt;391.07;2.25;1.03;0;1
10104;Ankunft;356.00;18.82;38.71;0;1
10104;NachRezeption;371.69;14.28;23.01;0;1
10104;VorArzt;373.84;8.22;20.87;0;1
10104;NachArzt;393.60;2.25;1.11;0;1
10083;Ankunft;247.14;24.31;152.10;0;1
10083;NachRezeption;288.59;19.05;110.65;0;1
10083;VorSchwester;288.59;19.05;110.65;0;1
10083;NachSchwester;294.71;14.28;104.53;0;1
10083;VorArzt;308.01;8.22;91.22;0;1
10083;NachArzt;398.38;2.25;0.85;0;1
10088;Ankunft;251.35;18.82;155.51;0;1
10088;NachRezeption;305.31;14.28;101.55;0;1
10088;VorArzt;308.55;8.22;98.31;0;1
10088;NachArzt;406.61;0.25;0.25;1;1
10093;Ankunft;270.87;18.82;141.56;0;1
10093;NachRezeption;318.98;14.28;93.45;0;1
10093;VorArzt;321.45;8.22;90.98;0;1
10093;NachArzt;409.98;2.25;2.46;1;1
10091;Ankunft;258.97;18.82;161.10;0;1
10091;NachRezeption;315.22;19.05;104.86;0;1
10091;VorSchwester;315.22;19.05;104.86;0;1
10091;NachSchwester;321.85;14.28;98.22;0;1
10091;VorArzt;322.51;8.22;97.57;0;1
10091;NachArzt;418.30;2.25;1.77;0;1
10096;Ankunft;281.40;18.82;147.26;0;1
10096;NachRezeption;326.77;14.28;101.88;0;1
10096;VorArzt;330.38;8.22;98.28;0;1
10096;NachArzt;428.25;2.25;0.41;0;1
10094;Ankunft;272.19;18.82;162.28;0;1
10094;NachRezeption;321.60;19.05;112.87;0;1
10094;VorSchwester;321.60;19.05;112.87;0;1
10094;NachSchwester;328.69;14.28;105.77;0;1
10094;VorArzt;330.70;8.22;103.77;0;1
10094;NachArzt;434.22;0.25;0.25;1;1
10095;Ankunft;276.90;18.82;160.66;0;1
10095;NachRezeption;323.87;14.28;113.69;0;1
10095;VorArzt;332.60;8.22;104.96;0;1
10095;NachArzt;437.31;0.25;0.25;1;1
10098;Ankunft;291.13;18.82;158.47;0;1
10098;NachRezeption;337.95;14.28;111.65;0;1
10098;VorArzt;340.85;8.22;108.74;0;1
10098;NachArzt;448.49;2.25;1.10;0;1
10101;Ankunft;316.40;18.82;144.39;0;1
10101;NachRezeption;360.03;14.28;100.76;0;1
10101;VorArzt;360.35;8.22;100.44;0;1
10101;NachArzt;460.54;0.25;0.25;1;1
10102;Ankunft;330.52;18.82;142.62;0;1
10102;NachRezeption;366.42;14.28;106.72;0;1
10102;VorArzt;368.45;8.22;104.69;0;1
10102;NachArzt;471.19;2.25;1.95;1;1
10100;Ankunft;300.57;24.31;178.38;0;1
10100;NachRezeption;346.59;19.05;132.36;0;1
10100;VorSchwester;346.59;19.05;132.36;0;1
10100;NachSchwester;351.08;14.28;127.87;0;1
10100;VorArzt;369.87;8.22;109.08;0;1
10100;NachArzt;478.70;2.25;0.25;0;0
10103;Ankunft;334.83;18.82;145.34;0;1
10103;NachRezeption;368.56;19.05;111.61;0;1
10103;VorSchwester;368.56;19.05;111.61;0;1
10103;NachSchwester;372.61;14.28;107.56;0;1
10103;VorArzt;373.71;8.22;106.46;0;1
10105;Ankunft;359.50;18.82;122.18;0;1
10105;NachRezeption;372.12;14.28;109.56;0;1
10105;VorArzt;372.42;8.22;109.25;0;1
10105;NachArzt;481.42;2.25;0.25;0;0
20002;Ankunft;0.09;18.82;13.71;0;1
20002;NachRezeption;1.44;14.28;12.36;1;1
20002;VorArzt;1.75;8.22;12.05;0;1
20002;NachArzt;10.05;2.25;3.75;0;1
20001;Ankunft;0.00;18.82;32.39;0;1
20001;NachRezeption;0.85;19.05;31.54;0;1
20001;VorSchwester;0.85;19.05;31.54;0;1
20001;NachSchwester;4.80;14.28;27.59;0;1
20001;VorArzt;9.18;8.22;23.21;0;1
20001;NachArzt;21.18;2.25;11.21;0;1
20003;Ankunft;10.34;18.82;23.23;1;1
20003;NachRezeption;15.33;19.05;18.25;1;1
20003;VorSchwester;15.33;19.05;18.25;1;1
20003;NachSchwester;21.90;14.28;11.67;0;1
20003;VorArzt;22.71;8.22;10.86;0;1
20003;NachArzt;30.05;2.25;3.52;0;1
20005;Ankunft;16.31;18.82;25.02;0;1
20005;NachRezeption;30.33;14.28;10.99;0;1
20005;VorArzt;35.44;8.22;5.89;0;1
20005;NachArzt;40.52;2.25;0.81;0;1
20007;Ankunft;25.84;18.82;18.17;1;1
20007;NachRezeption;33.39;19.05;10.63;0;1
20007;VorSchwester;33.39;19.05;10.63;0;1
20007;NachSchwester;35.64;14.28;8.37;0;1
20007;VorArzt;37.78;8.22;6.24;0;1
20007;NachArzt;40.94;2.25;3.07;0;1
20008;Ankunft;33.52;18.82;17.34;1;1
20008;NachRezeption;34.73;19.05;16.13;1;1
20008;VorSchwester;34.73;19.05;16.13;1;1
20008;NachSchwester;36.97;14.28;13.89;1;1
20008;VorArzt;42.32;8.22;8.54;1;1
20008;NachArzt;48.17;2.25;2.70;1;1
20004;Ankunft;15.34;18.82;37.21;0;1
20004;NachRezeption;28.82;19.05;23.74;1;1
20004;VorSchwester;28.82;19.05;23.74;1;1
20004;NachSchwester;32.03;14.28;20.52;0;1
20004;VorArzt;39.96;8.22;12.60;0;1
20004;NachArzt;48.53;2.25;4.02;0;1
20009;Ankunft;43.13;18.82;9.60;0;1
20009;NachRezeption;46.07;19.05;6.67;0;1
20009;VorSchwester;46.07;19.05;6.67;0;1
20009;NachSchwester;48.19;14.28;4.54;0;1
20009;VorArzt;49.77;8.22;2.96;0;1
20009;NachArzt;52.48;0.25;0.25;1;1
20006;Ankunft;19.77;24.31;34.40;0;1
20006;NachRezeption;31.59;19.05;22.58;1;1
20006;VorSchwester;31.59;19.05;22.58;1;1
20006;NachSchwester;37.53;14.28;16.65;1;1
20006;VorArzt;44.22;8.22;9.96;1;1
20006;NachArzt;53.92;0.25;0.25;1;1
20010;Ankunft;44.78;18.82;18.72;1;1
20010;NachRezeption;48.10;19.05;15.39;0;1
20010;VorSchwester;48.10;19.05;15.39;0;1
20010;NachSchwester;53.91;14.28;9.59;0;1
20010;VorArzt;54.62;8.22;8.88;1;1
20010;NachArzt;63.25;0.25;0.25;1;1
20011;Ankunft;48.60;18.82;22.75;1;1
20011;NachRezeption;51.48;14.28;19.87;0;1
20011;VorArzt;59.55;8.22;11.80;0;1
20011;NachArzt;71.10;0.25;0.25;1;1
20012;Ankunft;48.97;24.31;25.12;1;1
20012;NachRezeption;53.25;14.28;20.84;0;1
20012;VorArzt;65.87;8.22;8.22;1;1
20012;NachArzt;73.83;0.25;0.25;1;1
20014;Ankunft;60.52;18.82;14.78;0;1
20014;NachRezeption;61.42;14.28;13.88;1;1
20014;VorArzt;62.64;8.22;12.66;0;1
20014;NachArzt;75.05;0.25;0.25;1;1
20013;Ankunft;55.90;18.82;19.53;1;1
20013;NachRezeption;57.25;19.05;18.18;1;1
20013;VorSchwester;57.25;19.05;18.18;1;1
20013;NachSchwester;62.47;14.28;12.96;1;1
20013;VorArzt;63.92;8.22;11.51;0;1
20013;NachArzt;69.87;2.25;5.55;0;1
20018;Ankunft;75.03;18.82;10.12;0;1
20018;NachRezeption;78.93;14.28;6.23;0;1
20018;VorArzt;79.22;8.22;5.94;0;1
20018;NachArzt;83.87;2.25;1.29;0;1
20015;Ankunft;66.00;18.82;22.88;1;1
20015;NachRezeption;73.38;14.28;15.49;1;1
20015;VorArzt;80.66;8.22;8.21;1;1
20015;NachArzt;88.62;0.25;0.25;1;1
20020;Ankunft;87.56;18.82;4.65;0;1
20020;NachRezeption;89.11;14.28;3.10;0;1
20020;VorArzt;89.48;8.22;2.73;0;1
20020;NachArzt;91.95;0.25;0.25;1;1
20016;Ankunft;73.60;18.82;20.82;1;1
20016;NachRezeption;76.09;14.28;18.33;0;1
20016;VorArzt;79.17;8.22;15.25;0;1
20016;NachArzt;89.33;2.25;5.09;0;1
20022;Ankunft;90.82;18.82;9.23;0;1
20022;NachRezeption;94.74;14.28;5.31;0;1
20022;VorArzt;94.91;8.22;5.14;0;1
20022;NachArzt;99.80;0.25;0.25;1;1
20021;Ankunft;89.26;18.82;13.76;0;1
20021;NachRezeption;93.51;14.28;9.51;0;1
20021;VorArzt;94.73;8.22;8.29;1;1
20021;NachArzt;99.08;2.25;3.94;0;1
20019;Ankunft;85.29;24.31;19.03;0;1
20019;NachRezeption;87.65;19.05;16.67;1;1
20019;VorSchwester;87.65;19.05;16.67;1;1
20019;NachSchwester;90.36;14.28;13.96;1;1
20019;VorArzt;97.17;8.22;7.15;1;1
20019;NachArzt;102.77;2.25;1.55;0;1
20024;Ankunft;96.73;18.82;11.26;0;1
20024;NachRezeption;99.43;14.28;8.55;0;1
20024;VorArzt;100.13;8.22;7.86;1;1
20024;NachArzt;107.74;0.25;0.25;1;1
20023;Ankunft;94.54;18.82;14.83;0;1
20023;NachRezeption;98.81;14.28;10.56;0;1
20023;VorArzt;99.36;8.22;10.01;1;1
20023;NachArzt;106.25;2.25;3.12;0;1
20025;Ankunft;104.78;18.82;8.57;0;1
20025;NachRezeption;105.29;14.28;8.06;0;1
20025;VorArzt;109.30;8.22;4.05;0;1
20025;NachArzt;113.10;0.25;0.25;1;1
20017;Ankunft;74.77;24.31;44.21;0;1
20017;NachRezeption;78.66;19.05;40.33;0;1
20017;VorSchwester;78.66;19.05;40.33;0;1
20017;NachSchwester;85.44;14.28;33.54;0;1
20017;VorArzt;111.57;8.22;7.41;1;1
20017;NachArzt;116.87;2.25;2.12;1;1
20026;Ankunft;109.56;18.82;9.63;0;1
20026;NachRezeption;110.33;14.28;8.86;0;1
20026;VorArzt;111.01;8.22;8.18;1;1
20026;NachArzt;118.94;0.25;0.25;1;1
20027;Ankunft;112.26;18.82;13.98;0;1
20027;NachRezeption;113.52;19.05;12.72;0;1
20027;VorSchwester;113.52;19.05;12.72;0;1
20027;NachSchwester;117.28;14.28;8.95;0;1
20027;VorArzt;118.29;8.22;7.95;1;1
20027;NachArzt;123.30;2.25;2.94;0;1
20032;Ankunft;138.45;18.82;6.78;0;1
20032;NachRezeption;139.63;14.28;5.61;0;1
20032;VorArzt;140.08;8.22;5.16;0;1
20032;NachArzt;144.99;0.25;0.25;1;1
20028;Ankunft;125.95;24.31;19.99;0;1
20028;NachRezeption;126.55;19.05;19.38;1;1
20028;VorSchwester;126.55;19.05;19.38;1;1
20028;NachSchwester;133.38;14.28;12.56;1;1
20028;VorArzt;137.46;8.22;8.48;1;1
20028;NachArzt;140.66;2.25;5.28;0;1
20030;Ankunft;131.82;18.82;17.17;1;1
20030;NachRezeption;133.17;14.28;15.81;1;1
20030;VorArzt;134.88;8.22;14.10;0;1
20030;NachArzt;142.40;2.25;6.58;0;1
20031;Ankunft;134.96;18.82;20.50;1;1
20031;NachRezeption;136.02;14.28;19.43;0;1
20031;VorArzt;140.41;8.22;15.05;0;1
20031;NachArzt;147.27;2.25;8.19;0;1
20037;Ankunft;146.65;18.82;19.74;1;1
20037;NachRezeption;152.04;19.05;14.35;0;1
20037;VorSchwester;152.04;19.05;14.35;0;1
20037;NachSchwester;155.37;14.28;11.02;0;1
20037;VorArzt;158.14;8.22;8.25;1;1
20037;NachArzt;166.14;0.25;0.25;1;1
20029;Ankunft;130.67;18.82;47.11;0;1
20029;NachRezeption;132.21;19.05;45.57;0;1
20029;VorSchwester;132.21;19.05;45.57;0;1
20029;NachSchwester;143.72;14.28;34.06;0;1
20029;VorArzt;148.63;8.22;29.15;0;1
20029;NachArzt;160.91;2.25;16.87;0;1
20033;Ankunft;138.92;18.82;43.02;0;1
20033;NachRezeption;140.19;14.28;41.75;0;1
20033;VorArzt;142.49;8.22;39.45;0;1
20033;NachArzt;162.33;2.25;19.61;0;1
20035;Ankunft;141.88;24.31;40.51;0;1
20035;NachRezeption;146.13;19.05;36.27;0;1
20035;VorSchwester;146.13;19.05;36.27;0;1
20035;NachSchwester;149.53;14.28;32.87;0;1
20035;VorArzt;172.49;8.22;9.91;1;1
20035;NachArzt;182.15;0.25;0.25;1;1
20036;Ankunft;141.96;18.82;44.24;0;1
20036;NachRezeption;147.13;14.28;39.08;0;1
20036;VorArzt;148.63;8.22;37.57;0;1
20036;NachArzt;163.84;2.25;22.37;0;1
20047;Ankunft;160.20;24.31;34.21;0;1
20047;NachRezeption;177.41;19.05;17.00;1;1
20047;VorSchwester;177.41;19.05;17.00;1;1
20047;NachSchwester;180.31;14.28;14.10;1;1
20047;VorArzt;189.59;8.22;4.82;0;1
20047;NachArzt;194.16;0.25;0.25;1;1
20050;Ankunft;163.77;18.82;32.62;0;1
20050;NachRezeption;185.89;19.05;10.49;0;1
20050;VorSchwester;185.89;19.05;10.49;0;1
20050;NachSchwester;187.79;14.28;8.60;0;1
20050;VorArzt;190.47;8.22;5.91;0;1
20050;NachArzt;196.13;0.25;0.25;1;1
20049;Ankunft;163.31;18.82;34.90;0;1
20049;NachRezeption;185.55;19.05;12.66;0;1
20049;VorSchwester;185.55;19.05;12.66;0;1
20049;NachSchwester;189.32;14.28;8.89;0;1
20049;VorArzt;192.05;8.22;6.16;0;1
20049;NachArzt;197.96;0.25;0.25;1;1
20034;Ankunft;139.35;18.82;60.03;0;1
20034;NachRezeption;143.98;14.28;55.40;0;1
20034;VorArzt;148.75;8.22;50.63;0;1
20034;NachArzt;167.52;2.25;31.87;0;1
20038;Ankunft;149.74;18.82;51.81;0;1
20038;NachRezeption;160.66;14.28;40.89;0;1
20038;VorArzt;162.83;8.22;38.71;0;1
20038;NachArzt;167.62;2.25;33.93;0;1
20041;Ankunft;157.15;18.82;52.93;0;1
20041;NachRezeption;165.45;19.05;44.63;0;1
20041;VorSchwester;165.45;19.05;44.63;0;1
20041;NachSchwester;167.68;14.28;42.39;0;1
20041;VorArzt;169.01;8.22;41.07;0;1
20041;NachArzt;170.98;2.25;39.10;0;1
20042;Ankunft;157.76;18.82;54.62;0;1
20042;NachRezeption;166.04;14.28;46.33;0;1
20042;VorArzt;166.25;8.22;46.13;0;1
20042;NachArzt;173.79;2.25;38.58;0;1
20039;Ankunft;152.32;24.31;77.11;0;1
20039;NachRezeption;161.40;19.05;68.03;0;1
20039;VorSchwester;161.40;19.05;68.03;0;1
20039;NachSchwester;165.89;14.28;63.53;0;1
20039;VorArzt;169.30;8.22;60.13;0;1
20039;NachArzt;177.59;2.25;51.84;0;1
20043;Ankunft;158.03;18.82;72.10;0;1
20043;NachRezeption;166.22;19.05;63.90;0;1
20043;VorSchwester;166.22;19.05;63.90;0;1
20043;NachSchwester;171.90;14.28;58.23;0;1
20043;VorArzt;172.90;8.22;57.23;0;1
20043;NachArzt;177.98;2.25;52.14;0;1
20045;Ankunft;158.44;24.31;89.62;0;1
20045;NachRezeption;174.09;19.05;73.97;0;1
20045;VorSchwester;174.09;19.05;73.97;0;1
20045;NachSchwester;176.08;14.28;71.98;0;1
20045;VorArzt;189.66;8.22;58.40;0;1
20045;NachArzt;192.76;2.25;55.30;0;1
20060;Ankunft;182.97;18.82;65.42;0;1
20060;NachRezeption;240.34;14.28;8.04;0;1
20060;VorArzt;241.42;8.22;6.97;1;1
20060;NachArzt;248.14;0.25;0.25;1;1
20048;Ankunft;162.92;18.82;93.93;0;1
20048;NachRezeption;185.19;19.05;71.67;0;1
20048;VorSchwester;185.19;19.05;71.67;0;1
20048;NachSchwester;189.72;14.28;67.13;0;1
20048;VorArzt;190.59;8.22;66.26;0;1
20048;NachArzt;200.88;2.25;55.97;0;1
20044;Ankunft;158.20;24.31;102.15;0;1
20044;NachRezeption;170.12;19.05;90.24;0;1
20044;VorSchwester;170.12;19.05;90.24;0;1
20044;NachSchwester;173.34;14.28;87.01;0;1
20044;VorArzt;195.55;8.22;64.81;0;1
20044;NachArzt;205.48;2.25;54.87;0;1
20053;Ankunft;168.72;18.82;92.01;0;1
20053;NachRezeption;202.87;14.28;57.85;0;1
20053;VorArzt;203.55;8.22;57.18;0;1
20053;NachArzt;212.76;2.25;47.97;0;1
20040;Ankunft;157.14;24.31;110.72;0;1
20040;NachRezeption;164.21;14.28;103.66;0;1
20040;VorArzt;203.68;8.22;64.18;0;1
20040;NachArzt;220.06;2.25;47.80;0;1
20054;Ankunft;170.13;18.82;99.36;0;1
20054;NachRezeption;204.22;14.28;65.27;0;1
20054;VorArzt;207.33;8.22;62.16;0;1
20054;NachArzt;221.47;2.25;48.02;0;1
20064;Ankunft;190.54;18.82;80.10;0;1
20064;NachRezeption;246.72;14.28;23.92;0;1
20064;VorArzt;250.75;8.22;19.89;0;1
20064;NachArzt;270.39;0.25;0.25;1;1
20051;Ankunft;164.11;24.31;106.78;0;1
20051;NachRezeption;187.96;24.22;82.94;0;1
20051;VorSchwester;187.96;19.05;82.94;0;1
20051;NachSchwester;193.55;14.28;77.35;0;1
20051;VorArzt;204.00;8.22;66.89;0;1
20051;NachArzt;222.46;2.25;48.43;0;1
20065;Ankunft;194.33;18.82;79.16;0;1
20065;NachRezeption;250.03;14.28;23.46;0;1
20065;VorArzt;252.66;8.22;20.84;0;1
20065;NachArzt;273.25;0.25;0.25;1;1
20052;Ankunft;166.30;18.82;108.23;0;1
20052;NachRezeption;197.88;14.28;76.65;0;1
20052;VorArzt;205.98;8.22;68.55;0;1
20052;NachArzt;228.48;2.25;46.05;0;1
20055;Ankunft;175.95;18.82;102.47;0;1
20055;NachRezeption;217.70;14.28;60.72;0;1
20055;VorArzt;220.89;8.22;57.53;0;1
20055;NachArzt;230.54;2.25;47.88;0;1
20074;Ankunft;229.87;18.82;58.08;0;1
20074;NachRezeption;259.01;14.28;28.94;0;1
20074;VorArzt;259.60;8.22;28.35;0;1
20074;NachArzt;287.70;0.25;0.25;1;1
20070;Ankunft;216.10;24.31;80.49;0;1
20070;NachRezeption;261.76;14.28;34.83;0;1
20070;VorArzt;265.74;8.22;30.85;0;1
20070;NachArzt;296.34;0.25;0.25;1;1
20059;Ankunft;182.56;18.82;116.28;0;1
20059;NachRezeption;239.35;14.28;59.49;0;1
20059;VorArzt;240.13;8.22;58.72;0;1
20059;NachArzt;248.36;2.25;50.49;0;1
20072;Ankunft;219.76;18.82;80.25;0;1
20072;NachRezeption;267.13;14.28;32.88;0;1
20072;VorArzt;268.05;8.22;31.96;0;1
20072;NachArzt;299.76;0.25;0.25;1;1
20077;Ankunft;236.29;18.82;71.56;0;1
20077;NachRezeption;284.18;19.05;23.67;1;1
20077;VorSchwester;284.18;19.05;23.67;1;1
20077;NachSchwester;286.81;14.28;21.04;0;1
20077;VorArzt;289.18;8.22;18.67;0;1
20077;NachArzt;307.60;0.25;0.25;1;1
20057;Ankunft;178.85;18.82;131.06;0;1
20057;NachRezeption;233.23;19.05;76.69;0;1
20057;VorSchwester;233.23;19.05;76.69;0;1
20057;NachSchwester;238.18;14.28;71.73;0;1
20057;VorArzt;241.75;8.22;68.16;0;1
20057;NachArzt;252.02;2.25;57.89;0;1
20078;Ankunft;239.86;18.82;75.09;0;1
20078;NachRezeption;286.94;19.05;28.01;0;1
20078;VorSchwester;286.94;19.05;28.01;0;1
20078;NachSchwester;289.56;14.28;25.39;0;1
20078;VorArzt;289.93;8.22;25.02;0;1
20078;NachArzt;314.70;0.25;0.25;1;1
20046;Ankunft;159.64;24.31;155.65;0;1
20046;NachRezeption;176.90;14.28;138.40;0;1
20046;VorArzt;246.67;8.22;68.62;0;1
20046;NachArzt;265.55;2.25;49.75;0;1
20061;Ankunft;184.67;18.82;134.28;0;1
20061;NachRezeption;241.56;14.28;77.40;0;1
20061;VorArzt;244.28;8.22;74.67;0;1
20061;NachArzt;267.03;2.25;51.93;0;1
20062;Ankunft;186.73;18.82;136.60;0;1
20062;NachRezeption;243.64;19.05;79.69;0;1
20062;VorSchwester;243.64;19.05;79.69;0;1
20062;NachSchwester;248.89;14.28;74.44;0;1
20062;VorArzt;249.09;8.22;74.24;0;1
20062;NachArzt;272.30;2.25;51.03;0;1
20066;Ankunft;198.21;18.82;127.79;0;1
20066;NachRezeption;250.53;19.05;75.48;0;1
20066;VorSchwester;250.53;19.05;75.48;0;1
20066;NachSchwester;252.48;14.28;73.53;0;1
20066;VorArzt;252.66;8.22;73.35;0;1
20066;NachArzt;275.56;2.25;50.44;0;1
20085;Ankunft;251.87;18.82;81.39;0;1
20085;NachRezeption;307.95;19.05;25.31;0;1
20085;VorSchwester;307.95;19.05;25.31;0;1
20085;NachSchwester;317.49;14.28;15.77;1;1
20085;VorArzt;318.24;8.22;15.02;0;1
20085;NachArzt;333.01;0.25;0.25;1;1
20090;Ankunft;272.91;18.82;62.04;0;1
20090;NachRezeption;324.25;19.05;10.70;0;1
20090;VorSchwester;324.25;19.05;10.70;0;1
20090;NachSchwester;330.35;14.28;4.60;0;1
20090;VorArzt;331.84;8.22;3.11;0;1
20090;NachArzt;334.70;0.25;0.25;1;1
20068;Ankunft;199.38;18.82;137.32;0;1
20068;NachRezeption;252.93;14.28;83.77;0;1
20068;VorArzt;255.98;8.22;80.72;0;1
20068;NachArzt;281.83;2.25;54.87;0;1
20067;Ankunft;198.62;24.31;139.07;0;1
20067;NachRezeption;251.95;14.28;85.73;0;1
20067;VorArzt;257.27;8.22;80.42;0;1
20067;NachArzt;283.33;2.25;54.35;0;1
20063;Ankunft;187.30;18.82;154.56;0;1
20063;NachRezeption;244.41;14.28;97.46;0;1
20063;VorArzt;250.60;8.22;91.27;0;1
20063;NachArzt;286.46;2.25;55.41;0;1
20056;Ankunft;177.10;24.31;165.26;0;1
20056;NachRezeption;220.13;19.05;122.23;0;1
20056;VorSchwester;220.13;19.05;122.23;0;1
20056;NachSchwester;224.29;14.28;118.07;0;1
20056;VorArzt;262.39;8.22;79.97;0;1
20056;NachArzt;288.60;2.25;53.77;0;1
20088;Ankunft;257.44;18.82;85.06;0;1
20088;NachRezeption;312.30;19.05;30.21;0;1
20088;VorSchwester;312.30;19.05;30.21;0;1
20088;NachSchwester;317.42;14.28;25.08;0;1
20088;VorArzt;319.60;8.22;22.90;0;1
20088;NachArzt;342.25;0.25;0.25;1;1
20091;Ankunft;277.48;18.82;70.90;0;1
20091;NachRezeption;328.54;14.28;19.85;0;1
20091;VorArzt;333.47;8.22;14.91;0;1
20091;NachArzt;348.13;0.25;0.25;1;1
20102;Ankunft;316.42;24.31;41.84;0;1
20102;NachRezeption;338.36;19.05;19.90;1;1
20102;VorSchwester;338.36;19.05;19.90;1;1
20102;NachSchwester;345.04;14.28;13.22;1;1
20102;VorArzt;346.68;8.22;11.58;0;1
20102;NachArzt;358.01;0.25;0.25;1;1
20069;Ankunft;201.56;18.82;171.28;0;1
20069;NachRezeption;258.41;19.05;114.43;0;1
20069;VorSchwester;258.41;19.05;114.43;0;1
20069;NachSchwester;260.37;14.28;112.47;0;1
20069;VorArzt;264.45;8.22;108.39;0;1
20069;NachArzt;291.58;2.25;81.26;0;1
20071;Ankunft;217.76;18.82;163.94;0;1
20071;NachRezeption;263.93;19.05;117.78;0;1
20071;VorSchwester;263.93;19.05;117.78;0;1
20071;NachSchwester;266.23;14.28;115.47;0;1
20071;VorArzt;266.85;8.22;114.86;0;1
20071;NachArzt;297.54;2.25;84.16;0;1
20094;Ankunft;292.88;18.82;90.73;0;1
20094;NachRezeption;376.17;19.05;7.44;0;1
20094;VorSchwester;376.17;19.05;7.44;0;1
20094;NachSchwester;377.93;14.28;5.68;0;1
20094;VorArzt;378.30;8.22;5.31;0;1
20094;NachArzt;383.36;0.25;0.25;1;1
20073;Ankunft;227.80;18.82;158.78;0;1
20073;NachRezeption;274.04;14.28;112.53;0;1
20073;VorArzt;275.89;8.22;110.69;0;1
20073;NachArzt;306.87;2.25;79.71;0;1
20080;Ankunft;244.02;18.82;142.84;0;1
20080;NachRezeption;291.73;14.28;95.12;0;1
20080;VorArzt;297.75;8.22;89.11;0;1
20080;NachArzt;311.89;2.25;74.97;0;1
20058;Ankunft;180.45;24.31;207.58;0;1
20058;NachRezeption;238.42;19.05;149.61;0;1
20058;VorSchwester;238.42;19.05;149.61;0;1
20058;NachSchwester;240.61;14.28;147.42;0;1
20058;VorArzt;275.56;8.22;112.47;0;1
20058;NachArzt;300.31;2.25;87.73;0;1
20076;Ankunft;235.21;18.82;155.43;0;1
20076;NachRezeption;281.47;19.05;109.17;0;1
20076;VorSchwester;281.47;19.05;109.17;0;1
20076;NachSchwester;282.25;14.28;108.39;0;1
20076;VorArzt;283.17;8.22;107.47;0;1
20076;NachArzt;302.55;2.25;88.09;0;1
20075;Ankunft;232.75;18.82;161.87;0;1
20075;NachRezeption;279.75;19.05;114.87;0;1
20075;VorSchwester;279.75;19.05;114.87;0;1
20075;NachSchwester;284.99;14.28;109.63;0;1
20075;VorArzt;285.22;8.22;109.39;0;1
20075;NachArzt;312.51;2.25;82.10;0;1
20082;Ankunft;245.10;18.82;153.17;0;1
20082;NachRezeption;292.19;19.05;106.07;0;1
20082;VorSchwester;292.19;19.05;106.07;0;1
20082;NachSchwester;294.23;14.28;104.04;0;1
20082;VorArzt;295.23;8.22;103.04;0;1
20082;NachArzt;310.14;2.25;88.12;0;1
20083;Ankunft;245.89;18.82;156.15;0;1
20083;NachRezeption;297.76;14.28;104.28;0;1
20083;VorArzt;300.85;8.22;101.19;0;1
20083;NachArzt;317.74;2.25;84.30;0;1
20079;Ankunft;243.92;24.31;158.89;0;1
20079;NachRezeption;289.31;19.05;113.49;0;1
20079;VorSchwester;289.31;19.05;113.49;0;1
20079;NachSchwester;291.36;14.28;111.45;0;1
20079;VorArzt;305.36;8.22;97.45;0;1
20079;NachArzt;318.98;2.25;83.83;0;1
20084;Ankunft;251.06;18.82;154.57;0;1
20084;NachRezeption;299.45;14.28;106.17;0;1
20084;VorArzt;301.14;8.22;104.48;0;1
20084;NachArzt;322.30;2.25;83.33;0;1
20087;Ankunft;256.39;18.82;149.74;0;1
20087;NachRezeption;311.63;14.28;94.51;0;1
20087;VorArzt;313.35;8.22;92.78;0;1
20087;NachArzt;323.49;2.25;82.65;0;1
20098;Ankunft;303.43;18.82;104.41;0;1
20098;NachRezeption;381.40;19.05;26.45;0;1
20098;VorSchwester;381.40;19.05;26.45;0;1
20098;NachSchwester;384.82;14.28;23.02;0;1
20098;VorArzt;389.81;8.22;18.03;0;1
20098;NachArzt;407.59;0.25;0.25;1;1
20086;Ankunft;255.95;18.82;157.19;0;1
20086;NachRezeption;310.92;19.05;102.22;0;1
20086;VorSchwester;310.92;19.05;102.22;0;1
20086;NachSchwester;312.97;14.28;100.17;0;1
20086;VorArzt;314.03;8.22;99.10;0;1
20086;NachArzt;327.57;2.25;85.56;0;1
20089;Ankunft;261.22;24.31;153.79;0;1
20089;NachRezeption;314.25;14.28;100.76;0;1
20089;VorArzt;335.28;8.22;79.73;0;1
20089;NachArzt;349.33;2.25;65.67;0;1
20081;Ankunft;245.10;24.31;170.93;0;1
20081;NachRezeption;292.09;14.28;123.94;0;1
20081;VorArzt;336.99;8.22;79.03;0;1
20081;NachArzt;354.30;2.25;61.73;0;1
20093;Ankunft;292.44;18.82;124.92;0;1
20093;NachRezeption;373.39;14.28;43.98;0;1
20093;VorArzt;377.50;8.22;39.86;0;1
20093;NachArzt;379.18;2.25;38.18;0;1
20095;Ankunft;296.08;18.82;123.56;0;1
20095;NachRezeption;380.81;19.05;38.82;0;1
20095;VorSchwester;380.81;19.05;38.82;0;1
20095;NachSchwester;383.32;14.28;36.31;0;1
20095;VorArzt;384.02;8.22;35.61;0;1
20095;NachArzt;388.48;2.25;31.16;0;1
20092;Ankunft;290.84;24.31;132.40;0;1
20092;NachRezeption;369.65;14.28;53.58;0;1
20092;VorArzt;385.86;8.22;37.37;0;1
20092;NachArzt;393.18;2.25;30.06;0;1
20100;Ankunft;313.66;18.82;110.22;0;1
20100;NachRezeption;395.50;19.05;28.38;0;1
20100;VorSchwester;395.50;19.05;28.38;0;1
20100;NachSchwester;399.69;14.28;24.19;0;1
20100;VorArzt;400.13;8.22;23.75;0;1
20100;NachArzt;403.14;2.25;20.74;0;1
20097;Ankunft;303.11;24.31;121.49;0;1
20097;NachRezeption;397.54;14.28;27.06;0;1
20097;VorArzt;406.50;8.22;18.10;0;1
20097;NachArzt;419.96;2.25;4.64;0;1
20099;Ankunft;310.22;18.82;121.03;0;1
20099;NachRezeption;393.52;19.05;37.73;0;1
20099;VorSchwester;393.52;19.05;37.73;0;1
20099;NachSchwester;401.58;14.28;29.67;0;1
20099;VorArzt;402.20;8.22;29.05;0;1
20099;NachArzt;429.98;2.25;1.27;0;1
20101;Ankunft;315.99;18.82;118.74;0;1
20101;NachRezeption;399.66;14.28;35.08;0;1
20101;VorArzt;403.12;8.22;31.62;0;1
20101;NachArzt;433.64;2.25;1.10;0;1
20105;Ankunft;382.21;24.31;54.98;0;1
20105;NachRezeption;418.96;19.05;18.23;1;1
20105;VorSchwester;418.96;19.05;18.23;1;1
20105;NachSchwester;422.05;14.28;15.14;1;1
20105;VorArzt;424.20;8.22;12.99;0;1
20105;NachArzt;433.77;2.25;3.43;0;1
20096;Ankunft;299.80;24.31;139.18;0;1
20096;NachRezeption;384.06;19.05;54.91;0;1
20096;VorSchwester;384.06;19.05;54.91;0;1
20096;NachSchwester;387.94;14.28;51.03;0;1
20096;VorArzt;409.25;8.22;29.73;0;1
20096;NachArzt;438.72;0.25;0.25;1;1
20103;Ankunft;319.48;24.31;124.61;0;1
20103;NachRezeption;404.71;19.05;39.39;0;1
20103;VorSchwester;404.71;19.05;39.39;0;1
20103;NachSchwester;407.94;14.28;36.15;0;1
20103;VorArzt;409.92;8.22;34.17;0;1
20103;NachArzt;443.84;0.25;0.25;1;1
20104;Ankunft;327.37;18.82;123.01;0;1
20104;NachRezeption;409.55;19.05;40.83;0;1
20104;VorSchwester;409.55;19.05;40.83;0;1
20104;NachSchwester;413.35;14.28;37.03;0;1
20104;VorArzt;414.90;8.22;35.48;0;1
20104;NachArzt;449.20;2.25;1.19;0;1
30003;Ankunft;0.24;18.82;9.05;0;1
30003;NachRezeption;4.00;14.28;5.29;0;1
30003;VorArzt;4.54;8.22;4.75;0;1
30003;NachArzt;8.26;2.25;1.03;0;1
30002;Ankunft;0.00;18.82;15.49;0;1
30002;NachRezeption;3.21;19.05;12.28;0;1
30002;VorSchwester;3.21;19.05;12.28;0;1
30002;NachSchwester;7.35;14.28;8.14;0;1
30002;VorArzt;7.67;8.22;7.83;1;1
30002;NachArzt;15.24;0.25;0.25;1;1
30004;Ankunft;21.69;18.82;13.92;0;1
30004;NachRezeption;24.71;19.05;10.90;0;1
30004;VorSchwester;24.71;19.05;10.90;0;1
30004;NachSchwester;30.05;14.28;5.56;0;1
30004;VorArzt;30.64;8.22;4.97;0;1
30004;NachArzt;35.36;0.25;0.25;1;1
30001;Ankunft;0.00;24.31;44.22;0;1
30001;NachRezeption;2.67;19.05;41.55;0;1
30001;VorSchwester;2.67;19.05;41.55;0;1
30001;NachSchwester;4.42;14.28;39.80;0;1
30001;VorArzt;41.76;8.22;2.46;0;1
30001;NachArzt;43.97;0.25;0.25;1;1
30007;Ankunft;65.42;18.82;9.12;0;1
30007;NachRezeption;69.13;14.28;5.41;0;1
30007;VorArzt;71.76;8.22;2.78;0;1
30007;NachArzt;74.29;0.25;0.25;1;1
30005;Ankunft;62.60;18.82;17.47;1;1
30005;NachRezeption;66.90;14.28;13.17;1;1
30005;VorArzt;68.04;8.22;12.02;0;1
30005;NachArzt;72.76;2.25;7.31;0;1
30006;Ankunft;62.97;24.31;18.64;0;1
30006;NachRezeption;68.41;19.05;13.20;0;1
30006;VorSchwester;68.41;19.05;13.20;0;1
30006;NachSchwester;73.73;14.28;7.88;0;1
30006;VorArzt;75.04;8.22;6.57;0;1
30006;NachArzt;79.51;2.25;2.10;1;1
30008;Ankunft;66.88;18.82;19.36;1;1
30008;NachRezeption;73.33;19.05;12.92;0;1
30008;VorSchwester;73.33;19.05;12.92;0;1
30008;NachSchwester;75.53;14.28;10.72;0;1
30008;VorArzt;75.87;8.22;10.37;0;1
30008;NachArzt;79.67;2.25;6.57;0;1
30010;Ankunft;68.34;18.82;19.41;1;1
30010;NachRezeption;76.83;14.28;10.93;0;1
30010;VorArzt;79.19;8.22;8.57;1;1
30010;NachArzt;87.51;0.25;0.25;1;1
30011;Ankunft;80.57;18.82;11.62;0;1
30011;NachRezeption;87.67;14.28;4.51;0;1
30011;VorArzt;88.39;8.22;3.80;0;1
30011;NachArzt;91.94;0.25;0.25;1;1
30009;Ankunft;67.82;18.82;25.78;0;1
30009;NachRezeption;74.04;19.05;19.56;1;1
30009;VorSchwester;74.04;19.05;19.56;1;1
30009;NachSchwester;78.20;14.28;15.40;1;1
30009;VorArzt;79.30;8.22;14.30;0;1
30009;NachArzt;91.19;2.25;2.41;1;1
30012;Ankunft;82.69;24.31;22.29;1;1
30012;NachRezeption;88.96;19.05;16.01;1;1
30012;VorSchwester;88.96;19.05;16.01;1;1
30012;NachSchwester;93.49;14.28;11.48;0;1
30012;VorArzt;96.76;8.22;8.22;1;1
30012;NachArzt;104.72;0.25;0.25;1;1
30014;Ankunft;97.31;18.82;10.88;0;1
30014;NachRezeption;101.12;14.28;7.07;0;1
30014;VorArzt;102.87;8.22;5.32;0;1
30014;NachArzt;107.94;0.25;0.25;1;1
30013;Ankunft;84.79;18.82;24.47;0;1
30013;NachRezeption;92.51;14.28;16.75;1;1
30013;VorArzt;93.02;8.22;16.24;0;1
30013;NachArzt;101.37;2.25;7.88;0;1
30015;Ankunft;100.99;18.82;14.84;0;1
30015;NachRezeption;104.36;19.05;11.47;0;1
30015;VorSchwester;104.36;19.05;11.47;0;1
30015;NachSchwester;109.58;14.28;6.25;0;1
30015;VorArzt;111.62;8.22;4.21;0;1
30015;NachArzt;115.58;0.25;0.25;1;1
30016;Ankunft;101.41;18.82;17.30;1;1
30016;NachRezeption;106.31;14.28;12.39;1;1
30016;VorArzt;107.16;8.22;11.55;0;1
30016;NachArzt;112.71;2.25;6.00;0;1
30017;Ankunft;102.45;18.82;18.96;1;1
30017;NachRezeption;111.24;14.28;10.17;0;1
30017;VorArzt;113.73;8.22;7.68;1;1
30017;NachArzt;118.59;2.25;2.82;0;1
30018;Ankunft;102.89;18.82;20.21;1;1
30018;NachRezeption;111.89;19.05;11.21;0;1
30018;VorSchwester;111.89;19.05;11.21;0;1
30018;NachSchwester;113.88;14.28;9.22;0;1
30018;VorArzt;114.18;8.22;8.92;1;1
30018;NachArzt;120.73;2.25;2.37;1;1
30019;Ankunft;106.09;18.82;30.40;0;1
30019;NachRezeption;114.90;19.05;21.59;1;1
30019;VorSchwester;114.90;19.05;21.59;1;1
30019;NachSchwester;120.01;14.28;16.48;1;1
30019;VorArzt;126.71;8.22;9.78;1;1
30019;NachArzt;136.24;0.25;0.25;1;1
30020;Ankunft;112.04;18.82;27.13;0;1
30020;NachRezeption;116.23;14.28;22.94;0;1
30020;VorArzt;118.84;8.22;20.33;0;1
30020;NachArzt;138.92;0.25;0.25;1;1
30022;Ankunft;118.65;18.82;23.92;0;1
30022;NachRezeption;120.64;19.05;21.93;1;1
30022;VorSchwester;120.64;19.05;21.93;1;1
30022;NachSchwester;124.62;14.28;17.95;0;1
30022;VorArzt;130.14;8.22;12.43;0;1
30022;NachArzt;142.32;0.25;0.25;1;1
30023;Ankunft;121.16;18.82;28.91;0;1
30023;NachRezeption;125.93;19.05;24.14;0;1
30023;VorSchwester;125.93;19.05;24.14;0;1
30023;NachSchwester;129.97;14.28;20.09;0;1
30023;VorArzt;131.29;8.22;18.78;0;1
30023;NachArzt;142.91;2.25;7.16;0;1
30030;Ankunft;136.04;18.82;17.42;1;1
30030;NachRezeption;141.15;14.28;12.32;1;1
30030;VorArzt;141.68;8.22;11.78;0;1
30030;NachArzt;153.21;0.25;0.25;1;1
30028;Ankunft;130.93;18.82;25.27;0;1
30028;NachRezeption;133.93;14.28;22.28;0;1
30028;VorArzt;134.31;8.22;21.89;0;1
30028;NachArzt;144.11;2.25;12.09;0;1
30029;Ankunft;135.96;18.82;27.88;0;1
30029;NachRezeption;137.12;14.28;26.72;0;1
30029;VorArzt;138.84;8.22;25.00;0;1
30029;NachArzt;163.59;0.25;0.25;1;1
30021;Ankunft;117.25;24.31;51.12;0;1
30021;NachRezeption;120.34;19.05;48.03;0;1
30021;VorSchwester;120.34;19.05;48.03;0;1
30021;NachSchwester;128.34;14.28;40.03;0;1
30021;VorArzt;135.56;8.22;32.81;0;1
30021;NachArzt;154.96;2.25;13.41;0;1
30027;Ankunft;126.83;18.82;50.49;0;1
30027;NachRezeption;134.78;20.42;42.53;0;1
30027;VorSchwester;134.78;19.05;42.53;0;1
30027;NachSchwester;145.22;14.28;32.10;0;1
30027;VorArzt;149.03;8.22;28.28;0;1
30027;NachArzt;167.10;2.25;10.22;0;1
30033;Ankunft;138.23;18.82;39.45;0;1
30033;NachRezeption;145.01;19.05;32.67;0;1
30033;VorSchwester;145.01;19.05;32.67;0;1
30033;NachSchwester;148.26;14.28;29.42;0;1
30033;VorArzt;150.40;8.22;27.28;0;1
30033;NachArzt;171.74;2.25;5.94;0;1
30031;Ankunft;136.07;24.31;44.12;0;1
30031;NachRezeption;142.09;19.05;38.11;0;1
30031;VorSchwester;142.09;19.05;38.11;0;1
30031;NachSchwester;146.41;14.28;33.79;0;1
30031;VorArzt;150.94;8.22;29.26;0;1
30031;NachArzt;175.78;2.25;4.41;0;1
30037;Ankunft;144.07;18.82;46.86;0;1
30037;NachRezeption;154.49;14.28;36.44;0;1
30037;VorArzt;154.68;8.22;36.25;0;1
30037;NachArzt;190.68;0.25;0.25;1;1
30024;Ankunft;122.56;18.82;68.83;0;1
30024;NachRezeption;127.60;19.05;63.79;0;1
30024;VorSchwester;127.60;19.05;63.79;0;1
30024;NachSchwester;141.63;14.28;49.77;0;1
30024;VorArzt;143.81;8.22;47.58;0;1
30024;NachArzt;177.82;2.25;13.57;0;1
30035;Ankunft;139.76;24.31;54.93;0;1
30035;NachRezeption;146.63;14.28;48.06;0;1
30035;VorArzt;152.74;8.22;41.95;0;1
30035;NachArzt;183.97;2.25;10.73;0;1
30032;Ankunft;137.48;18.82;60.26;0;1
30032;NachRezeption;143.86;14.28;53.88;0;1
30032;VorArzt;145.05;8.22;52.70;0;1
30032;NachArzt;185.05;2.25;12.69;0;1
30038;Ankunft;145.37;18.82;54.00;0;1
30038;NachRezeption;159.28;19.05;40.09;0;1
30038;VorSchwester;159.28;19.05;40.09;0;1
30038;NachSchwester;162.62;14.28;36.75;0;1
30038;VorArzt;166.43;8.22;32.94;0;1
30038;NachArzt;199.12;0.25;0.25;1;1
30026;Ankunft;125.68;24.31;83.35;0;1
30026;NachRezeption;130.18;19.05;78.85;0;1
30026;VorSchwester;130.18;19.05;78.85;0;1
30026;NachSchwester;139.99;14.28;69.04;0;1
30026;VorArzt;151.78;8.22;57.25;0;1
30026;NachArzt;195.27;2.25;13.76;0;1
30036;Ankunft;140.75;24.31;68.86;0;1
30036;NachRezeption;147.86;19.05;61.75;0;1
30036;VorSchwester;147.86;19.05;61.75;0;1
30036;NachSchwester;150.32;14.28;59.29;0;1
30036;VorArzt;161.06;8.22;48.55;0;1
30036;NachArzt;195.43;2.25;14.19;0;1
30051;Ankunft;177.62;18.82;34.87;0;1
30051;NachRezeption;183.52;19.05;28.96;0;1
30051;VorSchwester;183.52;19.05;28.96;0;1
30051;NachSchwester;190.49;14.28;21.99;0;1
30051;VorArzt;191.27;8.22;21.21;0;1
30051;NachArzt;212.23;0.25;0.25;1;1
30041;Ankunft;152.41;18.82;60.39;0;1
30041;NachRezeption;165.30;19.05;47.50;0;1
30041;VorSchwester;165.30;19.05;47.50;0;1
30041;NachSchwester;168.79;14.28;44.01;0;1
30041;VorArzt;169.04;8.22;43.76;0;1
30041;NachArzt;201.10;2.25;11.70;0;1
30034;Ankunft;139.32;24.31;75.48;0;1
30034;NachRezeption;145.74;19.05;69.06;0;1
30034;VorSchwester;145.74;19.05;69.06;0;1
30034;NachSchwester;150.46;14.28;64.34;0;1
30034;VorArzt;152.81;8.22;61.99;0;1
30034;NachArzt;201.32;2.25;13.48;0;1
30057;Ankunft;188.32;18.82;27.77;0;1
30057;NachRezeption;200.47;14.28;15.63;1;1
30057;VorArzt;201.81;8.22;14.29;0;1
30057;NachArzt;215.84;0.25;0.25;1;1
30043;Ankunft;156.24;24.31;65.18;0;1
30043;NachRezeption;169.60;14.28;51.82;0;1
30043;VorArzt;180.53;8.22;40.89;0;1
30043;NachArzt;202.26;2.25;19.16;0;1
30044;Ankunft;157.62;18.82;68.17;0;1
30044;NachRezeption;172.04;14.28;53.76;0;1
30044;VorArzt;172.55;8.22;53.24;0;1
30044;NachArzt;225.55;0.25;0.25;1;1
30025;Ankunft;124.95;24.31;107.43;0;1
30025;NachRezeption;129.50;19.05;102.88;0;1
30025;VorSchwester;129.50;19.05;102.88;0;1
30025;NachSchwester;137.02;14.28;95.36;0;1
30025;VorArzt;168.87;8.22;63.50;0;1
30025;NachArzt;215.99;2.25;16.39;0;1
30063;Ankunft;202.09;18.82;38.28;0;1
30063;NachRezeption;219.52;14.28;20.86;0;1
30063;VorArzt;220.21;8.22;20.16;0;1
30063;NachArzt;240.12;0.25;0.25;1;1
30046;Ankunft;161.05;18.82;79.35;0;1
30046;NachRezeption;172.72;19.05;67.69;0;1
30046;VorSchwester;172.72;19.05;67.69;0;1
30046;NachSchwester;177.57;14.28;62.84;0;1
30046;VorArzt;179.10;8.22;61.30;0;1
30046;NachArzt;240.15;0.25;0.25;1;1
30055;Ankunft;186.52;18.82;55.90;0;1
30055;NachRezeption;199.63;14.28;42.79;0;1
30055;VorArzt;203.28;8.22;39.14;0;1
30055;NachArzt;223.13;2.25;19.29;0;1
30042;Ankunft;154.36;18.82;92.29;0;1
30042;NachRezeption;167.33;14.28;79.32;0;1
30042;VorArzt;173.82;8.22;72.83;0;1
30042;NachArzt;229.38;2.25;17.27;0;1
30058;Ankunft;189.91;18.82;57.15;0;1
30058;NachRezeption;203.38;14.28;43.69;0;1
30058;VorArzt;205.99;8.22;41.08;0;1
30058;NachArzt;232.88;2.25;14.19;0;1
30047;Ankunft;162.20;18.82;90.39;0;1
30047;NachRezeption;175.16;14.28;77.43;0;1
30047;VorArzt;175.59;8.22;77.01;0;1
30047;NachArzt;235.60;2.25;16.99;0;1
30065;Ankunft;206.64;24.31;49.41;0;1
30065;NachRezeption;225.62;19.05;30.43;0;1
30065;VorSchwester;225.62;19.05;30.43;0;1
30065;NachSchwester;228.99;14.28;27.07;0;1
30065;VorArzt;232.40;8.22;23.65;0;1
30065;NachArzt;255.80;0.25;0.25;1;1
30040;Ankunft;149.07;24.31;110.96;0;1
30040;NachRezeption;163.34;19.05;96.68;0;1
30040;VorSchwester;163.34;19.05;96.68;0;1
30040;NachSchwester;165.97;14.28;94.05;0;1
30040;VorArzt;179.15;8.22;80.87;0;1
30040;NachArzt;241.61;2.25;18.41;0;1
30068;Ankunft;211.38;18.82;52.73;0;1
30068;NachRezeption;228.38;14.28;35.73;0;1
30068;VorArzt;231.84;8.22;32.27;0;1
30068;NachArzt;250.87;2.25;13.24;0;1
30045;Ankunft;159.64;18.82;108.91;0;1
30045;NachRezeption;172.46;19.05;96.09;0;1
30045;VorSchwester;172.46;19.05;96.09;0;1
30045;NachSchwester;178.34;14.28;90.21;0;1
30045;VorArzt;183.54;8.22;85.01;0;1
30045;NachArzt;252.49;2.25;16.06;0;1
30050;Ankunft;174.11;18.82;97.60;0;1
30050;NachRezeption;179.32;19.05;92.39;0;1
30050;VorSchwester;179.32;19.05;92.39;0;1
30050;NachSchwester;186.12;14.28;85.59;0;1
30050;VorArzt;186.87;8.22;84.84;0;1
30050;NachArzt;259.81;2.25;11.90;0;1
30049;Ankunft;165.92;18.82;106.50;0;1
30049;NachRezeption;178.63;20.42;93.79;0;1
30049;VorSchwester;178.63;19.05;93.79;0;1
30049;NachSchwester;183.30;14.28;89.12;0;1
30049;VorArzt;188.07;8.22;84.35;0;1
30049;NachArzt;272.16;0.25;0.25;1;1
30070;Ankunft;213.73;18.82;60.60;0;1
30070;NachRezeption;232.73;20.42;41.60;0;1
30070;VorSchwester;232.73;19.05;41.60;0;1
30070;NachSchwester;240.24;14.28;34.10;0;1
30070;VorArzt;240.94;8.22;33.40;0;1
30070;NachArzt;274.09;0.25;0.25;1;1
30071;Ankunft;213.93;18.82;63.35;0;1
30071;NachRezeption;231.13;14.28;46.15;0;1
30071;VorArzt;233.76;8.22;43.52;0;1
30071;NachArzt;260.49;2.25;16.78;0;1
30067;Ankunft;211.38;18.82;67.88;0;1
30067;NachRezeption;227.61;19.05;51.65;0;1
30067;VorSchwester;227.61;19.05;51.65;0;1
30067;NachSchwester;232.97;14.28;46.29;0;1
30067;VorArzt;233.49;8.22;45.77;0;1
30067;NachArzt;279.01;0.25;0.25;1;1
30075;Ankunft;222.34;18.82;59.37;0;1
30075;NachRezeption;241.45;14.28;40.26;0;1
30075;VorArzt;249.27;8.22;32.44;0;1
30075;NachArzt;281.46;0.25;0.25;1;1
30073;Ankunft;221.28;18.82;63.55;0;1
30073;NachRezeption;235.31;14.28;49.53;0;1
30073;VorArzt;235.57;8.22;49.27;0;1
30073;NachArzt;267.17;2.25;17.67;0;1
30078;Ankunft;226.29;18.82;66.04;0;1
30078;NachRezeption;244.37;19.05;47.96;0;1
30078;VorSchwester;244.37;19.05;47.96;0;1
30078;NachSchwester;247.17;14.28;45.16;0;1
30078;VorArzt;247.70;8.22;44.63;0;1
30078;NachArzt;276.49;2.25;15.84;0;1
30080;Ankunft;228.01;18.82;71.44;0;1
30080;NachRezeption;247.34;20.42;52.11;0;1
30080;VorSchwester;247.34;19.05;52.11;0;1
30080;NachSchwester;251.70;14.28;47.74;0;1
30080;VorArzt;254.05;8.22;45.39;0;1
30080;NachArzt;290.52;2.25;8.93;0;1
30083;Ankunft;241.24;18.82;59.75;0;1
30083;NachRezeption;254.52;19.05;46.47;0;1
30083;VorSchwester;254.52;19.05;46.47;0;1
30083;NachSchwester;260.25;14.28;40.73;0;1
30083;VorArzt;267.23;8.22;33.76;0;1
30083;NachArzt;297.54;2.25;3.44;0;1
30066;Ankunft;209.56;24.31;97.53;0;1
30066;NachRezeption;226.86;14.28;80.23;0;1
30066;VorArzt;267.43;8.22;39.66;0;1
30066;NachArzt;304.00;2.25;3.09;0;1
30087;Ankunft;257.04;24.31;53.33;0;1
30087;NachRezeption;270.31;19.05;40.05;0;1
30087;VorSchwester;270.31;19.05;40.05;0;1
30087;NachSchwester;272.56;14.28;37.81;0;1
30087;VorArzt;278.42;8.22;31.95;0;1
30087;NachArzt;306.21;2.25;4.15;0;1
30090;Ankunft;264.77;18.82;51.20;0;1
30090;NachRezeption;282.35;14.28;33.62;0;1
30090;VorArzt;287.03;8.22;28.95;0;1
30090;NachArzt;315.72;0.25;0.25;1;1
30084;Ankunft;244.25;24.31;81.98;0;1
30084;NachRezeption;262.50;19.05;63.72;0;1
30084;VorSchwester;262.50;19.05;63.72;0;1
30084;NachSchwester;265.70;14.28;60.52;0;1
30084;VorArzt;282.90;8.22;43.33;0;1
30084;NachArzt;308.24;2.25;17.99;0;1
30053;Ankunft;183.77;18.82;143.78;0;1
30053;NachRezeption;193.59;14.28;133.96;0;1
30053;VorArzt;195.25;8.22;132.30;0;1
30053;NachArzt;315.16;2.25;12.39;0;1
30093;Ankunft;272.69;18.82;55.96;0;1
30093;NachRezeption;287.89;14.28;40.75;0;1
30093;VorArzt;288.09;8.22;40.56;0;1
30093;NachArzt;328.40;0.25;0.25;1;1
30052;Ankunft;180.05;18.82;148.61;0;1
30052;NachRezeption;192.24;19.05;136.42;0;1
30052;VorSchwester;192.24;19.05;136.42;0;1
30052;NachSchwester;197.25;14.28;131.41;0;1
30052;VorArzt;198.51;8.22;130.15;0;1
30052;NachArzt;319.31;2.25;9.34;0;1
30060;Ankunft;197.04;18.82;150.85;0;1
30060;NachRezeption;210.00;14.28;137.90;0;1
30060;VorArzt;213.03;8.22;134.86;0;1
30060;NachArzt;328.13;2.25;19.76;0;1
30095;Ankunft;286.87;24.31;67.12;0;1
30095;NachRezeption;293.50;14.28;60.50;0;1
30095;VorArzt;302.29;8.22;51.70;0;1
30095;NachArzt;353.75;0.25;0.25;1;1
30054;Ankunft;185.31;18.82;172.34;0;1
30054;NachRezeption;198.94;19.05;158.71;0;1
30054;VorSchwester;198.94;19.05;158.71;0;1
30054;NachSchwester;210.51;14.28;147.14;0;1
30054;VorArzt;214.56;8.22;143.09;0;1
30054;NachArzt;339.97;2.25;17.68;0;1
30091;Ankunft;265.71;18.82;97.46;0;1
30091;NachRezeption;282.75;19.05;80.42;0;1
30091;VorSchwester;282.75;19.05;80.42;0;1
30091;NachSchwester;297.31;14.28;65.85;0;1
30091;VorArzt;299.61;8.22;63.56;0;1
30091;NachArzt;344.67;2.25;18.50;0;1
30059;Ankunft;194.60;18.82;168.82;0;1
30059;NachRezeption;204.59;19.05;158.82;0;1
30059;VorSchwester;204.59;19.05;158.82;0;1
30059;NachSchwester;211.28;14.28;152.14;0;1
30059;VorArzt;217.52;8.22;145.90;0;1
30059;NachArzt;344.82;2.25;18.59;0;1
30061;Ankunft;198.06;18.82;166.46;0;1
30061;NachRezeption;211.71;19.05;152.81;0;1
30061;VorSchwester;211.71;19.05;152.81;0;1
30061;NachSchwester;217.44;14.28;147.08;0;1
30061;VorArzt;218.55;8.22;145.98;0;1
30061;NachArzt;351.49;2.25;13.03;0;1
30098;Ankunft;302.67;18.82;62.44;0;1
30098;NachRezeption;303.57;19.05;61.54;0;1
30098;VorSchwester;303.57;19.05;61.54;0;1
30098;NachSchwester;305.06;14.28;60.04;0;1
30098;VorArzt;305.84;8.22;59.27;0;1
30098;NachArzt;356.11;2.25;8.99;0;1
30062;Ankunft;200.71;18.82;164.62;0;1
30062;NachRezeption;212.26;19.05;153.06;0;1
30062;VorSchwester;212.26;19.05;153.06;0;1
30062;NachSchwester;219.50;14.28;145.83;0;1
30062;VorArzt;223.08;8.22;142.24;0;1
30062;NachArzt;359.66;2.25;5.67;0;1
30096;Ankunft;288.71;18.82;76.96;0;1
30096;NachRezeption;298.10;19.05;67.57;0;1
30096;VorSchwester;298.10;19.05;67.57;0;1
30096;NachSchwester;303.67;14.28;62.00;0;1
30096;VorArzt;306.03;8.22;59.65;0;1
30096;NachArzt;363.50;2.25;2.17;1;1
30056;Ankunft;187.01;24.31;182.27;0;1
30056;NachRezeption;199.97;19.05;169.30;0;1
30056;VorSchwester;199.97;19.05;169.30;0;1
30056;NachSchwester;201.79;14.28;167.48;0;1
30056;VorArzt;306.48;8.22;62.80;0;1
30056;NachArzt;367.14;2.25;2.13;1;1
30039;Ankunft;146.62;24.31;223.20;0;1
30039;NachRezeption;160.35;19.05;209.47;0;1
30039;VorSchwester;160.35;19.05;209.47;0;1
30039;NachSchwester;169.64;14.28;200.18;0;1
30039;VorArzt;233.16;8.22;136.66;0;1
30039;NachArzt;368.76;2.25;1.06;0;1
30101;Ankunft;329.19;18.82;46.91;0;1
30101;NachRezeption;351.46;14.28;24.64;0;1
30101;VorArzt;351.98;8.22;24.12;0;1
30101;NachArzt;374.07;2.25;2.03;1;1
30048;Ankunft;165.29;24.31;212.78;0;1
30048;NachRezeption;176.36;19.05;201.71;0;1
30048;VorSchwester;176.36;19.05;201.71;0;1
30048;NachSchwester;179.86;14.28;198.21;0;1
30048;VorArzt;238.01;8.22;140.07;0;1
30048;NachArzt;376.12;2.25;1.95;1;1
30104;Ankunft;341.54;18.82;37.31;0;1
30104;NachRezeption;362.16;19.05;16.70;1;1
30104;VorSchwester;362.16;19.05;16.70;1;1
30104;NachSchwester;364.06;14.28;14.80;1;1
30104;VorArzt;365.45;8.22;13.41;0;1
30104;NachArzt;377.73;2.25;1.13;0;1
30074;Ankunft;221.28;18.82;162.16;0;1
30074;NachRezeption;236.16;14.28;147.28;0;1
30074;VorArzt;240.00;8.22;143.44;0;1
30074;NachArzt;383.19;0.25;0.25;1;1
30072;Ankunft;219.87;18.82;165.51;0;1
30072;NachRezeption;233.72;14.28;151.66;0;1
30072;VorArzt;240.73;8.22;144.65;0;1
30072;NachArzt;384.58;2.25;0.80;0;1
30069;Ankunft;212.22;18.82;183.69;0;1
30069;NachRezeption;229.31;19.05;166.60;0;1
30069;VorSchwester;229.31;19.05;166.60;0;1
30069;NachSchwester;237.01;14.28;158.90;0;1
30069;VorArzt;245.92;8.22;149.99;0;1
30069;NachArzt;392.32;2.25;3.59;0;1
30076;Ankunft;223.24;18.82;175.67;0;1
30076;NachRezeption;243.00;14.28;155.91;0;1
30076;VorArzt;246.34;8.22;152.57;0;1
30076;NachArzt;398.66;0.25;0.25;1;1
30064;Ankunft;204.86;24.31;207.45;0;1
30064;NachRezeption;224.40;19.05;187.90;0;1
30064;VorSchwester;224.40;19.05;187.90;0;1
30064;NachSchwester;235.77;14.28;176.53;0;1
30064;VorArzt;248.35;8.22;163.96;0;1
30064;NachArzt;412.06;0.25;0.25;1;1
30105;Ankunft;386.29;18.82;30.12;0;1
30105;NachRezeption;388.39;19.05;28.02;0;1
30105;VorSchwester;388.39;19.05;28.02;0;1
30105;NachSchwester;396.39;14.28;20.02;0;1
30105;VorArzt;396.61;8.22;19.80;0;1
30105;NachArzt;415.03;2.25;1.38;0;1
30077;Ankunft;224.90;24.31;199.56;0;1
30077;NachRezeption;243.49;19.05;180.97;0;1
30077;VorSchwester;243.49;19.05;180.97;0;1
30077;NachSchwester;247.28;14.28;177.18;0;1
30077;VorArzt;249.29;8.22;175.17;0;1
30077;NachArzt;423.72;2.25;0.74;0;1
30079;Ankunft;226.86;18.82;203.48;0;1
30079;NachRezeption;244.85;19.05;185.49;0;1
30079;VorSchwester;244.85;19.05;185.49;0;1
30079;NachSchwester;249.75;14.28;180.59;0;1
30079;VorArzt;252.34;8.22;178.00;0;1
30079;NachArzt;430.09;0.25;0.25;1;1
30081;Ankunft;234.57;18.82;199.99;0;1
30081;NachRezeption;251.33;14.28;183.23;0;1
30081;VorArzt;252.45;8.22;182.10;0;1
30081;NachArzt;434.07;2.25;0.48;0;1
30082;Ankunft;238.91;24.31;205.05;0;1
30082;NachRezeption;254.35;19.05;189.61;0;1
30082;VorSchwester;254.35;19.05;189.61;0;1
30082;NachSchwester;260.14;14.28;183.82;0;1
30082;VorArzt;267.42;8.22;176.54;0;1
30082;NachArzt;443.71;0.25;0.25;1;1
30086;Ankunft;256.77;18.82;192.87;0;1
30086;NachRezeption;269.46;19.05;180.18;0;1
30086;VorSchwester;269.46;19.05;180.18;0;1
30086;NachSchwester;271.91;14.28;177.73;0;1
30086;VorArzt;272.21;8.22;177.43;0;1
30086;NachArzt;446.91;2.25;2.73;1;1
30088;Ankunft;260.35;18.82;196.02;0;1
30088;NachRezeption;273.84;14.28;182.53;0;1
30088;VorArzt;275.07;8.22;181.30;0;1
30088;NachArzt;453.21;2.25;3.16;0;1
30089;Ankunft;264.33;24.31;195.89;0;1
30089;NachRezeption;281.38;19.05;178.83;0;1
30089;VorSchwester;281.38;19.05;178.83;0;1
30089;NachSchwester;283.88;14.28;176.33;0;1
30089;VorArzt;284.55;8.22;175.66;0;1
30089;NachArzt;458.89;2.25;1.32;0;1
30092;Ankunft;269.41;24.31;191.51;0;1
30092;NachRezeption;286.78;19.05;174.13;0;1
30092;VorSchwester;286.78;19.05;174.13;0;1
30092;NachSchwester;288.39;14.28;172.52;0;1
30092;VorArzt;291.73;8.22;169.18;0;1
30092;NachArzt;460.67;0.25;0.25;1;1
30097;Ankunft;298.11;24.31;169.79;0;1
30097;NachRezeption;301.56;14.28;166.35;0;1
30097;VorArzt;307.24;8.22;160.66;0;1
30097;NachArzt;467.02;2.25;0.89;0;1
30085;Ankunft;251.80;24.31;225.09;0;1
30085;NachRezeption;266.58;14.28;210.31;0;1
30085;VorArzt;311.66;8.22;165.23;0;1
30085;NachArzt;474.11;2.25;2.78;1;1
30099;Ankunft;308.19;18.82;171.98;0;1
30099;NachRezeption;324.25;14.28;155.91;0;1
30099;VorArzt;324.74;8.22;155.42;0;1
30102;Ankunft;337.12;18.82;143.04;0;1
30102;NachRezeption;355.46;19.05;124.70;0;1
30102;VorSchwester;355.46;19.05;124.70;0;1
30102;NachSchwester;363.68;14.28;116.48;0;1
30102;VorArzt;365.02;8.22;115.15;0;1
30103;Ankunft;337.67;24.31;142.50;0;1
30103;NachRezeption;356.62;19.05;123.54;0;1
30103;VorSchwester;356.62;19.05;123.54;0;1
30103;NachSchwester;361.25;14.28;118.92;0;1
30103;VorArzt;366.18;8.22;113.99;0;1
30100;Ankunft;324.68;24.31;155.49;0;1
30100;NachRezeption;347.17;19.05;133.00;0;1
30100;VorSchwester;347.17;19.05;133.00;0;1
30100;NachSchwester;358.80;14.28;121.36;0;1
30100;VorArzt;367.72;8.22;112.44;0;1
30094;Ankunft;273.87;24.31;211.41;0;1
30094;NachRezeption;290.25;19.05;195.03;0;1
30094;VorSchwester;290.25;19.05;195.03;0;1
30094;NachSchwester;293.98;14.28;191.30;0;1
30094;VorArzt;315.06;8.22;170.22;0;1
30094;NachArzt;485.03;0.25;0.25;1;0
40003;Ankunft;25.24;18.82;12.16;0;1
40003;NachRezeption;32.97;14.28;4.42;0;1
40003;VorArzt;35.87;8.22;1.53;0;1
40003;NachArzt;37.15;0.25;0.25;1;1
40002;Ankunft;20.61;18.82;22.10;1;1
40002;NachRezeption;22.66;14.28;20.05;0;1
40002;VorArzt;29.38;8.22;13.33;0;1
40002;NachArzt;34.92;2.25;7.80;0;1
40001;Ankunft;16.65;18.82;30.07;0;1
40001;NachRezeption;17.34;14.28;29.38;0;1
40001;VorArzt;19.93;8.22;26.79;0;1
40001;NachArzt;38.79;2.25;7.94;0;1
40004;Ankunft;34.08;18.82;19.15;1;1
40004;NachRezeption;39.61;19.05;13.61;0;1
40004;VorSchwester;39.61;19.05;13.61;0;1
40004;NachSchwester;44.63;14.28;8.60;0;1
40004;VorArzt;45.21;8.22;8.02;1;1
40004;NachArzt;52.54;2.25;0.69;0;1
40005;Ankunft;38.98;18.82;17.67;1;1
40005;NachRezeption;48.28;14.28;8.38;0;1
40005;VorArzt;49.96;8.22;6.69;0;1
40005;NachArzt;56.40;0.25;0.25;1;1
40006;Ankunft;42.18;18.82;24.05;0;1
40006;NachRezeption;51.60;19.05;14.63;0;1
40006;VorSchwester;51.60;19.05;14.63;0;1
40006;NachSchwester;56.29;14.28;9.93;0;1
40006;VorArzt;56.57;8.22;9.66;1;1
40006;NachArzt;65.98;0.25;0.25;1;1
40007;Ankunft;62.96;24.31;14.76;0;1
40007;NachRezeption;64.14;14.28;13.57;1;1
40007;VorArzt;67.22;8.22;10.50;0;1
40007;NachArzt;77.47;0.25;0.25;1;1
40010;Ankunft;82.00;18.82;6.24;0;1
40010;NachRezeption;83.43;14.28;4.81;0;1
40010;VorArzt;84.00;8.22;4.25;0;1
40010;NachArzt;88.00;0.25;0.25;1;1
40012;Ankunft;85.12;18.82;10.35;0;1
40012;NachRezeption;87.13;14.28;8.34;0;1
40012;VorArzt;88.44;8.22;7.03;1;1
40012;NachArzt;91.60;2.25;3.87;0;1
40009;Ankunft;81.33;24.31;14.26;0;1
40009;NachRezeption;82.02;14.28;13.57;1;1
40009;VorArzt;89.18;8.22;6.41;0;1
40009;NachArzt;94.37;2.25;1.22;0;1
40013;Ankunft;88.61;18.82;13.89;0;1
40013;NachRezeption;92.72;14.28;9.78;0;1
40013;VorArzt;94.42;8.22;8.07;1;1
40013;NachArzt;102.25;0.25;0.25;1;1
40008;Ankunft;80.27;24.31;35.23;0;1
40008;NachRezeption;81.87;19.05;33.63;0;1
40008;VorSchwester;81.87;19.05;33.63;0;1
40008;NachSchwester;86.61;14.28;28.89;0;1
40008;VorArzt;98.76;8.22;16.74;0;1
40008;NachArzt;106.10;2.25;9.40;0;1
40011;Ankunft;83.39;24.31;35.92;0;1
40011;NachRezeption;86.74;19.05;32.57;0;1
40011;VorSchwester;86.74;19.05;32.57;0;1
40011;NachSchwester;90.36;14.28;28.94;0;1
40011;VorArzt;104.29;8.22;15.02;0;1
40011;NachArzt;110.65;2.25;8.66;0;1
40014;Ankunft;90.12;24.31;32.05;0;1
40014;NachRezeption;94.60;19.05;27.57;0;1
40014;VorSchwester;94.60;19.05;27.57;0;1
40014;NachSchwester;99.10;14.28;23.07;0;1
40014;VorArzt;100.83;8.22;21.35;0;1
40014;NachArzt;112.22;2.25;9.95;0;1
40016;Ankunft;105.73;18.82;20.14;1;1
40016;NachRezeption;107.64;14.28;18.24;0;1
40016;VorArzt;109.75;8.22;16.12;0;1
40016;NachArzt;112.76;2.25;13.12;0;1
40015;Ankunft;103.61;18.82;25.54;0;1
40015;NachRezeption;104.49;19.05;24.66;0;1
40015;VorSchwester;104.49;19.05;24.66;0;1
40015;NachSchwester;111.92;14.28;17.22;1;1
40015;VorArzt;114.63;8.22;14.51;0;1
40015;NachArzt;120.71;2.25;8.44;0;1
40018;Ankunft;118.52;18.82;17.18;1;1
40018;NachRezeption;126.93;14.28;8.77;0;1
40018;VorArzt;128.07;8.22;7.63;1;1
40018;NachArzt;130.62;2.25;5.08;0;1
40022;Ankunft;135.06;18.82;12.58;0;1
40022;NachRezeption;136.52;14.28;11.12;0;1
40022;VorArzt;136.80;8.22;10.84;0;1
40022;NachArzt;146.98;2.25;0.66;0;1
40019;Ankunft;119.73;18.82;29.84;0;1
40019;NachRezeption;128.07;14.28;21.51;0;1
40019;VorArzt;133.08;8.22;16.50;0;1
40019;NachArzt;148.27;2.25;1.30;0;1
40020;Ankunft;128.90;24.31;27.94;1;1
40020;NachRezeption;132.12;19.05;24.72;0;1
40020;VorSchwester;132.12;19.05;24.72;0;1
40020;NachSchwester;135.50;14.28;21.33;0;1
40020;VorArzt;140.60;8.22;16.23;0;1
40020;NachArzt;156.58;0.25;0.25;1;1
40023;Ankunft;135.24;18.82;29.52;0;1
40023;NachRezeption;136.79;14.28;27.97;0;1
40023;VorArzt;137.74;8.22;27.02;0;1
40023;NachArzt;164.50;0.25;0.25;1;1
40021;Ankunft;132.56;18.82;34.81;0;1
40021;NachRezeption;136.26;14.28;31.11;0;1
40021;VorArzt;140.26;8.22;27.11;0;1
40021;NachArzt;167.12;0.25;0.25;1;1
40028;Ankunft;144.31;18.82;25.90;0;1
40028;NachRezeption;144.72;19.05;25.48;0;1
40028;VorSchwester;144.72;19.05;25.48;0;1
40028;NachSchwester;147.08;14.28;23.12;0;1
40028;VorArzt;147.48;8.22;22.73;0;1
40028;NachArzt;169.95;0.25;0.25;1;1
40029;Ankunft;145.69;24.31;30.45;0;1
40029;NachRezeption;146.52;19.05;29.63;0;1
40029;VorSchwester;146.52;19.05;29.63;0;1
40029;NachSchwester;153.06;14.28;23.08;0;1
40029;VorArzt;158.66;8.22;17.48;0;1
40029;NachArzt;175.89;0.25;0.25;1;1
40025;Ankunft;138.54;18.82;38.14;0;1
40025;NachRezeption;139.82;19.05;36.87;0;1
40025;VorSchwester;139.82;19.05;36.87;0;1
40025;NachSchwester;146.54;14.28;30.15;0;1
40025;VorArzt;147.77;8.22;28.91;0;1
40025;NachArzt;176.43;0.25;0.25;1;1
40026;Ankunft;139.10;24.31;43.77;0;1
40026;NachRezeption;142.01;19.05;40.86;0;1
40026;VorSchwester;142.01;19.05;40.86;0;1
40026;NachSchwester;144.70;14.28;38.17;0;1
40026;VorArzt;145.52;8.22;37.35;0;1
40026;NachArzt;165.01;2.25;17.86;0;1
40017;Ankunft;112.51;24.31;73.63;0;1
40017;NachRezeption;124.11;19.05;62.03;0;1
40017;VorSchwester;124.11;19.05;62.03;0;1
40017;NachSchwester;131.69;14.28;54.45;0;1
40017;VorArzt;161.31;8.22;24.83;0;1
40017;NachArzt;185.89;0.25;0.25;1;1
40027;Ankunft;139.21;18.82;51.55;0;1
40027;NachRezeption;144.41;14.28;46.35;0;1
40027;VorArzt;146.06;8.22;44.70;0;1
40027;NachArzt;170.52;2.25;20.24;0;1
40035;Ankunft;159.17;18.82;34.83;0;1
40035;NachRezeption;172.17;14.28;21.83;0;1
40035;VorArzt;174.51;8.22;19.49;0;1
40035;NachArzt;193.75;0.25;0.25;1;1
40030;Ankunft;151.00;24.31;46.66;0;1
40030;NachRezeption;153.86;14.28;43.80;0;1
40030;VorArzt;160.27;8.22;37.39;0;1
40030;NachArzt;180.18;2.25;17.48;0;1
40031;Ankunft;151.92;18.82;50.50;0;1
40031;NachRezeption;155.71;19.05;46.71;0;1
40031;VorSchwester;155.71;19.05;46.71;0;1
40031;NachSchwester;160.66;14.28;41.75;0;1
40031;VorArzt;166.80;8.22;35.61;0;1
40031;NachArzt;202.17;0.25;0.25;1;1
40040;Ankunft;165.69;18.82;41.61;0;1
40040;NachRezeption;184.11;14.28;23.19;0;1
40040;VorArzt;186.55;8.22;20.76;0;1
40040;NachArzt;207.05;0.25;0.25;1;1
40050;Ankunft;189.88;18.82;27.27;0;1
40050;NachRezeption;205.43;19.05;11.73;0;1
40050;VorSchwester;205.43;19.05;11.73;0;1
40050;NachSchwester;207.25;14.28;9.90;0;1
40050;VorArzt;208.07;8.22;9.08;1;1
40050;NachArzt;216.90;0.25;0.25;1;1
40033;Ankunft;153.62;18.82;64.73;0;1
40033;NachRezeption;168.40;19.05;49.95;0;1
40033;VorSchwester;168.40;19.05;49.95;0;1
40033;NachSchwester;171.90;14.28;46.45;0;1
40033;VorArzt;176.25;8.22;42.10;0;1
40033;NachArzt;201.45;2.25;16.90;0;1
40037;Ankunft;160.71;18.82;59.55;0;1
40037;NachRezeption;173.79;14.28;46.47;0;1
40037;VorArzt;178.87;8.22;41.39;0;1
40037;NachArzt;220.01;0.25;0.25;1;1
40032;Ankunft;153.28;18.82;74.21;0;1
40032;NachRezeption;157.13;19.05;70.36;0;1
40032;VorSchwester;157.13;19.05;70.36;0;1
40032;NachSchwester;159.38;14.28;68.11;0;1
40032;VorArzt;167.09;8.22;60.40;0;1
40032;NachArzt;205.36;2.25;22.12;0;1
40036;Ankunft;160.12;18.82;70.80;0;1
40036;NachRezeption;173.19;14.28;57.74;0;1
40036;VorArzt;177.34;8.22;53.58;0;1
40036;NachArzt;208.25;2.25;22.67;0;1
40041;Ankunft;169.73;18.82;62.01;0;1
40041;NachRezeption;190.29;14.28;41.45;0;1
40041;VorArzt;190.46;8.22;41.28;0;1
40041;NachArzt;208.52;2.25;23.22;0;1
40048;Ankunft;184.10;18.82;54.21;0;1
40048;NachRezeption;202.58;19.05;35.73;0;1
40048;VorSchwester;202.58;19.05;35.73;0;1
40048;NachSchwester;207.16;14.28;31.15;0;1
40048;VorArzt;207.75;8.22;30.56;0;1
40048;NachArzt;212.84;2.25;25.48;0;1
40042;Ankunft;170.82;18.82;71.56;0;1
40042;NachRezeption;192.34;19.05;50.04;0;1
40042;VorSchwester;192.34;19.05;50.04;0;1
40042;NachSchwester;193.47;14.28;48.92;0;1
40042;VorArzt;194.74;8.22;47.65;0;1
40042;NachArzt;242.14;0.25;0.25;1;1
40052;Ankunft;191.22;18.82;51.55;0;1
40052;NachRezeption;207.69;14.28;35.07;0;1
40052;VorArzt;207.95;8.22;34.81;0;1
40052;NachArzt;215.15;2.25;27.61;0;1
40057;Ankunft;203.07;18.82;43.45;0;1
40057;NachRezeption;221.53;19.05;24.99;0;1
40057;VorSchwester;221.53;19.05;24.99;0;1
40057;NachSchwester;225.66;14.28;20.86;0;1
40057;VorArzt;226.20;8.22;20.32;0;1
40057;NachArzt;246.27;0.25;0.25;1;1
40051;Ankunft;191.09;18.82;61.23;0;1
40051;NachRezeption;206.79;19.05;45.53;0;1
40051;VorSchwester;206.79;19.05;45.53;0;1
40051;NachSchwester;208.80;14.28;43.52;0;1
40051;VorArzt;209.42;8.22;42.90;0;1
40051;NachArzt;218.74;2.25;33.58;0;1
40062;Ankunft;211.15;24.31;44.07;0;1
40062;NachRezeption;232.27;19.05;22.95;1;1
40062;VorSchwester;232.27;19.05;22.95;1;1
40062;NachSchwester;234.01;14.28;21.21;0;1
40062;VorArzt;234.66;8.22;20.56;0;1
40062;NachArzt;254.97;0.25;0.25;1;1
40038;Ankunft;162.31;18.82;95.65;0;1
40038;NachRezeption;174.82;19.05;83.14;0;1
40038;VorSchwester;174.82;19.05;83.14;0;1
40038;NachSchwester;179.57;14.28;78.39;0;1
40038;VorArzt;183.35;8.22;74.61;0;1
40038;NachArzt;224.94;2.25;33.02;0;1
40046;Ankunft;181.01;18.82;86.59;0;1
40046;NachRezeption;199.01;14.28;68.59;0;1
40046;VorArzt;201.78;8.22;65.81;0;1
40046;NachArzt;267.35;0.25;0.25;1;1
40024;Ankunft;136.03;24.31;138.07;0;1
40024;NachRezeption;137.28;19.05;136.83;0;1
40024;VorSchwester;137.28;19.05;136.83;0;1
40024;NachSchwester;139.73;14.28;134.37;0;1
40024;VorArzt;213.23;8.22;60.87;0;1
40024;NachArzt;273.85;0.25;0.25;1;1
40047;Ankunft;181.75;24.31;93.24;0;1
40047;NachRezeption;200.42;14.28;74.57;0;1
40047;VorArzt;212.55;8.22;62.44;0;1
40047;NachArzt;230.51;2.25;44.48;0;1
40055;Ankunft;198.85;18.82;76.81;0;1
40055;NachRezeption;214.43;14.28;61.24;0;1
40055;VorArzt;216.23;8.22;59.44;0;1
40055;NachArzt;275.42;0.25;0.25;1;1
40034;Ankunft;153.71;24.31;124.46;0;1
40034;NachRezeption;168.77;19.05;109.40;0;1
40034;VorSchwester;168.77;19.05;109.40;0;1
40034;NachSchwester;173.35;14.28;104.81;0;1
40034;VorArzt;189.12;8.22;89.05;0;1
40034;NachArzt;231.24;2.25;46.93;0;1
40056;Ankunft;199.02;24.31;102.96;0;1
40056;NachRezeption;216.94;19.05;85.04;0;1
40056;VorSchwester;216.94;19.05;85.04;0;1
40056;NachSchwester;220.65;14.28;81.33;0;1
40056;VorArzt;224.52;8.22;77.45;0;1
40056;NachArzt;238.66;2.25;63.32;0;1
40039;Ankunft;162.72;18.82;141.10;0;1
40039;NachRezeption;182.28;19.05;121.54;0;1
40039;VorSchwester;182.28;19.05;121.54;0;1
40039;NachSchwester;188.75;14.28;115.07;0;1
40039;VorArzt;190.23;8.22;113.60;0;1
40039;NachArzt;238.99;2.25;64.83;0;1
40072;Ankunft;233.16;18.82;75.67;0;1
40072;NachRezeption;279.85;14.28;28.98;0;1
40072;VorArzt;280.05;8.22;28.78;0;1
40072;NachArzt;308.58;0.25;0.25;1;1
40043;Ankunft;172.87;18.82;140.11;0;1
40043;NachRezeption;193.86;14.28;119.12;0;1
40043;VorArzt;196.34;8.22;116.64;0;1
40043;NachArzt;244.68;2.25;68.30;0;1
40064;Ankunft;215.34;18.82;99.94;0;1
40064;NachRezeption;244.56;14.28;70.71;0;1
40064;VorArzt;244.87;8.22;70.41;0;1
40064;NachArzt;315.03;0.25;0.25;1;1
40053;Ankunft;192.15;24.31;127.63;0;1
40053;NachRezeption;209.16;19.05;110.63;0;1
40053;VorSchwester;209.16;19.05;110.63;0;1
40053;NachSchwester;214.41;14.28;105.38;0;1
40053;VorArzt;231.73;8.22;88.05;0;1
40053;NachArzt;253.25;2.25;66.54;0;1
40045;Ankunft;178.73;18.82;145.34;0;1
40045;NachRezeption;197.15;14.28;126.92;0;1
40045;VorArzt;199.38;8.22;124.69;0;1
40045;NachArzt;258.39;2.25;65.68;0;1
40044;Ankunft;177.64;24.31;148.73;0;1
40044;NachRezeption;194.99;19.05;131.38;0;1
40044;VorSchwester;194.99;19.05;131.38;0;1
40044;NachSchwester;199.05;14.28;127.32;0;1
40044;VorArzt;201.47;8.22;124.90;0;1
40044;NachArzt;261.85;2.25;64.52;0;1
40082;Ankunft;244.37;18.82;85.99;0;1
40082;NachRezeption;310.70;14.28;19.66;0;1
40082;VorArzt;317.23;8.22;13.13;0;1
40082;NachArzt;330.11;0.25;0.25;1;1
40060;Ankunft;206.66;18.82;126.74;0;1
40060;NachRezeption;227.92;19.05;105.48;0;1
40060;VorSchwester;227.92;19.05;105.48;0;1
40060;NachSchwester;232.47;14.28;100.93;0;1
40060;VorArzt;236.57;8.22;96.83;0;1
40060;NachArzt;302.15;2.25;31.25;0;1
40086;Ankunft;247.92;18.82;87.00;0;1
40086;NachRezeption;317.81;14.28;17.10;1;1
40086;VorArzt;323.97;8.22;10.94;0;1
40086;NachArzt;334.67;0.25;0.25;1;1
40059;Ankunft;206.38;24.31;129.10;0;1
40059;NachRezeption;227.67;14.28;107.80;0;1
40059;VorArzt;244.02;8.22;91.46;0;1
40059;NachArzt;262.78;2.25;72.69;0;1
40077;Ankunft;237.81;18.82;98.30;0;1
40077;NachRezeption;293.80;19.05;42.30;0;1
40077;VorSchwester;293.80;19.05;42.30;0;1
40077;NachSchwester;295.71;14.28;40.39;0;1
40077;VorArzt;300.48;8.22;35.62;0;1
40077;NachArzt;335.85;0.25;0.25;1;1
40049;Ankunft;189.81;18.82;149.33;0;1
40049;NachRezeption;203.47;14.28;135.67;0;1
40049;VorArzt;203.75;8.22;135.38;0;1
40049;NachArzt;272.29;2.25;66.85;0;1
40066;Ankunft;221.01;18.82;122.81;0;1
40066;NachRezeption;252.90;14.28;90.92;0;1
40066;VorArzt;254.36;8.22;89.46;0;1
40066;NachArzt;275.90;2.25;67.92;0;1
40065;Ankunft;216.79;18.82;127.41;0;1
40065;NachRezeption;248.79;19.05;95.41;0;1
40065;VorSchwester;248.79;19.05;95.41;0;1
40065;NachSchwester;252.29;14.28;91.91;0;1
40065;VorArzt;254.86;8.22;89.34;0;1
40065;NachArzt;281.13;2.25;63.07;0;1
40078;Ankunft;237.82;24.31;107.08;0;1
40078;NachRezeption;294.77;19.05;50.14;0;1
40078;VorSchwester;294.77;19.05;50.14;0;1
40078;NachSchwester;297.75;14.28;47.15;0;1
40078;VorArzt;308.09;8.22;36.82;0;1
40078;NachArzt;344.66;0.25;0.25;1;1
40083;Ankunft;245.36;18.82;104.19;0;1
40083;NachRezeption;314.32;14.28;35.23;0;1
40083;VorArzt;316.63;8.22;32.92;0;1
40083;NachArzt;349.30;0.25;0.25;1;1
40054;Ankunft;192.51;24.31;158.28;0;1
40054;NachRezeption;211.27;19.05;139.53;0;1
40054;VorSchwester;211.27;19.05;139.53;0;1
40054;NachSchwester;215.21;14.28;135.59;0;1
40054;VorArzt;223.76;8.22;127.04;0;1
40054;NachArzt;282.28;2.25;68.51;0;1
40058;Ankunft;204.16;18.82;152.06;0;1
40058;NachRezeption;222.51;14.28;133.71;0;1
40058;VorArzt;224.04;8.22;132.19;0;1
40058;NachArzt;294.17;2.25;62.06;0;1
40069;Ankunft;225.37;18.82;137.15;0;1
40069;NachRezeption;265.07;14.28;97.45;0;1
40069;VorArzt;265.40;8.22;97.12;0;1
40069;NachArzt;296.32;2.25;66.21;0;1
40061;Ankunft;207.52;18.82;160.79;0;1
40061;NachRezeption;229.00;19.05;139.31;0;1
40061;VorSchwester;229.00;19.05;139.31;0;1
40061;NachSchwester;230.38;14.28;137.92;0;1
40061;VorArzt;231.97;8.22;136.33;0;1
40061;NachArzt;296.45;2.25;71.85;0;1
40068;Ankunft;223.78;24.31;145.66;0;1
40068;NachRezeption;256.06;19.05;113.37;0;1
40068;VorSchwester;256.06;19.05;113.37;0;1
40068;NachSchwester;259.53;14.28;109.91;0;1
40068;VorArzt;260.72;8.22;108.71;0;1
40068;NachArzt;289.40;2.25;80.03;0;1
40091;Ankunft;262.10;24.31;108.94;0;1
40091;NachRezeption;328.28;19.05;42.75;0;1
40091;VorSchwester;328.28;19.05;42.75;0;1
40091;NachSchwester;336.06;14.28;34.97;0;1
40091;VorArzt;365.40;8.22;5.63;0;1
40091;NachArzt;370.78;0.25;0.25;1;1
40070;Ankunft;226.87;18.82;144.18;0;1
40070;NachRezeption;267.71;14.28;103.34;0;1
40070;VorArzt;268.12;8.22;102.93;0;1
40070;NachArzt;302.22;2.25;68.83;0;1
40063;Ankunft;215.14;24.31;160.64;0;1
40063;NachRezeption;240.65;14.28;135.12;0;1
40063;VorArzt;243.95;8.22;131.83;0;1
40063;NachArzt;308.14;2.25;67.64;0;1
40075;Ankunft;235.45;24.31;142.96;0;1
40075;NachRezeption;288.61;14.28;89.80;0;1
40075;VorArzt;304.61;8.22;73.80;0;1
40075;NachArzt;312.92;2.25;65.49;0;1
40079;Ankunft;239.61;18.82;143.74;0;1
40079;NachRezeption;304.86;14.28;78.49;0;1
40079;VorArzt;305.16;8.22;78.19;0;1
40079;NachArzt;318.65;2.25;64.70;0;1
40087;Ankunft;252.42;24.31;131.86;0;1
40087;NachRezeption;318.85;19.05;65.43;0;1
40087;VorSchwester;318.85;19.05;65.43;0;1
40087;NachSchwester;325.18;14.28;59.11;0;1
40087;VorArzt;345.02;8.22;39.26;0;1
40087;NachArzt;384.03;0.25;0.25;1;1
40073;Ankunft;234.19;18.82;152.03;0;1
40073;NachRezeption;285.84;14.28;100.39;0;1
40073;VorArzt;286.97;8.22;99.25;0;1
40073;NachArzt;323.58;2.25;62.64;0;1
40094;Ankunft;282.12;18.82;105.72;0;1
40094;NachRezeption;345.73;19.05;42.11;0;1
40094;VorSchwester;345.73;19.05;42.11;0;1
40094;NachSchwester;349.03;14.28;38.81;0;1
40094;VorArzt;349.51;8.22;38.33;0;1
40094;NachArzt;387.59;0.25;0.25;1;1
40071;Ankunft;231.06;24.31;157.24;0;1
40071;NachRezeption;276.50;19.05;111.80;0;1
40071;VorSchwester;276.50;19.05;111.80;0;1
40071;NachSchwester;280.42;14.28;107.88;0;1
40071;VorArzt;312.73;8.22;75.57;0;1
40071;NachArzt;325.13;2.25;63.18;0;1
40096;Ankunft;289.33;18.82;101.46;0;1
40096;NachRezeption;357.14;14.28;33.65;0;1
40096;VorArzt;357.49;8.22;33.30;0;1
40096;NachArzt;390.54;0.25;0.25;1;1
40067;Ankunft;222.72;24.31;170.39;0;1
40067;NachRezeption;254.89;19.05;138.22;0;1
40067;VorSchwester;254.89;19.05;138.22;0;1
40067;NachSchwester;262.08;14.28;131.03;0;1
40067;VorArzt;287.55;8.22;105.57;0;1
40067;NachArzt;332.66;2.25;60.45;0;1
40099;Ankunft;306.57;18.82;92.29;0;1
40099;NachRezeption;375.34;19.05;23.52;1;1
40099;VorSchwester;375.34;19.05;23.52;1;1
40099;NachSchwester;376.53;14.28;22.33;0;1
40099;VorArzt;377.66;8.22;21.20;0;1
40099;NachArzt;398.61;0.25;0.25;1;1
40100;Ankunft;316.21;18.82;98.20;0;1
40100;NachRezeption;380.96;14.28;33.45;0;1
40100;VorArzt;384.74;8.22;29.67;0;1
40100;NachArzt;414.16;0.25;0.25;1;1
40103;Ankunft;338.90;18.82;79.94;0;1
40103;NachRezeption;407.06;14.28;11.78;0;1
40103;VorArzt;408.73;8.22;10.11;1;1
40103;NachArzt;418.59;0.25;0.25;1;1
40076;Ankunft;236.09;18.82;183.93;0;1
40076;NachRezeption;292.69;19.05;127.32;0;1
40076;VorSchwester;292.69;19.05;127.32;0;1
40076;NachSchwester;298.14;14.28;121.88;0;1
40076;VorArzt;301.76;8.22;118.26;0;1
40076;NachArzt;340.63;2.25;79.39;0;1
40085;Ankunft;247.22;18.82;173.71;0;1
40085;NachRezeption;317.01;19.05;103.91;0;1
40085;VorSchwester;317.01;19.05;103.91;0;1
40085;NachSchwester;320.52;14.28;100.41;0;1
40085;VorArzt;325.80;8.22;95.13;0;1
40085;NachArzt;341.37;2.25;79.56;0;1
40074;Ankunft;235.33;24.31;188.83;0;1
40074;NachRezeption;286.83;19.05;137.33;0;1
40074;VorSchwester;286.83;19.05;137.33;0;1
40074;NachSchwester;291.27;14.28;132.88;0;1
40074;VorArzt;331.73;8.22;92.42;0;1
40074;NachArzt;347.51;2.25;76.65;0;1
40084;Ankunft;247.03;18.82;181.32;0;1
40084;NachRezeption;315.05;14.28;113.30;0;1
40084;VorArzt;317.23;8.22;111.12;0;1
40084;NachArzt;355.23;2.25;73.12;0;1
40088;Ankunft;257.63;24.31;184.86;0;1
40088;NachRezeption;321.73;19.05;120.76;0;1
40088;VorSchwester;321.73;19.05;120.76;0;1
40088;NachSchwester;326.11;14.28;116.37;0;1
40088;VorArzt;336.27;8.22;106.22;0;1
40088;NachArzt;359.37;2.25;83.11;0;1
40080;Ankunft;240.13;24.31;206.62;0;1
40080;NachRezeption;308.91;19.05;137.84;0;1
40080;VorSchwester;308.91;19.05;137.84;0;1
40080;NachSchwester;311.48;14.28;135.27;0;1
40080;VorArzt;318.25;8.22;128.50;0;1
40080;NachArzt;361.80;2.25;84.95;0;1
40081;Ankunft;241.25;18.82;206.04;0;1
40081;NachRezeption;309.79;19.05;137.51;0;1
40081;VorSchwester;309.79;19.05;137.51;0;1
40081;NachSchwester;320.40;14.28;126.90;0;1
40081;VorArzt;324.45;8.22;122.84;0;1
40081;NachArzt;372.94;2.25;74.36;0;1
40090;Ankunft;260.79;18.82;188.19;0;1
40090;NachRezeption;325.25;14.28;123.73;0;1
40090;VorArzt;327.64;8.22;121.35;0;1
40090;NachArzt;375.16;2.25;73.82;0;1
40089;Ankunft;258.77;18.82;191.79;0;1
40089;NachRezeption;324.61;19.05;125.95;0;1
40089;VorSchwester;324.61;19.05;125.95;0;1
40089;NachSchwester;327.76;14.28;122.80;0;1
40089;VorArzt;328.61;8.22;121.95;0;1
40089;NachArzt;376.96;2.25;73.60;0;1
40092;Ankunft;262.68;18.82;188.32;0;1
40092;NachRezeption;329.77;19.05;121.23;0;1
40092;VorSchwester;329.77;19.05;121.23;0;1
40092;NachSchwester;332.39;14.28;118.61;0;1
40092;VorArzt;333.03;8.22;117.97;0;1
40092;NachArzt;379.04;2.25;71.96;0;1
40093;Ankunft;267.11;24.31;184.35;0;1
40093;NachRezeption;337.35;19.05;114.11;0;1
40093;VorSchwester;337.35;19.05;114.11;0;1
40093;NachSchwester;345.92;14.28;105.54;0;1
40093;VorArzt;367.61;8.22;83.85;0;1
40093;NachArzt;389.74;2.25;61.72;0;1
40097;Ankunft;299.45;18.82;153.13;0;1
40097;NachRezeption;369.74;19.05;82.83;0;1
40097;VorSchwester;369.74;19.05;82.83;0;1
40097;NachSchwester;374.69;14.28;77.88;0;1
40097;VorArzt;375.24;8.22;77.34;0;1
40097;NachArzt;396.23;2.25;56.35;0;1
40095;Ankunft;288.96;18.82;165.47;0;1
40095;NachRezeption;352.10;19.05;102.33;0;1
40095;VorSchwester;352.10;19.05;102.33;0;1
40095;NachSchwester;368.48;14.28;85.94;0;1
40095;VorArzt;369.85;8.22;84.57;0;1
40095;NachArzt;402.84;2.25;51.58;0;1
40098;Ankunft;302.75;24.31;152.12;0;1
40098;NachRezeption;373.33;19.05;81.54;0;1
40098;VorSchwester;373.33;19.05;81.54;0;1
40098;NachSchwester;376.03;14.28;78.84;0;1
40098;VorArzt;377.68;8.22;77.19;0;1
40098;NachArzt;406.85;2.25;48.03;0;1
40101;Ankunft;333.54;18.82;122.61;0;1
40101;NachRezeption;401.96;14.28;54.19;0;1
40101;VorArzt;403.75;8.22;52.40;0;1
40101;NachArzt;413.82;2.25;42.33;0;1
40102;Ankunft;334.13;18.82;123.89;0;1
40102;NachRezeption;404.18;19.05;53.84;0;1
40102;VorSchwester;404.18;19.05;53.84;0;1
40102;NachSchwester;411.65;14.28;46.37;0;1
40102;VorArzt;412.00;8.22;46.01;0;1
40102;NachArzt;427.12;2.25;30.89;0;1
40104;Ankunft;342.54;18.82;116.42;0;1
40104;NachRezeption;422.22;14.28;36.73;0;1
40104;VorArzt;424.73;8.22;34.22;0;1
40104;NachArzt;427.49;2.25;31.46;0;1
40105;Ankunft;360.95;24.31;105.29;0;1
40105;NachRezeption;444.57;19.05;21.66;1;1
40105;VorSchwester;444.57;19.05;21.66;1;1
40105;NachSchwester;448.96;14.28;17.28;1;1
40105;VorArzt;461.76;8.22;4.47;0;1
40105;NachArzt;465.60;2.25;0.64;0;1
50001;Ankunft;0.00;18.82;16.02;1;1
50001;NachRezeption;0.69;19.05;15.33;0;1
50001;VorSchwester;0.69;19.05;15.33;0;1
50001;NachSchwester;5.21;14.28;10.81;0;1
50001;VorArzt;6.64;8.22;9.38;1;1
50001;NachArzt;15.77;0.25;0.25;1;1
50002;Ankunft;3.20;18.82;16.30;1;1
50002;NachRezeption;3.66;14.28;15.84;1;1
50002;VorArzt;6.03;8.22;13.47;0;1
50002;NachArzt;19.25;0.25;0.25;1;1
50003;Ankunft;13.78;18.82;13.95;0;1
50003;NachRezeption;15.16;14.28;12.57;1;1
50003;VorArzt;20.95;8.22;6.78;0;1
50003;NachArzt;25.08;2.25;2.65;1;1
50004;Ankunft;23.62;18.82;6.09;0;1
50004;NachRezeption;25.64;14.28;4.06;0;1
50004;VorArzt;26.20;8.22;3.51;0;1
50004;NachArzt;29.46;0.25;0.25;1;1
50006;Ankunft;36.93;18.82;17.66;1;1
50006;NachRezeption;39.90;14.28;14.69;1;1
50006;VorArzt;44.23;8.22;10.36;0;1
50006;NachArzt;51.89;2.25;2.70;1;1
50007;Ankunft;51.43;18.82;18.97;1;1
50007;NachRezeption;52.30;19.05;18.10;1;1
50007;VorSchwester;52.30;19.05;18.10;1;1
50007;NachSchwester;58.58;14.28;11.83;0;1
50007;VorArzt;59.43;8.22;10.98;0;1
50007;NachArzt;70.15;0.25;0.25;1;1
50005;Ankunft;36.65;24.31;35.30;0;1
50005;NachRezeption;38.00;19.05;33.94;0;1
50005;VorSchwester;38.00;19.05;33.94;0;1
50005;NachSchwester;43.62;14.28;28.33;0;1
50005;VorArzt;63.75;8.22;8.20;1;1
50005;NachArzt;69.65;2.25;2.29;1;1
50009;Ankunft;63.91;18.82;12.95;0;1
50009;NachRezeption;64.98;14.28;11.88;0;1
50009;VorArzt;67.22;8.22;9.64;1;1
50009;NachArzt;73.56;2.25;3.30;0;1
50011;Ankunft;71.36;18.82;8.87;0;1
50011;NachRezeption;72.39;14.28;7.84;0;1
50011;VorArzt;73.46;8.22;6.76;0;1
50011;NachArzt;79.98;0.25;0.25;1;1
50008;Ankunft;61.39;24.31;23.05;1;1
50008;NachRezeption;63.07;19.05;21.37;1;1
50008;VorSchwester;63.07;19.05;21.37;1;1
50008;NachSchwester;67.53;14.28;16.91;1;1
50008;VorArzt;80.64;8.22;3.80;0;1
50008;NachArzt;84.19;0.25;0.25;1;1
50010;Ankunft;69.48;24.31;18.52;0;1
50010;NachRezeption;71.24;14.28;16.76;1;1
50010;VorArzt;76.87;8.22;11.12;0;1
50010;NachArzt;83.64;2.25;4.35;0;1
50012;Ankunft;73.22;24.31;17.02;0;1
50012;NachRezeption;76.22;19.05;14.02;0;1
50012;VorSchwester;76.22;19.05;14.02;0;1
50012;NachSchwester;77.93;14.28;12.31;1;1
50012;VorArzt;82.42;8.22;7.82;1;1
50012;NachArzt;85.65;2.25;4.59;0;1
50014;Ankunft;83.48;18.82;14.87;0;1
50014;NachRezeption;85.08;19.05;13.27;0;1
50014;VorSchwester;85.08;19.05;13.27;0;1
50014;NachSchwester;90.44;14.28;7.91;0;1
50014;VorArzt;92.03;8.22;6.32;0;1
50014;NachArzt;98.10;0.25;0.25;1;1
50013;Ankunft;73.79;24.31;25.05;1;1
50013;NachRezeption;79.29;19.05;19.55;1;1
50013;VorSchwester;79.29;19.05;19.55;1;1
50013;NachSchwester;84.12;14.28;14.72;1;1
50013;VorArzt;93.83;8.22;5.01;0;1
50013;NachArzt;97.16;2.25;1.68;0;1
50017;Ankunft;98.49;18.82;7.70;0;1
50017;NachRezeption;99.36;19.05;6.84;0;1
50017;VorSchwester;99.36;19.05;6.84;0;1
50017;NachSchwester;103.46;14.28;2.74;0;1
50017;VorArzt;104.05;8.22;2.15;0;1
50017;NachArzt;105.95;0.25;0.25;1;1
50015;Ankunft;83.82;24.31;23.95;1;1
50015;NachRezeption;89.71;19.05;18.06;1;1
50015;VorSchwester;89.71;19.05;18.06;1;1
50015;NachSchwester;91.44;14.28;16.32;1;1
50015;VorArzt;97.08;8.22;10.69;0;1
50015;NachArzt;102.80;2.25;4.97;0;1
50021;Ankunft;107.05;18.82;8.64;0;1
50021;NachRezeption;110.71;19.05;4.99;0;1
50021;VorSchwester;110.71;19.05;4.99;0;1
50021;NachSchwester;111.81;14.28;3.89;0;1
50021;VorArzt;112.16;8.22;3.53;0;1
50021;NachArzt;115.45;0.25;0.25;1;1
50018;Ankunft;98.58;18.82;17.24;1;1
50018;NachRezeption;99.83;19.05;15.99;1;1
50018;VorSchwester;99.83;19.05;15.99;1;1
50018;NachSchwester;102.26;14.28;13.56;1;1
50018;VorArzt;105.40;8.22;10.42;0;1
50018;NachArzt;110.31;2.25;5.51;0;1
50016;Ankunft;95.90;18.82;23.43;1;1
50016;NachRezeption;96.48;14.28;22.85;0;1
50016;VorArzt;101.59;8.22;17.74;0;1
50016;NachArzt;112.83;2.25;6.49;0;1
50020;Ankunft;105.04;18.82;22.51;1;1
50020;NachRezeption;108.69;14.28;18.86;0;1
50020;VorArzt;108.87;8.22;18.68;0;1
50020;NachArzt;121.67;2.25;5.88;0;1
50023;Ankunft;112.58;18.82;21.27;1;1
50023;NachRezeption;116.49;19.05;17.37;1;1
50023;VorSchwester;116.49;19.05;17.37;1;1
50023;NachSchwester;119.47;14.28;14.39;1;1
50023;VorArzt;120.79;8.22;13.07;0;1
50023;NachArzt;125.18;2.25;8.67;0;1
50022;Ankunft;109.29;24.31;25.19;1;1
50022;NachRezeption;112.14;19.05;22.34;1;1
50022;VorSchwester;112.14;19.05;22.34;1;1
50022;NachSchwester;119.08;14.28;15.41;1;1
50022;VorArzt;125.76;8.22;8.72;1;1
50022;NachArzt;134.23;0.25;0.25;1;1
50025;Ankunft;114.04;18.82;21.57;1;1
50025;NachRezeption;120.47;14.28;15.14;1;1
50025;VorArzt;124.83;8.22;10.78;0;1
50025;NachArzt;135.36;0.25;0.25;1;1
50026;Ankunft;116.10;18.82;24.52;0;1
50026;NachRezeption;122.63;14.28;17.99;0;1
50026;VorArzt;122.80;8.22;17.82;0;1
50026;NachArzt;128.59;2.25;12.03;0;1
50019;Ankunft;103.81;24.31;38.35;0;1
50019;NachRezeption;107.86;19.05;34.30;0;1
50019;VorSchwester;107.86;19.05;34.30;0;1
50019;NachSchwester;113.68;14.28;28.48;0;1
50019;VorArzt;136.10;8.22;6.06;0;1
50019;NachArzt;141.91;0.25;0.25;1;1
50028;Ankunft;120.82;18.82;21.88;1;1
50028;NachRezeption;124.58;19.05;18.12;1;1
50028;VorSchwester;124.58;19.05;18.12;1;1
50028;NachSchwester;127.08;14.28;15.62;1;1
50028;VorArzt;128.13;8.22;14.57;0;1
50028;NachArzt;142.45;0.25;0.25;1;1
50027;Ankunft;119.70;18.82;24.50;0;1
50027;NachRezeption;124.14;14.28;20.06;0;1
50027;VorArzt;129.42;8.22;14.78;0;1
50027;NachArzt;143.95;0.25;0.25;1;1
50024;Ankunft;112.79;24.31;33.06;0;1
50024;NachRezeption;118.06;19.05;27.79;0;1
50024;VorSchwester;118.06;19.05;27.79;0;1
50024;NachSchwester;119.55;14.28;26.30;0;1
50024;VorArzt;129.88;8.22;15.97;0;1
50024;NachArzt;145.60;0.25;0.25;1;1
50030;Ankunft;124.62;24.31;22.03;1;1
50030;NachRezeption;132.44;14.28;14.20;1;1
50030;VorArzt;138.17;8.22;8.47;1;1
50030;NachArzt;146.40;0.25;0.25;1;1
50031;Ankunft;125.53;18.82;25.84;0;1
50031;NachRezeption;134.48;19.05;16.89;1;1
50031;VorSchwester;134.48;19.05;16.89;1;1
50031;NachSchwester;138.67;14.28;12.70;1;1
50031;VorArzt;140.85;8.22;10.52;0;1
50031;NachArzt;151.12;0.25;0.25;1;1
50032;Ankunft;130.66;18.82;21.28;1;1
50032;NachRezeption;141.49;14.28;10.45;0;1
50032;VorArzt;142.39;8.22;9.55;1;1
50032;NachArzt;151.69;0.25;0.25;1;1
50029;Ankunft;123.65;18.82;28.32;0;1
50029;NachRezeption;128.45;19.05;23.51;1;1
50029;VorSchwester;128.45;19.05;23.51;1;1
50029;NachSchwester;130.50;14.28;21.46;0;1
50029;VorArzt;135.74;8.22;16.22;0;1
50029;NachArzt;138.14;2.25;13.82;0;1
50035;Ankunft;135.35;18.82;22.37;1;1
50035;NachRezeption;147.14;19.05;10.59;0;1
50035;VorSchwester;147.14;19.05;10.59;0;1
50035;NachSchwester;148.56;14.28;9.16;0;1
50035;VorArzt;148.79;8.22;8.93;1;1
50035;NachArzt;157.47;0.25;0.25;1;1
50036;Ankunft;136.23;18.82;27.78;0;1
50036;NachRezeption;147.59;14.28;16.42;1;1
50036;VorArzt;149.80;8.22;14.20;0;1
50036;NachArzt;163.76;0.25;0.25;1;1
50034;Ankunft;134.66;18.82;30.69;0;1
50034;NachRezeption;142.47;14.28;22.88;0;1
50034;VorArzt;143.57;8.22;21.78;0;1
50034;NachArzt;162.80;2.25;2.55;1;1
50038;Ankunft;138.09;18.82;32.42;0;1
50038;NachRezeption;149.05;14.28;21.45;0;1
50038;VorArzt;150.62;8.22;19.89;0;1
50038;NachArzt;166.22;2.25;4.29;0;1
50033;Ankunft;132.90;18.82;39.96;0;1
50033;NachRezeption;141.69;19.05;31.16;0;1
50033;VorSchwester;141.69;19.05;31.16;0;1
50033;NachSchwester;150.96;14.28;21.89;0;1
50033;VorArzt;152.85;8.22;20.00;0;1
50033;NachArzt;172.60;0.25;0.25;1;1
50042;Ankunft;158.07;18.82;15.59;0;1
50042;NachRezeption;158.98;14.28;14.68;1;1
50042;VorArzt;159.44;8.22;14.23;0;1
50042;NachArzt;173.41;0.25;0.25;1;1
50046;Ankunft;171.01;18.82;18.81;1;1
50046;NachRezeption;179.08;19.05;10.74;0;1
50046;VorSchwester;179.08;19.05;10.74;0;1
50046;NachSchwester;185.37;14.28;4.46;0;1
50046;VorArzt;186.19;8.22;3.63;0;1
50046;NachArzt;189.58;0.25;0.25;1;1
50050;Ankunft;173.22;18.82;23.45;1;1
50050;NachRezeption;185.84;14.28;10.82;0;1
50050;VorArzt;187.72;8.22;8.95;1;1
50050;NachArzt;196.41;0.25;0.25;1;1
50044;Ankunft;162.81;18.82;34.66;0;1
50044;NachRezeption;164.11;14.28;33.36;0;1
50044;VorArzt;164.68;8.22;32.79;0;1
50044;NachArzt;197.22;0.25;0.25;1;1
50040;Ankunft;152.47;18.82;45.88;0;1
50040;NachRezeption;153.04;14.28;45.31;0;1
50040;VorArzt;154.80;8.22;43.55;0;1
50040;NachArzt;179.28;2.25;19.06;0;1
50043;Ankunft;158.27;18.82;40.41;0;1
50043;NachRezeption;160.11;19.05;38.57;0;1
50043;VorSchwester;160.11;19.05;38.57;0;1
50043;NachSchwester;164.83;14.28;33.86;0;1
50043;VorArzt;165.24;8.22;33.44;0;1
50043;NachArzt;180.29;2.25;18.39;0;1
50053;Ankunft;175.06;18.82;25.56;0;1
50053;NachRezeption;191.70;14.28;8.92;0;1
50053;VorArzt;192.03;8.22;8.59;1;1
50053;NachArzt;200.37;0.25;0.25;1;1
50041;Ankunft;153.94;18.82;47.29;0;1
50041;NachRezeption;154.81;14.28;46.43;0;1
50041;VorArzt;156.60;8.22;44.64;0;1
50041;NachArzt;181.88;2.25;19.36;0;1
50045;Ankunft;169.93;18.82;39.83;0;1
50045;NachRezeption;177.83;19.05;31.92;0;1
50045;VorSchwester;177.83;19.05;31.92;0;1
50045;NachSchwester;180.27;14.28;29.48;0;1
50045;VorArzt;182.22;8.22;27.54;0;1
50045;NachArzt;187.21;2.25;22.55;0;1
50039;Ankunft;147.83;18.82;62.27;0;1
50039;NachRezeption;152.22;19.05;57.88;0;1
50039;VorSchwester;152.22;19.05;57.88;0;1
50039;NachSchwester;157.11;14.28;53.00;0;1
50039;VorArzt;157.40;8.22;52.70;0;1
50039;NachArzt;188.41;2.25;21.69;0;1
50049;Ankunft;173.21;18.82;37.93;0;1
50049;NachRezeption;184.17;14.28;26.97;0;1
50049;VorArzt;185.10;8.22;26.04;0;1
50049;NachArzt;210.89;0.25;0.25;1;1
50060;Ankunft;187.13;18.82;24.32;0;1
50060;NachRezeption;204.47;14.28;6.99;0;1
50060;VorArzt;204.73;8.22;6.72;0;1
50060;NachArzt;211.21;0.25;0.25;1;1
50037;Ankunft;137.71;24.31;76.89;0;1
50037;NachRezeption;147.91;19.05;66.68;0;1
50037;VorSchwester;147.91;19.05;66.68;0;1
50037;NachSchwester;150.82;14.28;63.78;0;1
50037;VorArzt;163.64;8.22;50.96;0;1
50037;NachArzt;191.84;2.25;22.76;0;1
50062;Ankunft;192.48;18.82;28.91;0;1
50062;NachRezeption;215.10;14.28;6.30;0;1
50062;VorArzt;216.28;8.22;5.12;0;1
50062;NachArzt;221.15;0.25;0.25;1;1
50047;Ankunft;171.39;24.31;55.80;0;1
50047;NachRezeption;179.82;19.05;47.37;0;1
50047;VorSchwester;179.82;19.05;47.37;0;1
50047;NachSchwester;189.89;14.28;37.30;0;1
50047;VorArzt;192.86;8.22;34.33;0;1
50047;NachArzt;226.94;0.25;0.25;1;1
50051;Ankunft;173.95;18.82;54.58;0;1
50051;NachRezeption;187.68;14.28;40.84;0;1
50051;VorArzt;190.35;8.22;38.18;0;1
50051;NachArzt;198.70;2.25;29.83;0;1
50052;Ankunft;174.70;18.82;72.68;0;1
50052;NachRezeption;190.30;14.28;57.08;0;1
50052;VorArzt;195.35;8.22;52.03;0;1
50052;NachArzt;247.13;0.25;0.25;1;1
50058;Ankunft;181.61;18.82;67.44;0;1
50058;NachRezeption;200.71;14.28;48.34;0;1
50058;VorArzt;203.89;8.22;45.16;0;1
50058;NachArzt;207.84;2.25;41.21;0;1
50057;Ankunft;177.01;18.82;77.09;0;1
50057;NachRezeption;197.48;19.05;56.61;0;1
50057;VorSchwester;197.48;19.05;56.61;0;1
50057;NachSchwester;202.22;14.28;51.87;0;1
50057;VorArzt;206.18;8.22;47.91;0;1
50057;NachArzt;216.34;2.25;37.75;0;1
50064;Ankunft;193.14;18.82;67.93;0;1
50064;NachRezeption;219.50;14.28;41.58;0;1
50064;VorArzt;220.24;8.22;40.84;0;1
50064;NachArzt;226.22;2.25;34.86;0;1
50055;Ankunft;175.75;24.31;85.59;0;1
50055;NachRezeption;194.70;19.05;66.64;0;1
50055;VorSchwester;194.70;19.05;66.64;0;1
50055;NachSchwester;197.67;14.28;63.67;0;1
50055;VorArzt;209.12;8.22;52.21;0;1
50055;NachArzt;261.09;0.25;0.25;1;1
50068;Ankunft;200.62;18.82;66.17;0;1
50068;NachRezeption;232.36;14.28;34.43;0;1
50068;VorArzt;233.89;8.22;32.90;0;1
50068;NachArzt;266.55;0.25;0.25;1;1
50048;Ankunft;171.65;24.31;101.50;0;1
50048;NachRezeption;181.44;19.05;91.71;0;1
50048;VorSchwester;181.44;19.05;91.71;0;1
50048;NachSchwester;189.85;14.28;83.30;0;1
50048;VorArzt;193.97;8.22;79.18;0;1
50048;NachArzt;241.90;2.25;31.25;0;1
50069;Ankunft;206.38;24.31;67.48;0;1
50069;NachRezeption;233.40;19.05;40.47;0;1
50069;VorSchwester;233.40;19.05;40.47;0;1
50069;NachSchwester;240.88;14.28;32.98;0;1
50069;VorArzt;249.17;8.22;24.69;0;1
50069;NachArzt;273.61;0.25;0.25;1;1
50063;Ankunft;193.07;18.82;86.28;0;1
50063;NachRezeption;217.36;19.05;61.99;0;1
50063;VorSchwester;217.36;19.05;61.99;0;1
50063;NachSchwester;225.99;14.28;53.36;0;1
50063;VorArzt;227.69;8.22;51.66;0;1
50063;NachArzt;255.09;2.25;24.26;0;1
50072;Ankunft;214.12;24.31;66.96;0;1
50072;NachRezeption;253.09;19.05;27.99;0;1
50072;VorSchwester;253.09;19.05;27.99;0;1
50072;NachSchwester;254.68;14.28;26.40;0;1
50072;VorArzt;262.12;8.22;18.96;0;1
50072;NachArzt;280.83;0.25;0.25;1;1
50059;Ankunft;184.83;24.31;99.84;0;1
50059;NachRezeption;202.69;14.28;81.99;0;1
50059;VorArzt;204.95;8.22;79.73;0;1
50059;NachArzt;258.34;2.25;26.34;0;1
50065;Ankunft;196.36;18.82;91.48;0;1
50065;NachRezeption;221.25;14.28;66.59;0;1
50065;VorArzt;225.63;8.22;62.21;0;1
50065;NachArzt;287.60;0.25;0.25;1;1
50086;Ankunft;255.72;18.82;34.22;0;1
50086;NachRezeption;280.41;14.28;9.52;0;1
50086;VorArzt;282.30;8.22;7.64;1;1
50086;NachArzt;289.68;0.25;0.25;1;1
50074;Ankunft;221.91;18.82;70.27;0;1
50074;NachRezeption;260.78;14.28;31.39;0;1
50074;VorArzt;261.02;8.22;31.15;0;1
50074;NachArzt;275.67;2.25;16.51;0;1
50066;Ankunft;196.79;18.82;98.61;0;1
50066;NachRezeption;227.04;14.28;68.35;0;1
50066;VorArzt;228.07;8.22;67.33;0;1
50066;NachArzt;295.15;0.25;0.25;1;1
50056;Ankunft;176.48;24.31;122.56;0;1
50056;NachRezeption;196.37;14.28;102.67;0;1
50056;VorArzt;212.55;8.22;86.49;0;1
50056;NachArzt;277.82;2.25;21.22;0;1
50054;Ankunft;175.20;24.31;128.36;0;1
50054;NachRezeption;192.85;19.05;110.71;0;1
50054;VorSchwester;192.85;19.05;110.71;0;1
50054;NachSchwester;195.28;14.28;108.28;0;1
50054;VorArzt;221.87;8.22;81.68;0;1
50054;NachArzt;282.99;2.25;20.57;0;1
50081;Ankunft;237.53;18.82;68.75;0;1
50081;NachRezeption;270.50;14.28;35.78;0;1
50081;VorArzt;271.16;8.22;35.12;0;1
50081;NachArzt;283.61;2.25;22.67;0;1
50083;Ankunft;249.09;18.82;60.11;0;1
50083;NachRezeption;275.89;19.05;33.32;0;1
50083;VorSchwester;275.89;19.05;33.32;0;1
50083;NachSchwester;277.59;14.28;31.62;0;1
50083;VorArzt;280.31;8.22;28.89;0;1
50083;NachArzt;308.95;0.25;0.25;1;1
50075;Ankunft;230.41;18.82;80.58;0;1
50075;NachRezeption;262.11;14.28;48.88;0;1
50075;VorArzt;272.09;8.22;38.89;0;1
50075;NachArzt;295.92;2.25;15.06;0;1
50061;Ankunft;189.53;24.31;127.47;0;1
50061;NachRezeption;213.00;19.05;103.99;0;1
50061;VorSchwester;213.00;19.05;103.99;0;1
50061;NachSchwester;221.45;14.28;95.55;0;1
50061;VorArzt;241.22;8.22;75.77;0;1
50061;NachArzt;300.18;2.25;16.82;0;1
50071;Ankunft;210.51;18.82;111.03;0;1
50071;NachRezeption;252.13;14.28;69.41;0;1
50071;VorArzt;253.26;8.22;68.28;0;1
50071;NachArzt;306.56;2.25;14.98;0;1
50080;Ankunft;235.93;18.82;86.41;0;1
50080;NachRezeption;270.20;19.05;52.14;0;1
50080;VorSchwester;270.20;19.05;52.14;0;1
50080;NachSchwester;275.02;14.28;47.32;0;1
50080;VorArzt;275.96;8.22;46.38;0;1
50080;NachArzt;306.69;2.25;15.66;0;1
50070;Ankunft;207.51;18.82;120.71;0;1
50070;NachRezeption;247.65;19.05;80.58;0;1
50070;VorSchwester;247.65;19.05;80.58;0;1
50070;NachSchwester;249.45;14.28;78.77;0;1
50070;VorArzt;253.60;8.22;74.63;0;1
50070;NachArzt;309.19;2.25;19.04;0;1
50079;Ankunft;232.59;18.82;95.66;0;1
50079;NachRezeption;267.82;14.28;60.42;0;1
50079;VorArzt;268.80;8.22;59.45;0;1
50079;NachArzt;328.00;0.25;0.25;1;1
50077;Ankunft;231.66;18.82;99.15;0;1
50077;NachRezeption;263.85;19.05;66.96;0;1
50077;VorSchwester;263.85;19.05;66.96;0;1
50077;NachSchwester;266.40;14.28;64.40;0;1
50077;VorArzt;271.27;8.22;59.54;0;1
50077;NachArzt;330.56;0.25;0.25;1;1
50067;Ankunft;200.09;24.31;133.04;0;1
50067;NachRezeption;228.83;19.05;104.30;0;1
50067;VorSchwester;228.83;19.05;104.30;0;1
50067;NachSchwester;238.71;14.28;94.42;0;1
50067;VorArzt;254.52;8.22;78.60;0;1
50067;NachArzt;323.02;2.25;10.10;0;1
50073;Ankunft;218.21;18.82;117.23;0;1
50073;NachRezeption;258.74;14.28;76.69;0;1
50073;VorArzt;260.10;8.22;75.33;0;1
50073;NachArzt;325.64;2.25;9.79;0;1
50087;Ankunft;258.41;18.82;78.52;0;1
50087;NachRezeption;280.91;14.28;56.02;0;1
50087;VorArzt;281.37;8.22;55.57;0;1
50087;NachArzt;330.83;2.25;6.10;0;1
50088;Ankunft;259.28;18.82;78.50;0;1
50088;NachRezeption;286.13;14.28;51.65;0;1
50088;VorArzt;288.04;8.22;49.74;0;1
50088;NachArzt;333.03;2.25;4.75;0;1
50076;Ankunft;230.45;24.31;107.67;0;1
50076;NachRezeption;262.71;19.05;75.41;0;1
50076;VorSchwester;262.71;19.05;75.41;0;1
50076;NachSchwester;269.68;14.28;68.44;0;1
50076;VorArzt;291.61;8.22;46.51;0;1
50076;NachArzt;337.87;0.25;0.25;1;1
50085;Ankunft;254.69;18.82;85.85;0;1
50085;NachRezeption;278.66;14.28;61.88;0;1
50085;VorArzt;279.35;8.22;61.20;0;1
50085;NachArzt;335.59;2.25;4.96;0;1
50092;Ankunft;274.36;18.82;68.17;0;1
50092;NachRezeption;291.02;19.05;51.51;0;1
50092;VorSchwester;291.02;19.05;51.51;0;1
50092;NachSchwester;292.84;14.28;49.69;0;1
50092;VorArzt;297.48;8.22;45.05;0;1
50092;NachArzt;339.64;2.25;2.89;0;1
50082;Ankunft;237.61;24.31;105.80;0;1
50082;NachRezeption;271.37;19.05;72.03;0;1
50082;VorSchwester;271.37;19.05;72.03;0;1
50082;NachSchwester;277.14;14.28;66.26;0;1
50082;VorArzt;307.81;8.22;35.60;0;1
50082;NachArzt;343.16;0.25;0.25;1;1
50078;Ankunft;232.29;24.31;112.82;0;1
50078;NachRezeption;265.76;19.05;79.35;0;1
50078;VorSchwester;265.76;19.05;79.35;0;1
50078;NachSchwester;268.86;14.28;76.25;0;1
50078;VorArzt;283.72;8.22;61.39;0;1
50078;NachArzt;344.86;0.25;0.25;1;1
50089;Ankunft;259.50;24.31;88.32;0;1
50089;NachRezeption;287.82;19.05;60.00;0;1
50089;VorSchwester;287.82;19.05;60.00;0;1
50089;NachSchwester;288.99;14.28;58.84;0;1
50089;VorArzt;289.78;8.22;58.04;0;1
50089;NachArzt;346.35;2.25;1.47;0;1
50094;Ankunft;283.35;24.31;67.78;0;1
50094;NachRezeption;304.77;19.05;46.36;0;1
50094;VorSchwester;304.77;19.05;46.36;0;1
50094;NachSchwester;310.98;14.28;40.15;0;1
50094;VorArzt;315.13;8.22;35.99;0;1
50094;NachArzt;349.90;2.25;1.22;0;1
50091;Ankunft;263.76;18.82;90.46;0;1
50091;NachRezeption;290.46;14.28;63.76;0;1
50091;VorArzt;290.81;8.22;63.41;0;1
50091;NachArzt;350.62;2.25;3.59;0;1
50090;Ankunft;262.50;18.82;94.03;0;1
50090;NachRezeption;288.64;19.05;67.90;0;1
50090;VorSchwester;288.64;19.05;67.90;0;1
50090;NachSchwester;293.30;14.28;63.24;0;1
50090;VorArzt;293.49;8.22;63.05;0;1
50090;NachArzt;356.28;0.25;0.25;1;1
50099;Ankunft;304.86;18.82;53.26;0;1
50099;NachRezeption;319.36;14.28;38.75;0;1
50099;VorArzt;320.88;8.22;37.24;0;1
50099;NachArzt;357.87;0.25;0.25;1;1
50084;Ankunft;251.96;24.31;111.00;0;1
50084;NachRezeption;276.82;19.05;86.15;0;1
50084;VorSchwester;276.82;19.05;86.15;0;1
50084;NachSchwester;281.39;14.28;81.58;0;1
50084;VorArzt;299.38;8.22;63.58;0;1
50084;NachArzt;361.36;2.25;1.61;0;1
50097;Ankunft;298.75;18.82;64.69;0;1
50097;NachRezeption;313.25;19.05;50.19;0;1
50097;VorSchwester;313.25;19.05;50.19;0;1
50097;NachSchwester;317.67;14.28;45.77;0;1
50097;VorArzt;325.53;8.22;37.91;0;1
50097;NachArzt;363.19;0.25;0.25;1;1
50095;Ankunft;289.96;18.82;76.29;0;1
50095;NachRezeption;306.70;19.05;59.55;0;1
50095;VorSchwester;306.70;19.05;59.55;0;1
50095;NachSchwester;312.10;14.28;54.15;0;1
50095;VorArzt;316.17;8.22;50.08;0;1
50095;NachArzt;365.01;2.25;1.24;0;1
50093;Ankunft;280.76;24.31;92.76;0;1
50093;NachRezeption;300.89;19.05;72.62;0;1
50093;VorSchwester;300.89;19.05;72.62;0;1
50093;NachSchwester;305.23;14.28;68.28;0;1
50093;VorArzt;324.40;8.22;49.11;0;1
50093;NachArzt;373.26;0.25;0.25;1;1
50101;Ankunft;312.57;18.82;67.72;0;1
50101;NachRezeption;330.08;14.28;50.22;0;1
50101;VorArzt;335.07;8.22;45.22;0;1
50101;NachArzt;379.07;2.25;1.23;0;1
50098;Ankunft;300.65;18.82;80.00;0;1
50098;NachRezeption;317.61;19.05;63.04;0;1
50098;VorSchwester;317.61;19.05;63.04;0;1
50098;NachSchwester;327.99;14.28;52.67;0;1
50098;VorArzt;330.15;8.22;50.50;0;1
50098;NachArzt;380.40;0.25;0.25;1;1
50103;Ankunft;328.63;18.82;56.97;0;1
50103;NachRezeption;336.33;19.05;49.28;0;1
50103;VorSchwester;336.33;19.05;49.28;0;1
50103;NachSchwester;341.86;14.28;43.74;0;1
50103;VorArzt;342.45;8.22;43.16;0;1
50103;NachArzt;385.36;0.25;0.25;1;1
50102;Ankunft;314.36;18.82;74.38;0;1
50102;NachRezeption;332.59;14.28;56.15;0;1
50102;VorArzt;333.63;8.22;55.11;0;1
50102;NachArzt;388.11;2.25;0.63;0;1
50096;Ankunft;292.41;24.31;113.40;0;1
50096;NachRezeption;310.38;19.05;95.43;0;1
50096;VorSchwester;310.38;19.05;95.43;0;1
50096;NachSchwester;319.94;14.28;85.87;0;1
50096;VorArzt;345.66;8.22;60.15;0;1
50096;NachArzt;402.28;2.25;3.53;0;1
50104;Ankunft;402.09;18.82;7.67;0;1
50104;NachRezeption;404.13;19.05;5.62;0;1
50104;VorSchwester;404.13;19.05;5.62;0;1
50104;NachSchwester;406.02;14.28;3.74;0;1
50104;VorArzt;406.56;8.22;3.20;0;1
50104;NachArzt;409.05;2.25;0.71;0;1
50100;Ankunft;311.33;24.31;100.33;0;1
50100;NachRezeption;328.97;14.28;82.68;0;1
50100;VorArzt;370.05;8.22;41.60;0;1
50100;NachArzt;410.62;2.25;1.03;0;1
50105;Ankunft;452.71;18.82;19.09;1;1
50105;NachRezeption;454.22;19.05;17.58;1;1
50105;VorSchwester;454.22;19.05;17.58;1;1
50105;NachSchwester;458.12;14.28;13.69;1;1
50105;VorArzt;460.43;8.22;11.37;0;1
50105;NachArzt;469.13;2.25;2.67;1;1
60002;Ankunft;0.00;18.82;16.98;1;1
60002;NachRezeption;4.01;19.05;12.97;0;1
60002;VorSchwester;4.01;19.05;12.97;0;1
60002;NachSchwester;8.55;14.28;8.43;0;1
60002;VorArzt;10.04;8.22;6.94;1;1
60002;NachArzt;13.64;2.25;3.34;0;1
60003;Ankunft;10.64;24.31;15.07;0;1
60003;NachRezeption;15.10;14.28;10.61;0;1
60003;VorArzt;15.29;8.22;10.41;0;1
60003;NachArzt;24.00;2.25;1.70;0;1
60001;Ankunft;0.00;24.31;28.76;1;1
60001;NachRezeption;2.13;19.05;26.63;0;1
60001;VorSchwester;2.13;19.05;26.63;0;1
60001;NachSchwester;7.45;14.28;21.31;0;1
60001;VorArzt;22.17;8.22;6.59;0;1
60001;NachArzt;28.51;0.25;0.25;1;1
60005;Ankunft;18.41;18.82;13.39;0;1
60005;NachRezeption;19.07;14.28;12.73;1;1
60005;VorArzt;24.50;8.22;7.30;1;1
60005;NachArzt;31.55;0.25;0.25;1;1
60006;Ankunft;21.22;18.82;16.15;1;1
60006;NachRezeption;22.09;14.28;15.29;1;1
60006;VorArzt;24.90;8.22;12.48;0;1
60006;NachArzt;34.08;2.25;3.29;0;1
60004;Ankunft;15.81;24.31;21.90;1;1
60004;NachRezeption;18.21;14.28;19.50;0;1
60004;VorArzt;30.87;8.22;6.84;0;1
60004;NachArzt;37.46;0.25;0.25;1;1
60007;Ankunft;42.67;18.82;14.79;0;1
60007;NachRezeption;44.13;14.28;13.33;1;1
60007;VorArzt;49.71;8.22;7.75;1;1
60007;NachArzt;51.30;2.25;6.16;0;1
60009;Ankunft;61.19;18.82;8.16;0;1
60009;NachRezeption;61.93;14.28;7.42;0;1
60009;VorArzt;65.65;8.22;3.70;0;1
60009;NachArzt;67.76;2.25;1.59;0;1
60010;Ankunft;67.85;18.82;10.74;0;1
60010;NachRezeption;70.70;14.28;7.89;0;1
60010;VorArzt;71.39;8.22;7.20;1;1
60010;NachArzt;78.34;0.25;0.25;1;1
60011;Ankunft;74.24;18.82;8.84;0;1
60011;NachRezeption;75.40;14.28;7.68;0;1
60011;VorArzt;79.64;8.22;3.44;0;1
60011;NachArzt;82.51;2.25;0.57;0;1
60012;Ankunft;75.01;24.31;10.37;0;1
60012;NachRezeption;77.00;14.28;8.38;0;1
60012;VorArzt;78.49;8.22;6.89;1;1
60012;NachArzt;82.92;2.25;2.46;1;1
60013;Ankunft;85.00;18.82;12.72;0;1
60013;NachRezeption;86.01;14.28;11.71;0;1
60013;VorArzt;86.33;8.22;11.39;0;1
60013;NachArzt;97.47;0.25;0.25;1;1
60008;Ankunft;57.78;24.31;60.92;0;1
60008;NachRezeption;58.52;19.05;60.18;0;1
60008;VorSchwester;58.52;19.05;60.18;0;1
60008;NachSchwester;68.55;14.28;50.16;0;1
60008;VorArzt;86.72;8.22;31.98;0;1
60008;NachArzt;108.99;2.25;9.72;0;1
60014;Ankunft;89.68;18.82;32.18;0;1
60014;NachRezeption;90.71;19.05;31.15;0;1
60014;VorSchwester;90.71;19.05;31.15;0;1
60014;NachSchwester;101.62;14.28;20.24;0;1
60014;VorArzt;103.56;8.22;18.31;0;1
60014;NachArzt;121.61;0.25;0.25;1;1
60015;Ankunft;96.04;18.82;28.58;0;1
60015;NachRezeption;97.95;14.28;26.67;0;1
60015;VorArzt;105.04;8.22;19.59;0;1
60015;NachArzt;124.38;0.25;0.25;1;1
60018;Ankunft;110.24;18.82;17.82;1;1
60018;NachRezeption;121.33;14.28;6.74;0;1
60018;VorArzt;122.40;8.22;5.67;0;1
60018;NachArzt;127.82;0.25;0.25;1;1
60016;Ankunft;96.93;24.31;38.31;0;1
60016;NachRezeption;99.36;19.05;35.89;0;1
60016;VorSchwester;99.36;19.05;35.89;0;1
60016;NachSchwester;102.02;14.28;33.23;0;1
60016;VorArzt;107.58;8.22;27.67;0;1
60016;NachArzt;130.50;2.25;4.75;0;1
60017;Ankunft;106.09;18.82;33.16;0;1
60017;NachRezeption;116.77;19.05;22.48;1;1
60017;VorSchwester;116.77;19.05;22.48;1;1
60017;NachSchwester;122.68;14.28;16.57;1;1
60017;VorArzt;124.45;8.22;14.80;0;1
60017;NachArzt;136.93;2.25;2.32;1;1
60019;Ankunft;110.60;18.82;32.33;0;1
60019;NachRezeption;121.81;14.28;21.12;0;1
60019;VorArzt;124.91;8.22;18.02;0;1
60019;NachArzt;141.89;2.25;1.04;0;1
60021;Ankunft;118.53;18.82;25.40;0;1
60021;NachRezeption;123.66;19.05;20.27;1;1
60021;VorSchwester;123.66;19.05;20.27;1;1
60021;NachSchwester;128.59;14.28;15.34;1;1
60021;VorArzt;129.01;8.22;14.92;0;1
60021;NachArzt;143.68;0.25;0.25;1;1
60023;Ankunft;124.20;18.82;23.44;1;1
60023;NachRezeption;128.02;14.28;19.61;0;1
60023;VorArzt;133.76;8.22;13.87;0;1
60023;NachArzt;145.54;2.25;2.09;1;1
60025;Ankunft;125.77;18.82;24.52;0;1
60025;NachRezeption;133.41;14.28;16.88;1;1
60025;VorArzt;134.21;8.22;16.07;0;1
60025;NachArzt;147.97;2.25;2.31;1;1
60024;Ankunft;125.08;18.82;26.97;0;1
60024;NachRezeption;131.00;14.28;21.05;0;1
60024;VorArzt;131.92;8.22;20.13;0;1
60024;NachArzt;149.11;2.25;2.94;0;1
60020;Ankunft;113.67;24.31;43.52;0;1
60020;NachRezeption;123.23;19.05;33.96;0;1
60020;VorSchwester;123.23;19.05;33.96;0;1
60020;NachSchwester;128.33;14.28;28.86;0;1
60020;VorArzt;145.97;8.22;11.22;0;1
60020;NachArzt;153.70;2.25;3.49;0;1
60035;Ankunft;154.52;18.82;8.44;0;1
60035;NachRezeption;158.97;14.28;3.98;0;1
60035;VorArzt;159.92;8.22;3.04;0;1
60035;NachArzt;162.71;0.25;0.25;1;1
60031;Ankunft;141.98;24.31;21.48;1;1
60031;NachRezeption;146.03;19.05;17.43;1;1
60031;VorSchwester;146.03;19.05;17.43;1;1
60031;NachSchwester;151.36;14.28;12.10;1;1
60031;VorArzt;153.83;8.22;9.63;1;1
60031;NachArzt;161.01;2.25;2.45;1;1
60026;Ankunft;127.03;18.82;37.83;0;1
60026;NachRezeption;133.68;14.28;31.18;0;1
60026;VorArzt;136.59;8.22;28.27;0;1
60026;NachArzt;161.59;2.25;3.27;0;1
60028;Ankunft;134.79;18.82;31.98;0;1
60028;NachRezeption;136.75;14.28;30.02;0;1
60028;VorArzt;137.95;8.22;28.82;0;1
60028;NachArzt;166.52;0.25;0.25;1;1
60036;Ankunft;158.59;18.82;11.63;0;1
60036;NachRezeption;159.81;14.28;10.41;0;1
60036;VorArzt;161.99;8.22;8.23;1;1
60036;NachArzt;166.23;2.25;3.99;0;1
60027;Ankunft;130.08;18.82;42.55;0;1
60027;NachRezeption;134.76;19.05;37.86;0;1
60027;VorSchwester;134.76;19.05;37.86;0;1
60027;NachSchwester;139.95;14.28;32.68;0;1
60027;VorArzt;141.14;8.22;31.49;0;1
60027;NachArzt;172.38;0.25;0.25;1;1
60034;Ankunft;151.02;18.82;32.91;0;1
60034;NachRezeption;156.01;19.05;27.92;0;1
60034;VorSchwester;156.01;19.05;27.92;0;1
60034;NachSchwester;167.64;14.28;16.30;1;1
60034;VorArzt;168.44;8.22;15.50;0;1
60034;NachArzt;183.69;0.25;0.25;1;1
60029;Ankunft;141.11;18.82;47.62;0;1
60029;NachRezeption;142.44;19.05;46.30;0;1
60029;VorSchwester;142.44;19.05;46.30;0;1
60029;NachSchwester;146.77;14.28;41.97;0;1
60029;VorArzt;147.93;8.22;40.80;0;1
60029;NachArzt;180.70;2.25;8.03;0;1
60040;Ankunft;167.88;18.82;24.73;0;1
60040;NachRezeption;173.72;14.28;18.88;0;1
60040;VorArzt;175.65;8.22;16.96;0;1
60040;NachArzt;192.36;0.25;0.25;1;1
60030;Ankunft;141.98;18.82;51.29;0;1
60030;NachRezeption;144.52;19.05;48.75;0;1
60030;VorSchwester;144.52;19.05;48.75;0;1
60030;NachSchwester;151.07;14.28;42.20;0;1
60030;VorArzt;151.53;8.22;41.74;0;1
60030;NachArzt;193.02;0.25;0.25;1;1
60022;Ankunft;124.13;24.31;78.88;0;1
60022;NachRezeption;125.37;14.28;77.63;0;1
60022;VorArzt;162.66;8.22;40.34;0;1
60022;NachArzt;202.75;0.25;0.25;1;1
60038;Ankunft;166.46;18.82;53.54;0;1
60038;NachRezeption;171.17;14.28;48.83;0;1
60038;VorArzt;174.06;8.22;45.94;0;1
60038;NachArzt;188.15;2.25;31.85;0;1
60039;Ankunft;167.73;18.82;54.51;0;1
60039;NachRezeption;172.91;19.05;49.32;0;1
60039;VorSchwester;172.91;19.05;49.32;0;1
60039;NachSchwester;181.86;14.28;40.37;0;1
60039;VorArzt;182.09;8.22;40.15;0;1
60039;NachArzt;221.99;0.25;0.25;1;1
60033;Ankunft;150.08;18.82;73.93;0;1
60033;NachRezeption;154.15;19.05;69.85;0;1
60033;VorSchwester;154.15;19.05;69.85;0;1
60033;NachSchwester;155.56;14.28;68.45;0;1
60033;VorArzt;155.73;8.22;68.28;0;1
60033;NachArzt;196.27;2.25;27.74;0;1
60041;Ankunft;169.27;24.31;56.23;0;1
60041;NachRezeption;175.25;19.05;50.26;0;1
60041;VorSchwester;175.25;19.05;50.26;0;1
60041;NachSchwester;179.58;14.28;45.92;0;1
60041;VorArzt;179.86;8.22;45.65;0;1
60041;NachArzt;196.38;2.25;29.13;0;1
60050;Ankunft;187.55;18.82;48.29;0;1
60050;NachRezeption;215.89;14.28;19.95;0;1
60050;VorArzt;216.21;8.22;19.64;0;1
60050;NachArzt;235.59;0.25;0.25;1;1
60046;Ankunft;182.32;18.82;63.60;0;1
60046;NachRezeption;210.41;19.05;35.51;0;1
60046;VorSchwester;210.41;19.05;35.51;0;1
60046;NachSchwester;211.71;14.28;34.21;0;1
60046;VorArzt;215.18;8.22;30.74;0;1
60046;NachArzt;245.67;0.25;0.25;1;1
60055;Ankunft;196.78;18.82;65.54;0;1
60055;NachRezeption;225.99;14.28;36.33;0;1
60055;VorArzt;227.70;8.22;34.62;0;1
60055;NachArzt;262.07;0.25;0.25;1;1
60057;Ankunft;198.31;18.82;66.93;0;1
60057;NachRezeption;230.14;19.05;35.10;0;1
60057;VorSchwester;230.14;19.05;35.10;0;1
60057;NachSchwester;235.19;14.28;30.05;0;1
60057;VorArzt;244.46;8.22;20.78;0;1
60057;NachArzt;264.99;0.25;0.25;1;1
60037;Ankunft;162.64;18.82;110.56;0;1
60037;NachRezeption;165.16;14.28;108.05;0;1
60037;VorArzt;166.11;8.22;107.10;0;1
60037;NachArzt;219.88;2.25;53.33;0;1
60044;Ankunft;174.59;18.82;102.33;0;1
60044;NachRezeption;184.30;14.28;92.63;0;1
60044;VorArzt;187.01;8.22;89.92;0;1
60044;NachArzt;232.87;2.25;44.05;0;1
60065;Ankunft;216.13;18.82;61.66;0;1
60065;NachRezeption;256.07;19.05;21.72;1;1
60065;VorSchwester;256.07;19.05;21.72;1;1
60065;NachSchwester;263.39;14.28;14.40;1;1
60065;VorArzt;264.99;8.22;12.80;0;1
60065;NachArzt;277.54;0.25;0.25;1;1
60042;Ankunft;171.39;18.82;115.23;0;1
60042;NachRezeption;177.92;19.05;108.70;0;1
60042;VorSchwester;177.92;19.05;108.70;0;1
60042;NachSchwester;181.56;14.28;105.06;0;1
60042;VorArzt;182.43;8.22;104.19;0;1
60042;NachArzt;227.41;2.25;59.21;0;1
60045;Ankunft;175.16;18.82;113.50;0;1
60045;NachRezeption;185.24;14.28;103.42;0;1
60045;VorArzt;186.15;8.22;102.51;0;1
60045;NachArzt;229.57;2.25;59.09;0;1
60032;Ankunft;142.23;24.31;150.07;0;1
60032;NachRezeption;147.12;24.22;145.17;0;1
60032;VorSchwester;147.12;19.05;145.17;0;1
60032;NachSchwester;150.29;14.28;142.00;0;1
60032;VorArzt;183.27;8.22;109.03;0;1
60032;NachArzt;233.60;2.25;58.69;0;1
60068;Ankunft;217.05;24.31;77.43;0;1
60068;NachRezeption;266.58;14.28;27.90;0;1
60068;VorArzt;275.90;8.22;18.58;0;1
60068;NachArzt;294.23;0.25;0.25;1;1
60043;Ankunft;174.30;18.82;124.57;0;1
60043;NachRezeption;181.39;20.42;117.48;0;1
60043;VorSchwester;181.39;19.05;117.48;0;1
60043;NachSchwester;184.09;14.28;114.78;0;1
60043;VorArzt;190.04;8.22;108.82;0;1
60043;NachArzt;240.48;2.25;58.39;0;1
60072;Ankunft;220.83;18.82;80.61;0;1
60072;NachRezeption;278.21;19.05;23.22;1;1
60072;VorSchwester;278.21;19.05;23.22;1;1
60072;NachSchwester;285.60;14.28;15.83;1;1
60072;VorArzt;286.57;8.22;14.86;0;1
60072;NachArzt;301.18;0.25;0.25;1;1
60051;Ankunft;187.57;18.82;117.68;0;1
60051;NachRezeption;218.57;14.28;86.68;0;1
60051;VorArzt;219.17;8.22;86.08;0;1
60051;NachArzt;244.64;2.25;60.61;0;1
60047;Ankunft;184.17;24.31;123.30;0;1
60047;NachRezeption;212.11;19.05;95.35;0;1
60047;VorSchwester;212.11;19.05;95.35;0;1
60047;NachSchwester;214.01;14.28;93.45;0;1
60047;VorArzt;222.05;8.22;85.41;0;1
60047;NachArzt;248.07;2.25;59.40;0;1
60053;Ankunft;191.12;18.82;116.58;0;1
60053;NachRezeption;220.96;14.28;86.74;0;1
60053;VorArzt;222.26;8.22;85.44;0;1
60053;NachArzt;250.14;2.25;57.56;0;1
60069;Ankunft;218.78;24.31;90.41;0;1
60069;NachRezeption;268.83;19.05;40.36;0;1
60069;VorSchwester;268.83;19.05;40.36;0;1
60069;NachSchwester;274.49;14.28;34.70;0;1
60069;VorArzt;300.70;8.22;8.49;1;1
60069;NachArzt;308.94;0.25;0.25;1;1
60049;Ankunft;187.38;18.82;123.67;0;1
60049;NachRezeption;214.83;14.28;96.23;0;1
60049;VorArzt;215.54;8.22;95.52;0;1
60049;NachArzt;253.61;2.25;57.45;0;1
60054;Ankunft;193.52;18.82;118.49;0;1
60054;NachRezeption;221.58;14.28;90.43;0;1
60054;VorArzt;222.47;8.22;89.53;0;1
60054;NachArzt;254.39;2.25;57.61;0;1
60059;Ankunft;201.49;24.31;112.85;0;1
60059;NachRezeption;240.01;19.05;74.33;0;1
60059;VorSchwester;240.01;19.05;74.33;0;1
60059;NachSchwester;244.12;14.28;70.22;0;1
60059;VorArzt;261.81;8.22;52.53;0;1
60059;NachArzt;314.09;0.25;0.25;1;1
60056;Ankunft;198.15;18.82;118.99;0;1
60056;NachRezeption;227.26;14.28;89.89;0;1
60056;VorArzt;230.74;8.22;86.40;0;1
60056;NachArzt;257.97;2.25;59.17;0;1
60052;Ankunft;187.68;18.82;131.46;0;1
60052;NachRezeption;219.39;19.05;99.75;0;1
60052;VorSchwester;219.39;19.05;99.75;0;1
60052;NachSchwester;221.74;14.28;97.41;0;1
60052;VorArzt;223.52;8.22;95.62;0;1
60052;NachArzt;258.44;2.25;60.70;0;1
60060;Ankunft;210.53;18.82;111.08;0;1
60060;NachRezeption;242.70;19.05;78.91;0;1
60060;VorSchwester;242.70;19.05;78.91;0;1
60060;NachSchwester;244.25;14.28;77.36;0;1
60060;VorArzt;244.59;8.22;77.02;0;1
60060;NachArzt;267.75;2.25;53.85;0;1
60071;Ankunft;219.83;18.82;104.95;0;1
60071;NachRezeption;271.50;14.28;53.28;0;1
60071;VorArzt;272.79;8.22;52.00;0;1
60071;NachArzt;324.53;0.25;0.25;1;1
60083;Ankunft;246.04;18.82;82.78;0;1
60083;NachRezeption;306.20;19.05;22.62;1;1
60083;VorSchwester;306.20;19.05;22.62;1;1
60083;NachSchwester;313.13;14.28;15.69;1;1
60083;VorArzt;315.02;8.22;13.79;0;1
60083;NachArzt;328.57;0.25;0.25;1;1
60064;Ankunft;214.23;18.82;114.78;0;1
60064;NachRezeption;255.48;14.28;73.54;0;1
60064;VorArzt;258.36;8.22;70.65;0;1
60064;NachArzt;272.14;2.25;56.87;0;1
60048;Ankunft;186.43;24.31;153.84;0;1
60048;NachRezeption;213.20;19.05;127.07;0;1
60048;VorSchwester;213.20;19.05;127.07;0;1
60048;NachSchwester;220.44;14.28;119.83;0;1
60048;VorArzt;236.81;8.22;103.46;0;1
60048;NachArzt;274.07;2.25;66.21;0;1
60075;Ankunft;224.91;24.31;115.77;0;1
60075;NachRezeption;286.06;14.28;54.63;0;1
60075;VorArzt;286.81;8.22;53.88;0;1
60075;NachArzt;340.44;0.25;0.25;1;1
60066;Ankunft;216.47;18.82;126.37;0;1
60066;NachRezeption;262.81;14.28;80.03;0;1
60066;VorArzt;267.45;8.22;75.40;0;1
60066;NachArzt;279.49;2.25;63.36;0;1
60081;Ankunft;242.26;18.82;102.93;0;1
60081;NachRezeption;303.44;19.05;41.75;0;1
60081;VorSchwester;303.44;19.05;41.75;0;1
60081;NachSchwester;304.75;14.28;40.45;0;1
60081;VorArzt;306.15;8.22;39.05;0;1
60081;NachArzt;344.95;0.25;0.25;1;1
60061;Ankunft;210.57;18.82;140.14;0;1
60061;NachRezeption;243.92;14.28;106.80;0;1
60061;VorArzt;246.03;8.22;104.69;0;1
60061;NachArzt;280.60;2.25;70.12;0;1
60078;Ankunft;239.76;24.31;113.79;0;1
60078;NachRezeption;296.30;19.05;57.25;0;1
60078;VorSchwester;296.30;19.05;57.25;0;1
60078;NachSchwester;306.73;14.28;46.81;0;1
60078;VorArzt;332.13;8.22;21.42;0;1
60078;NachArzt;353.29;0.25;0.25;1;1
60062;Ankunft;214.12;18.82;139.77;0;1
60062;NachRezeption;250.79;14.28;103.10;0;1
60062;VorArzt;255.82;8.22;98.07;0;1
60062;NachArzt;299.05;2.25;54.84;0;1
60073;Ankunft;223.06;24.31;131.96;0;1
60073;NachRezeption;278.83;19.05;76.19;0;1
60073;VorSchwester;278.83;19.05;76.19;0;1
60073;NachSchwester;280.95;14.28;74.07;0;1
60073;VorArzt;294.80;8.22;60.21;0;1
60073;NachArzt;304.07;2.25;50.95;0;1
60058;Ankunft;199.70;18.82;160.07;0;1
60058;NachRezeption;238.94;19.05;120.83;0;1
60058;VorSchwester;238.94;19.05;120.83;0;1
60058;NachSchwester;246.45;14.28;113.33;0;1
60058;VorArzt;249.60;8.22;110.17;0;1
60058;NachArzt;287.54;2.25;72.24;0;1
60093;Ankunft;284.74;18.82;75.92;0;1
60093;NachRezeption;352.86;19.05;7.80;0;1
60093;VorSchwester;352.86;19.05;7.80;0;1
60093;NachSchwester;354.20;14.28;6.46;0;1
60093;VorArzt;359.24;8.22;1.42;0;1
60093;NachArzt;360.41;0.25;0.25;1;1
60063;Ankunft;214.17;18.82;152.25;0;1
60063;NachRezeption;253.55;14.28;112.87;0;1
60063;VorArzt;257.21;8.22;109.21;0;1
60063;NachArzt;306.83;2.25;59.58;0;1
60080;Ankunft;241.74;24.31;126.95;0;1
60080;NachRezeption;302.31;24.22;66.39;0;1
60080;VorSchwester;302.31;19.05;66.39;0;1
60080;NachSchwester;309.63;14.28;59.07;0;1
60080;VorArzt;361.72;8.22;6.98;1;1
60080;NachArzt;368.45;0.25;0.25;1;1
60079;Ankunft;241.71;18.82;128.74;0;1
60079;NachRezeption;299.62;19.05;70.84;0;1
60079;VorSchwester;299.62;19.05;70.84;0;1
60079;NachSchwester;302.38;14.28;68.07;0;1
60079;VorArzt;307.32;8.22;63.13;0;1
60079;NachArzt;312.81;2.25;57.64;0;1
60067;Ankunft;216.86;18.82;154.99;0;1
60067;NachRezeption;265.72;14.28;106.13;0;1
60067;VorArzt;271.49;8.22;100.36;0;1
60067;NachArzt;318.71;2.25;53.14;0;1
60084;Ankunft;251.12;18.82;126.39;0;1
60084;NachRezeption;309.83;14.28;67.68;0;1
60084;VorArzt;311.34;8.22;66.17;0;1
60084;NachArzt;322.44;2.25;55.07;0;1
60099;Ankunft;304.22;18.82;73.54;0;1
60099;NachRezeption;362.92;19.05;14.84;0;1
60099;VorSchwester;362.92;19.05;14.84;0;1
60099;NachSchwester;367.64;14.28;10.12;0;1
60099;VorArzt;370.66;8.22;7.10;1;1
60099;NachArzt;377.51;0.25;0.25;1;1
60074;Ankunft;224.84;18.82;153.17;0;1
60074;NachRezeption;279.75;14.28;98.26;0;1
60074;VorArzt;281.35;8.22;96.65;0;1
60074;NachArzt;330.18;2.25;47.82;0;1
60070;Ankunft;219.30;24.31;161.73;0;1
60070;NachRezeption;270.86;14.28;110.17;0;1
60070;VorArzt;284.24;8.22;96.79;0;1
60070;NachArzt;334.94;2.25;46.09;0;1
60085;Ankunft;254.90;18.82;127.60;0;1
60085;NachRezeption;316.58;14.28;65.92;0;1
60085;VorArzt;317.06;8.22;65.44;0;1
60085;NachArzt;338.15;2.25;44.35;0;1
60087;Ankunft;269.40;18.82;113.49;0;1
60087;NachRezeption;322.84;19.05;60.06;0;1
60087;VorSchwester;322.84;19.05;60.06;0;1
60087;NachSchwester;324.70;14.28;58.19;0;1
60087;VorArzt;325.49;8.22;57.41;0;1
60087;NachArzt;341.30;2.25;41.60;0;1
60089;Ankunft;273.38;24.31;111.60;0;1
60089;NachRezeption;334.18;19.05;50.80;0;1
60089;VorSchwester;334.18;19.05;50.80;0;1
60089;NachSchwester;342.36;14.28;42.62;0;1
60089;VorArzt;347.68;8.22;37.30;0;1
60089;NachArzt;384.73;0.25;0.25;1;1
60082;Ankunft;244.51;24.31;141.90;0;1
60082;NachRezeption;304.87;19.05;81.54;0;1
60082;VorSchwester;304.87;19.05;81.54;0;1
60082;NachSchwester;306.03;14.28;80.38;0;1
60082;VorArzt;308.59;8.22;77.81;0;1
60082;NachArzt;346.27;2.25;40.14;0;1
60077;Ankunft;234.54;18.82;152.55;0;1
60077;NachRezeption;295.30;19.05;91.79;0;1
60077;VorSchwester;295.30;19.05;91.79;0;1
60077;NachSchwester;298.62;14.28;88.47;0;1
60077;VorArzt;310.85;8.22;76.24;0;1
60077;NachArzt;348.15;2.25;38.94;0;1
60076;Ankunft;233.80;24.31;153.72;0;1
60076;NachRezeption;294.62;19.05;92.90;0;1
60076;VorSchwester;294.62;19.05;92.90;0;1
60076;NachSchwester;306.30;14.28;81.21;0;1
60076;VorArzt;329.07;8.22;58.45;0;1
60076;NachArzt;357.16;2.25;30.35;0;1
60103;Ankunft;334.27;24.31;57.94;0;1
60103;NachRezeption;379.88;19.05;12.32;0;1
60103;VorSchwester;379.88;19.05;12.32;0;1
60103;NachSchwester;383.27;14.28;8.94;0;1
60103;VorArzt;384.40;8.22;7.81;1;1
60103;NachArzt;391.96;0.25;0.25;1;1
60096;Ankunft;291.71;18.82;101.49;0;1
60096;NachRezeption;351.83;14.28;41.37;0;1
60096;VorArzt;354.04;8.22;39.16;0;1
60096;NachArzt;357.20;2.25;36.00;0;1
60088;Ankunft;269.89;18.82;124.35;0;1
60088;NachRezeption;323.92;19.05;70.32;0;1
60088;VorSchwester;323.92;19.05;70.32;0;1
60088;NachSchwester;329.22;14.28;65.01;0;1
60088;VorArzt;331.06;8.22;63.18;0;1
60088;NachArzt;362.81;2.25;31.43;0;1
60101;Ankunft;309.10;18.82;86.11;0;1
60101;NachRezeption;330.00;14.28;65.20;0;1
60101;VorArzt;336.65;8.22;58.56;0;1
60101;NachArzt;368.52;2.25;26.69;0;1
60091;Ankunft;274.89;18.82;122.27;0;1
60091;NachRezeption;342.17;14.28;54.99;0;1
60091;VorArzt;345.68;8.22;51.48;0;1
60091;NachArzt;372.43;2.25;24.73;0;1
60104;Ankunft;375.97;18.82;26.36;0;1
60104;NachRezeption;398.15;14.28;4.18;0;1
60104;VorArzt;399.13;8.22;3.19;0;1
60104;NachArzt;402.08;0.25;0.25;1;1
60092;Ankunft;280.58;18.82;124.94;0;1
60092;NachRezeption;347.20;14.28;58.33;0;1
60092;VorArzt;349.11;8.22;56.41;0;1
60092;NachArzt;387.79;2.25;17.73;0;1
60097;Ankunft;299.68;18.82;109.27;0;1
60097;NachRezeption;361.20;19.05;47.75;0;1
60097;VorSchwester;361.20;19.05;47.75;0;1
60097;NachSchwester;363.57;14.28;45.38;0;1
60097;VorArzt;364.49;8.22;44.46;0;1
60097;NachArzt;390.91;2.25;18.04;0;1
60102;Ankunft;320.36;24.31;90.20;0;1
60102;NachRezeption;373.16;19.05;37.40;0;1
60102;VorSchwester;373.16;19.05;37.40;0;1
60102;NachSchwester;374.60;14.28;35.96;0;1
60102;VorArzt;397.16;8.22;13.41;0;1
60102;NachArzt;399.02;2.25;11.55;0;1
60090;Ankunft;273.67;24.31;137.53;0;1
60090;NachRezeption;339.12;19.05;72.09;0;1
60090;VorSchwester;339.12;19.05;72.09;0;1
60090;NachSchwester;349.93;14.28;61.27;0;1
60090;VorArzt;364.91;8.22;46.30;0;1
60090;NachArzt;408.26;2.25;2.95;0;1
60105;Ankunft;380.84;18.82;32.59;0;1
60105;NachRezeption;402.34;19.05;11.10;0;1
60105;VorSchwester;402.34;19.05;11.10;0;1
60105;NachSchwester;406.05;14.28;7.39;0;1
60105;VorArzt;406.65;8.22;6.79;0;1
60105;NachArzt;411.70;2.25;1.74;0;1
60094;Ankunft;286.84;24.31;128.10;0;1
60094;NachRezeption;355.53;19.05;59.42;0;1
60094;VorSchwester;355.53;19.05;59.42;0;1
60094;NachSchwester;358.41;14.28;56.53;0;1
60094;VorArzt;366.04;8.22;48.91;0;1
60094;NachArzt;413.87;2.25;1.07;0;1
60100;Ankunft;306.49;18.82;116.43;0;1
60100;NachRezeption;364.69;14.28;58.23;0;1
60100;VorArzt;366.20;8.22;56.72;0;1
60100;NachArzt;422.67;0.25;0.25;1;1
60095;Ankunft;291.17;18.82;148.46;0;1
60095;NachRezeption;364.90;14.28;74.72;0;1
60095;VorArzt;367.44;8.22;72.19;0;1
60095;NachArzt;436.99;2.25;2.64;1;1
60098;Ankunft;301.55;18.82;139.12;0;1
60098;NachRezeption;365.48;14.28;75.18;0;1
60098;VorArzt;373.54;8.22;67.12;0;1
60098;NachArzt;440.41;0.25;0.25;1;1
60086;Ankunft;268.71;24.31;178.90;0;1
60086;NachRezeption;321.81;19.05;125.80;0;1
60086;VorSchwester;321.81;19.05;125.80;0;1
60086;NachSchwester;323.84;14.28;123.77;0;1
60086;VorArzt;389.88;8.22;57.73;0;1
60086;NachArzt;443.98;2.25;3.63;0;1
70001;Ankunft;0.00;24.31;13.35;0;1
70001;NachRezeption;0.54;14.28;12.82;1;1
70001;VorArzt;11.32;8.22;2.03;0;1
70001;NachArzt;12.94;2.25;0.41;0;1
70003;Ankunft;16.41;18.82;9.57;0;1
70003;NachRezeption;17.62;14.28;8.37;0;1
70003;VorArzt;21.95;8.22;4.03;0;1
70003;NachArzt;25.73;0.25;0.25;1;1
70004;Ankunft;20.14;24.31;23.25;1;1
70004;NachRezeption;22.20;19.05;21.20;1;1
70004;VorSchwester;22.20;19.05;21.20;1;1
70004;NachSchwester;26.85;14.28;16.54;1;1
70004;VorArzt;28.07;8.22;15.32;0;1
70004;NachArzt;37.92;2.25;5.48;0;1
70002;Ankunft;9.36;24.31;40.14;0;1
70002;NachRezeption;10.79;19.05;38.71;0;1
70002;VorSchwester;10.79;19.05;38.71;0;1
70002;NachSchwester;19.04;14.28;30.46;0;1
70002;VorArzt;26.78;8.22;22.72;0;1
70002;NachArzt;47.97;2.25;1.53;0;1
70007;Ankunft;55.57;18.82;18.34;1;1
70007;NachRezeption;64.09;19.05;9.82;0;1
70007;VorSchwester;64.09;19.05;9.82;0;1
70007;NachSchwester;66.54;14.28;7.37;0;1
70007;VorArzt;69.51;8.22;4.40;0;1
70007;NachArzt;72.94;2.25;0.97;0;1
70008;Ankunft;61.48;18.82;20.10;1;1
70008;NachRezeption;64.87;19.05;16.71;1;1
70008;VorSchwester;64.87;19.05;16.71;1;1
70008;NachSchwester;70.92;14.28;10.66;0;1
70008;VorArzt;71.31;8.22;10.27;0;1
70008;NachArzt;80.43;2.25;1.15;0;1
70005;Ankunft;40.78;24.31;43.69;0;1
70005;NachRezeption;43.86;19.05;40.61;0;1
70005;VorSchwester;43.86;19.05;40.61;0;1
70005;NachSchwester;51.39;14.28;33.08;0;1
70005;VorArzt;68.84;8.22;15.64;0;1
70005;NachArzt;84.22;0.25;0.25;1;1
70012;Ankunft;78.57;18.82;9.28;0;1
70012;NachRezeption;79.85;19.05;7.99;0;1
70012;VorSchwester;79.85;19.05;7.99;0;1
70012;NachSchwester;82.26;14.28;5.59;0;1
70012;VorArzt;84.86;8.22;2.99;0;1
70012;NachArzt;86.74;2.25;1.10;0;1
70006;Ankunft;54.74;24.31;37.75;0;1
70006;NachRezeption;62.80;19.05;29.69;0;1
70006;VorSchwester;62.80;19.05;29.69;0;1
70006;NachSchwester;64.58;14.28;27.91;0;1
70006;VorArzt;87.78;8.22;4.71;0;1
70006;NachArzt;92.24;0.25;0.25;1;1
70010;Ankunft;71.11;18.82;21.47;1;1
70010;NachRezeption;72.74;14.28;19.84;0;1
70010;VorArzt;73.09;8.22;19.49;0;1
70010;NachArzt;89.75;2.25;2.83;0;1
70014;Ankunft;91.79;24.31;7.68;0;1
70014;NachRezeption;93.10;19.05;6.37;0;1
70014;VorSchwester;93.10;19.05;6.37;0;1
70014;NachSchwester;95.71;14.28;3.76;0;1
70014;VorArzt;96.42;8.22;3.06;0;1
70014;NachArzt;98.34;2.25;1.13;0;1
70009;Ankunft;70.76;24.31;45.27;0;1
70009;NachRezeption;71.12;19.05;44.91;0;1
70009;VorSchwester;71.12;19.05;44.91;0;1
70009;NachSchwester;80.09;14.28;35.94;0;1
70009;VorArzt;80.79;8.22;35.24;0;1
70009;NachArzt;115.78;0.25;0.25;1;1
70018;Ankunft;105.31;18.82;19.99;1;1
70018;NachRezeption;108.05;14.28;17.25;1;1
70018;VorArzt;108.41;8.22;16.90;0;1
70018;NachArzt;125.06;0.25;0.25;1;1
70013;Ankunft;84.66;18.82;46.08;0;1
70013;NachRezeption;85.30;14.28;45.44;0;1
70013;VorArzt;90.36;8.22;40.37;0;1
70013;NachArzt;127.66;2.25;3.07;0;1
70011;Ankunft;71.28;24.31;61.53;0;1
70011;NachRezeption;73.31;19.05;59.50;0;1
70011;VorSchwester;73.31;19.05;59.50;0;1
70011;NachSchwester;77.21;14.28;55.60;0;1
70011;VorArzt;114.53;8.22;18.27;0;1
70011;NachArzt;132.56;0.25;0.25;1;1
70019;Ankunft;105.85;18.82;30.42;0;1
70019;NachRezeption;109.26;14.28;27.01;0;1
70019;VorArzt;112.51;8.22;23.76;0;1
70019;NachArzt;136.02;0.25;0.25;1;1
70015;Ankunft;100.83;24.31;38.53;0;1
70015;NachRezeption;104.02;19.05;35.34;0;1
70015;VorSchwester;104.02;19.05;35.34;0;1
70015;NachSchwester;105.54;14.28;33.82;0;1
70015;VorArzt;136.86;8.22;2.50;0;1
70015;NachArzt;139.11;0.25;0.25;1;1
70017;Ankunft;104.85;18.82;35.85;0;1
70017;NachRezeption;107.75;14.28;32.95;0;1
70017;VorArzt;108.50;8.22;32.20;0;1
70017;NachArzt;130.28;2.25;10.42;0;1
70016;Ankunft;101.76;18.82;44.85;0;1
70016;NachRezeption;106.70;19.05;39.91;0;1
70016;VorSchwester;106.70;19.05;39.91;0;1
70016;NachSchwester;112.11;14.28;34.50;0;1
70016;VorArzt;115.63;8.22;30.99;0;1
70016;NachArzt;146.36;0.25;0.25;1;1
70029;Ankunft;135.60;18.82;16.37;1;1
70029;NachRezeption;143.29;14.28;8.68;0;1
70029;VorArzt;145.31;8.22;6.66;0;1
70029;NachArzt;151.72;0.25;0.25;1;1
70028;Ankunft;133.82;18.82;24.95;0;1
70028;NachRezeption;142.33;14.28;16.44;1;1
70028;VorArzt;145.94;8.22;12.83;0;1
70028;NachArzt;158.52;0.25;0.25;1;1
70031;Ankunft;139.63;18.82;31.79;0;1
70031;NachRezeption;145.68;14.28;25.74;0;1
70031;VorArzt;146.71;8.22;24.71;0;1
70031;NachArzt;171.17;0.25;0.25;1;1
70021;Ankunft;108.87;24.31;64.78;0;1
70021;NachRezeption;112.25;19.05;61.41;0;1
70021;VorSchwester;112.25;19.05;61.41;0;1
70021;NachSchwester;117.37;14.28;56.28;0;1
70021;VorArzt;122.38;8.22;51.28;0;1
70021;NachArzt;153.40;2.25;20.25;0;1
70030;Ankunft;138.20;18.82;37.95;0;1
70030;NachRezeption;144.54;19.05;31.61;0;1
70030;VorSchwester;144.54;19.05;31.61;0;1
70030;NachSchwester;148.69;14.28;27.46;0;1
70030;VorArzt;149.51;8.22;26.64;0;1
70030;NachArzt;175.90;0.25;0.25;1;1
70033;Ankunft;145.94;18.82;34.96;0;1
70033;NachRezeption;148.44;14.28;32.46;0;1
70033;VorArzt;148.83;8.22;32.06;0;1
70033;NachArzt;180.65;0.25;0.25;1;1
70024;Ankunft;117.69;18.82;70.31;0;1
70024;NachRezeption;123.84;14.28;64.16;0;1
70024;VorArzt;127.92;8.22;60.08;0;1
70024;NachArzt;156.78;2.25;31.23;0;1
70037;Ankunft;149.59;18.82;45.36;0;1
70037;NachRezeption;159.21;14.28;35.75;0;1
70037;VorArzt;160.54;8.22;34.42;0;1
70037;NachArzt;194.70;0.25;0.25;1;1
70020;Ankunft;106.73;24.31;100.94;0;1
70020;NachRezeption;110.52;19.05;97.15;0;1
70020;VorSchwester;110.52;19.05;97.15;0;1
70020;NachSchwester;122.57;14.28;85.10;0;1
70020;VorArzt;146.42;8.22;61.25;0;1
70020;NachArzt;172.30;2.25;35.37;0;1
70040;Ankunft;151.65;24.31;79.76;0;1
70040;NachRezeption;170.05;19.05;61.37;0;1
70040;VorSchwester;170.05;19.05;61.37;0;1
70040;NachSchwester;172.09;14.28;59.33;0;1
70040;VorArzt;177.80;8.22;53.61;0;1
70040;NachArzt;231.17;0.25;0.25;1;1
70022;Ankunft;111.99;24.31;119.85;0;1
70022;NachRezeption;116.84;19.05;115.00;0;1
70022;VorSchwester;116.84;19.05;115.00;0;1
70022;NachSchwester;127.72;14.28;104.12;0;1
70022;VorArzt;160.97;8.22;70.87;0;1
70022;NachArzt;231.59;0.25;0.25;1;1
70039;Ankunft;151.41;18.82;82.81;0;1
70039;NachRezeption;167.67;19.05;66.55;0;1
70039;VorSchwester;167.67;19.05;66.55;0;1
70039;NachSchwester;170.20;14.28;64.02;0;1
70039;VorArzt;170.61;8.22;63.61;0;1
70039;NachArzt;233.97;0.25;0.25;1;1
70032;Ankunft;143.41;18.82;92.17;0;1
70032;NachRezeption;146.76;19.05;88.82;0;1
70032;VorSchwester;146.76;19.05;88.82;0;1
70032;NachSchwester;151.15;14.28;84.43;0;1
70032;VorArzt;152.15;8.22;83.42;0;1
70032;NachArzt;187.02;2.25;48.56;0;1
70034;Ankunft;146.30;18.82;91.32;0;1
70034;NachRezeption;148.95;14.28;88.67;0;1
70034;VorArzt;151.03;8.22;86.59;0;1
70034;NachArzt;188.71;2.25;48.92;0;1
70025;Ankunft;119.53;24.31;131.98;0;1
70025;NachRezeption;124.39;19.05;127.12;0;1
70025;VorSchwester;124.39;19.05;127.12;0;1
70025;NachSchwester;129.61;14.28;121.90;0;1
70025;VorArzt;152.85;8.22;98.66;0;1
70025;NachArzt;193.46;2.25;58.05;0;1
70043;Ankunft;154.15;18.82;101.39;0;1
70043;NachRezeption;174.36;19.05;81.18;0;1
70043;VorSchwester;174.36;19.05;81.18;0;1
70043;NachSchwester;184.87;14.28;70.67;0;1
70043;VorArzt;185.25;8.22;70.29;0;1
70043;NachArzt;255.29;0.25;0.25;1;1
70035;Ankunft;148.72;18.82;107.66;0;1
70035;NachRezeption;152.22;14.28;104.16;0;1
70035;VorArzt;152.91;8.22;103.47;0;1
70035;NachArzt;199.28;2.25;57.10;0;1
70048;Ankunft;161.52;18.82;101.08;0;1
70048;NachRezeption;197.60;14.28;65.00;0;1
70048;VorArzt;197.86;8.22;64.74;0;1
70048;NachArzt;262.35;0.25;0.25;1;1
70026;Ankunft;120.02;24.31;143.32;0;1
70026;NachRezeption;124.89;14.28;138.45;0;1
70026;VorArzt;159.61;8.22;103.74;0;1
70026;NachArzt;208.08;2.25;55.26;0;1
70049;Ankunft;161.79;18.82;105.27;0;1
70049;NachRezeption;198.92;14.28;68.14;0;1
70049;VorArzt;199.11;8.22;67.96;0;1
70049;NachArzt;266.81;0.25;0.25;1;1
70038;Ankunft;150.34;18.82;116.75;0;1
70038;NachRezeption;164.98;14.28;102.11;0;1
70038;VorArzt;167.09;8.22;99.99;0;1
70038;NachArzt;223.78;2.25;43.31;0;1
70052;Ankunft;163.71;18.82;103.39;0;1
70052;NachRezeption;202.66;14.28;64.44;0;1
70052;VorArzt;204.62;8.22;62.48;0;1
70052;NachArzt;266.85;0.25;0.25;1;1
70036;Ankunft;148.79;18.82;124.54;0;1
70036;NachRezeption;155.69;14.28;117.64;0;1
70036;VorArzt;157.15;8.22;116.18;0;1
70036;NachArzt;205.96;2.25;67.37;0;1
70027;Ankunft;128.93;24.31;151.00;0;1
70027;NachRezeption;133.49;19.05;146.44;0;1
70027;VorSchwester;133.49;19.05;146.44;0;1
70027;NachSchwester;147.90;14.28;132.03;0;1
70027;VorArzt;163.70;8.22;116.24;0;1
70027;NachArzt;215.79;2.25;64.15;0;1
70047;Ankunft;160.22;24.31;123.30;0;1
70047;NachRezeption;195.93;19.05;87.59;0;1
70047;VorSchwester;195.93;19.05;87.59;0;1
70047;NachSchwester;207.35;14.28;76.17;0;1
70047;VorArzt;212.45;8.22;71.07;0;1
70047;NachArzt;283.27;0.25;0.25;1;1
70023;Ankunft;115.08;24.31;173.08;0;1
70023;NachRezeption;121.75;19.05;166.42;0;1
70023;VorSchwester;121.75;19.05;166.42;0;1
70023;NachSchwester;124.03;14.28;164.13;0;1
70023;VorArzt;170.67;8.22;117.49;0;1
70023;NachArzt;227.05;2.25;61.12;0;1
70057;Ankunft;173.14;18.82;115.73;0;1
70057;NachRezeption;210.67;19.05;78.20;0;1
70057;VorSchwester;210.67;19.05;78.20;0;1
70057;NachSchwester;212.95;14.28;75.92;0;1
70057;VorArzt;214.10;8.22;74.77;0;1
70057;NachArzt;288.62;0.25;0.25;1;1
70042;Ankunft;153.39;18.82;138.18;0;1
70042;NachRezeption;172.55;14.28;119.01;0;1
70042;VorArzt;173.69;8.22;117.88;0;1
70042;NachArzt;229.43;2.25;62.14;0;1
70058;Ankunft;176.27;18.82;122.26;0;1
70058;NachRezeption;211.65;19.05;86.88;0;1
70058;VorSchwester;211.65;19.05;86.88;0;1
70058;NachSchwester;216.35;14.28;82.18;0;1
70058;VorArzt;218.40;8.22;80.13;0;1
70058;NachArzt;298.28;0.25;0.25;1;1
70044;Ankunft;154.70;18.82;146.44;0;1
70044;NachRezeption;175.92;14.28;125.23;0;1
70044;VorArzt;180.53;8.22;120.62;0;1
70044;NachArzt;241.91;2.25;59.24;0;1
70041;Ankunft;152.97;18.82;153.84;0;1
70041;NachRezeption;172.32;19.05;134.50;0;1
70041;VorSchwester;172.32;19.05;134.50;0;1
70041;NachSchwester;176.40;14.28;130.41;0;1
70041;VorArzt;183.21;8.22;123.60;0;1
70041;NachArzt;246.41;2.25;60.40;0;1
70055;Ankunft;164.88;24.31;146.68;0;1
70055;NachRezeption;205.88;19.05;105.69;0;1
70055;VorSchwester;205.88;19.05;105.69;0;1
70055;NachSchwester;210.77;14.28;100.80;0;1
70055;VorArzt;227.71;8.22;83.85;0;1
70055;NachArzt;311.32;0.25;0.25;1;1
70054;Ankunft;164.83;24.31;148.87;0;1
70054;NachRezeption;205.09;14.28;108.61;0;1
70054;VorArzt;236.15;8.22;77.55;0;1
70054;NachArzt;313.45;0.25;0.25;1;1
70045;Ankunft;155.45;18.82;159.28;0;1
70045;NachRezeption;181.84;19.05;132.89;0;1
70045;VorSchwester;181.84;19.05;132.89;0;1
70045;NachSchwester;184.19;14.28;130.53;0;1
70045;VorArzt;185.58;8.22;129.15;0;1
70045;NachArzt;257.96;2.25;56.77;0;1
70064;Ankunft;187.56;18.82;132.09;0;1
70064;NachRezeption;236.17;14.28;83.49;0;1
70064;VorArzt;236.91;8.22;82.74;0;1
70064;NachArzt;319.41;0.25;0.25;1;1
70062;Ankunft;184.33;18.82;136.82;0;1
70062;NachRezeption;232.75;14.28;88.41;0;1
70062;VorArzt;234.49;8.22;86.67;0;1
70062;NachArzt;320.90;0.25;0.25;1;1
70046;Ankunft;156.96;18.82;167.04;0;1
70046;NachRezeption;188.76;14.28;135.23;0;1
70046;VorArzt;190.11;8.22;133.88;0;1
70046;NachArzt;261.35;2.25;62.65;0;1
70072;Ankunft;204.43;24.31;128.30;0;1
70072;NachRezeption;261.52;19.05;71.21;0;1
70072;VorSchwester;261.52;19.05;71.21;0;1
70072;NachSchwester;270.02;14.28;62.71;0;1
70072;VorArzt;289.40;8.22;43.34;0;1
70072;NachArzt;332.48;0.25;0.25;1;1
70051;Ankunft;162.50;18.82;170.32;0;1
70051;NachRezeption;200.87;14.28;131.95;0;1
70051;VorArzt;201.74;8.22;131.08;0;1
70051;NachArzt;271.16;2.25;61.65;0;1
70065;Ankunft;190.07;24.31;146.08;0;1
70065;NachRezeption;238.72;19.05;97.43;0;1
70065;VorSchwester;238.72;19.05;97.43;0;1
70065;NachSchwester;240.58;14.28;95.57;0;1
70065;VorArzt;245.00;8.22;91.15;0;1
70065;NachArzt;335.90;0.25;0.25;1;1
70056;Ankunft;168.80;18.82;167.97;0;1
70056;NachRezeption;206.95;14.28;129.82;0;1
70056;VorArzt;207.62;8.22;129.15;0;1
70056;NachArzt;272.88;2.25;63.89;0;1
70050;Ankunft;162.15;18.82;176.94;0;1
70050;NachRezeption;200.65;19.05;138.44;0;1
70050;VorSchwester;200.65;19.05;138.44;0;1
70050;NachSchwester;204.79;14.28;134.29;0;1
70050;VorArzt;205.10;8.22;133.98;0;1
70050;NachArzt;281.43;2.25;57.66;0;1
70053;Ankunft;164.62;18.82;176.04;0;1
70053;NachRezeption;203.67;19.05;136.99;0;1
70053;VorSchwester;203.67;19.05;136.99;0;1
70053;NachSchwester;205.05;14.28;135.60;0;1
70053;VorArzt;205.27;8.22;135.39;0;1
70053;NachArzt;286.04;2.25;54.62;0;1
70060;Ankunft;180.31;18.82;170.62;0;1
70060;NachRezeption;214.26;14.28;136.67;0;1
70060;VorArzt;217.55;8.22;133.39;0;1
70060;NachArzt;296.63;2.25;54.31;0;1
70059;Ankunft;176.59;18.82;178.97;0;1
70059;NachRezeption;213.50;19.05;142.06;0;1
70059;VorSchwester;213.50;19.05;142.06;0;1
70059;NachSchwester;221.60;14.28;133.96;0;1
70059;VorArzt;225.17;8.22;130.39;0;1
70059;NachArzt;302.90;2.25;52.66;0;1
70061;Ankunft;183.12;18.82;173.31;0;1
70061;NachRezeption;214.68;19.05;141.75;0;1
70061;VorSchwester;214.68;19.05;141.75;0;1
70061;NachSchwester;217.67;14.28;138.76;0;1
70061;VorArzt;218.55;8.22;137.88;0;1
70061;NachArzt;304.00;2.25;52.43;0;1
70066;Ankunft;190.98;18.82;169.73;0;1
70066;NachRezeption;247.25;14.28;113.47;0;1
70066;VorArzt;247.89;8.22;112.82;0;1
70066;NachArzt;322.32;2.25;38.40;0;1
70081;Ankunft;229.04;24.31;132.47;0;1
70081;NachRezeption;240.76;14.28;120.76;0;1
70081;VorArzt;248.32;8.22;113.19;0;1
70081;NachArzt;338.46;2.25;23.06;0;1
70069;Ankunft;197.93;18.82;165.25;0;1
70069;NachRezeption;254.19;19.05;108.99;0;1
70069;VorSchwester;254.19;19.05;108.99;0;1
70069;NachSchwester;259.04;14.28;104.14;0;1
70069;VorArzt;260.33;8.22;102.85;0;1
70069;NachArzt;343.41;2.25;19.77;0;1
70076;Ankunft;218.98;18.82;145.57;0;1
70076;NachRezeption;265.60;14.28;98.95;0;1
70076;VorArzt;266.27;8.22;98.28;0;1
70076;NachArzt;364.30;0.25;0.25;1;1
70068;Ankunft;196.26;24.31;170.30;0;1
70068;NachRezeption;252.99;14.28;113.57;0;1
70068;VorArzt;256.16;8.22;110.40;0;1
70068;NachArzt;345.57;2.25;20.99;0;1
70071;Ankunft;203.60;18.82;163.62;0;1
70071;NachRezeption;256.94;14.28;110.27;0;1
70071;VorArzt;257.78;8.22;109.44;0;1
70071;NachArzt;348.03;2.25;19.19;0;1
70070;Ankunft;200.46;18.82;171.12;0;1
70070;NachRezeption;255.64;19.05;115.94;0;1
70070;VorSchwester;255.64;19.05;115.94;0;1
70070;NachSchwester;259.97;14.28;111.61;0;1
70070;VorArzt;262.54;8.22;109.05;0;1
70070;NachArzt;350.73;2.25;20.85;0;1
70079;Ankunft;224.08;18.82;147.67;0;1
70079;NachRezeption;282.20;14.28;89.55;0;1
70079;VorArzt;282.39;8.22;89.36;0;1
70079;NachArzt;371.50;0.25;0.25;1;1
70074;Ankunft;217.38;18.82;157.35;0;1
70074;NachRezeption;285.64;14.28;89.08;0;1
70074;VorArzt;287.34;8.22;87.38;0;1
70074;NachArzt;374.48;0.25;0.25;1;1
70085;Ankunft;248.76;18.82;126.27;0;1
70085;NachRezeption;308.44;19.05;66.59;0;1
70085;VorSchwester;308.44;19.05;66.59;0;1
70085;NachSchwester;313.07;14.28;61.96;0;1
70085;VorArzt;313.29;8.22;61.75;0;1
70085;NachArzt;374.78;0.25;0.25;1;1
70063;Ankunft;185.16;24.31;190.57;0;1
70063;NachRezeption;234.99;19.05;140.74;0;1
70063;VorSchwester;234.99;19.05;140.74;0;1
70063;NachSchwester;242.29;14.28;133.44;0;1
70063;VorArzt;262.77;8.22;112.96;0;1
70063;NachArzt;353.96;2.25;21.77;0;1
70067;Ankunft;192.36;24.31;187.52;0;1
70067;NachRezeption;250.93;19.05;128.95;0;1
70067;VorSchwester;250.93;19.05;128.95;0;1
70067;NachSchwester;252.65;14.28;127.23;0;1
70067;VorArzt;264.79;8.22;115.09;0;1
70067;NachArzt;356.16;2.25;23.72;0;1
70077;Ankunft;219.05;18.82;161.22;0;1
70077;NachRezeption;281.36;19.05;98.90;0;1
70077;VorSchwester;281.36;19.05;98.90;0;1
70077;NachSchwester;286.52;14.28;93.74;0;1
70077;VorArzt;287.80;8.22;92.46;0;1
70077;NachArzt;380.01;0.25;0.25;1;1
70075;Ankunft;218.53;18.82;164.64;0;1
70075;NachRezeption;260.21;19.05;122.96;0;1
70075;VorSchwester;260.21;19.05;122.96;0;1
70075;NachSchwester;264.85;14.28;118.31;0;1
70075;VorArzt;268.68;8.22;114.49;0;1
70075;NachArzt;357.22;2.25;25.95;0;1
70073;Ankunft;214.84;24.31;168.55;0;1
70073;NachRezeption;278.43;19.05;104.96;0;1
70073;VorSchwester;278.43;19.05;104.96;0;1
70073;NachSchwester;280.93;14.28;102.46;0;1
70073;VorArzt;293.78;8.22;89.61;0;1
70073;NachArzt;383.14;0.25;0.25;1;1
70080;Ankunft;225.20;18.82;160.70;0;1
70080;NachRezeption;285.17;14.28;100.73;0;1
70080;VorArzt;285.51;8.22;100.39;0;1
70080;NachArzt;367.58;2.25;18.32;0;1
70083;Ankunft;243.04;18.82;145.59;0;1
70083;NachRezeption;301.91;14.28;86.71;0;1
70083;VorArzt;302.84;8.22;85.79;0;1
70083;NachArzt;369.99;2.25;18.63;0;1
70087;Ankunft;258.80;18.82;130.55;0;1
70087;NachRezeption;319.51;14.28;69.83;0;1
70087;VorArzt;323.89;8.22;65.45;0;1
70087;NachArzt;385.66;2.25;3.68;0;1
70078;Ankunft;222.52;24.31;169.64;0;1
70078;NachRezeption;286.91;19.05;105.25;0;1
70078;VorSchwester;286.91;19.05;105.25;0;1
70078;NachSchwester;291.76;14.28;100.40;0;1
70078;VorArzt;301.14;8.22;91.01;0;1
70078;NachArzt;390.94;2.25;1.21;0;1
70089;Ankunft;267.26;18.82;125.37;0;1
70089;NachRezeption;324.93;19.05;67.70;0;1
70089;VorSchwester;324.93;19.05;67.70;0;1
70089;NachSchwester;330.43;14.28;62.20;0;1
70089;VorArzt;330.91;8.22;61.72;0;1
70089;NachArzt;392.38;0.25;0.25;1;1
70091;Ankunft;272.53;18.82;123.94;0;1
70091;NachRezeption;333.81;19.05;62.66;0;1
70091;VorSchwester;333.81;19.05;62.66;0;1
70091;NachSchwester;335.29;14.28;61.18;0;1
70091;VorArzt;339.95;8.22;56.52;0;1
70091;NachArzt;394.52;2.25;1.95;1;1
70093;Ankunft;275.98;18.82;122.78;0;1
70093;NachRezeption;338.56;14.28;60.21;0;1
70093;VorArzt;340.75;8.22;58.01;0;1
70093;NachArzt;396.73;2.25;2.03;1;1
70082;Ankunft;229.60;24.31;170.46;0;1
70082;NachRezeption;293.71;19.05;106.35;0;1
70082;VorSchwester;293.71;19.05;106.35;0;1
70082;NachSchwester;299.03;14.28;101.03;0;1
70082;VorArzt;303.13;8.22;96.93;0;1
70082;NachArzt;398.65;2.25;1.40;0;1
70094;Ankunft;287.63;24.31;113.30;0;1
70094;NachRezeption;341.21;19.05;59.72;0;1
70094;VorSchwester;341.21;19.05;59.72;0;1
70094;NachSchwester;343.51;14.28;57.42;0;1
70094;VorArzt;344.25;8.22;56.69;0;1
70094;NachArzt;398.74;2.25;2.19;1;1
70086;Ankunft;256.40;18.82;149.20;0;1
70086;NachRezeption;313.80;14.28;91.80;0;1
70086;VorArzt;315.35;8.22;90.26;0;1
70086;NachArzt;402.44;2.25;3.17;0;1
70099;Ankunft;297.57;24.31;109.79;0;1
70099;NachRezeption;351.43;19.05;55.93;0;1
70099;VorSchwester;351.43;19.05;55.93;0;1
70099;NachSchwester;355.87;14.28;51.49;0;1
70099;VorArzt;363.89;8.22;43.47;0;1
70099;NachArzt;407.11;0.25;0.25;1;1
70090;Ankunft;270.87;18.82;139.58;0;1
70090;NachRezeption;328.48;14.28;81.97;0;1
70090;VorArzt;329.31;8.22;81.14;0;1
70090;NachArzt;410.20;0.25;0.25;1;1
70084;Ankunft;243.68;24.31;173.77;0;1
70084;NachRezeption;304.21;19.05;113.23;0;1
70084;VorSchwester;304.21;19.05;113.23;0;1
70084;NachSchwester;312.02;14.28;105.42;0;1
70084;VorArzt;332.83;8.22;84.61;0;1
70084;NachArzt;416.22;2.25;1.23;0;1
70092;Ankunft;272.80;18.82;159.38;0;1
70092;NachRezeption;334.90;14.28;97.28;0;1
70092;VorArzt;338.50;8.22;93.68;0;1
70092;NachArzt;431.93;0.25;0.25;1;1
70100;Ankunft;304.60;24.31;130.49;0;1
70100;NachRezeption;359.75;19.05;75.35;0;1
70100;VorSchwester;359.75;19.05;75.35;0;1
70100;NachSchwester;367.70;14.28;67.39;0;1
70100;VorArzt;368.98;8.22;66.11;0;1
70100;NachArzt;433.79;2.25;1.31;0;1
70097;Ankunft;295.74;24.31;142.20;0;1
70097;NachRezeption;346.29;14.28;91.66;0;1
70097;VorArzt;372.46;8.22;65.49;0;1
70097;NachArzt;437.70;0.25;0.25;1;1
70088;Ankunft;260.57;24.31;178.90;0;1
70088;NachRezeption;322.37;19.05;117.09;0;1
70088;VorSchwester;322.37;19.05;117.09;0;1
70088;NachSchwester;327.75;14.28;111.71;0;1
70088;VorArzt;346.22;8.22;93.25;0;1
70088;NachArzt;437.27;2.25;2.19;1;1
70098;Ankunft;296.10;18.82;148.42;0;1
70098;NachRezeption;348.00;14.28;96.53;0;1
70098;VorArzt;350.86;8.22;93.67;0;1
70098;NachArzt;444.27;0.25;0.25;1;1
70095;Ankunft;290.60;24.31;159.05;0;1
70095;NachRezeption;342.49;19.05;107.15;0;1
70095;VorSchwester;342.49;19.05;107.15;0;1
70095;NachSchwester;343.39;14.28;106.25;0;1
70095;VorArzt;348.31;8.22;101.34;0;1
70095;NachArzt;440.91;2.25;8.73;0;1
70101;Ankunft;340.25;24.31;114.22;0;1
70101;NachRezeption;361.63;14.28;92.84;0;1
70101;VorArzt;383.17;8.22;71.30;0;1
70101;NachArzt;453.58;2.25;0.89;0;1
70096;Ankunft;290.68;24.31;163.93;0;1
70096;NachRezeption;345.24;19.05;109.37;0;1
70096;VorSchwester;345.24;19.05;109.37;0;1
70096;NachSchwester;350.70;14.28;103.91;0;1
70096;VorArzt;352.32;8.22;102.29;0;1
70096;NachArzt;454.36;0.25;0.25;1;1
70103;Ankunft;353.18;18.82;109.01;0;1
70103;NachRezeption;374.43;14.28;87.76;0;1
70103;VorArzt;375.31;8.22;86.87;0;1
70103;NachArzt;461.94;0.25;0.25;1;1
70104;Ankunft;353.89;18.82;119.62;0;1
70104;NachRezeption;375.18;14.28;98.33;0;1
70104;VorArzt;375.48;8.22;98.03;0;1
70104;NachArzt;473.26;0.25;0.25;1;1
70105;Ankunft;363.22;24.31;116.95;0;1
70105;NachRezeption;384.82;19.05;95.35;0;1
70105;VorSchwester;384.82;19.05;95.35;0;1
70105;NachSchwester;389.32;14.28;90.85;0;1
70105;VorArzt;444.47;8.22;35.70;0;1
70102;Ankunft;351.21;24.31;139.26;0;1
70102;NachRezeption;372.09;14.28;118.39;0;1
70102;VorArzt;385.68;8.22;104.79;0;1
70102;NachArzt;490.23;2.25;0.25;0;0
80001;Ankunft;0.00;18.82;13.29;0;1
80001;NachRezeption;0.54;19.05;12.75;0;1
80001;VorSchwester;0.54;19.05;12.75;0;1
80001;NachSchwester;5.39;14.28;7.89;0;1
80001;VorArzt;6.34;8.22;6.95;1;1
80001;NachArzt;11.36;2.25;1.93;1;1
80003;Ankunft;20.74;18.82;3.98;0;1
80003;NachRezeption;21.87;14.28;2.85;0;1
80003;VorArzt;22.38;8.22;2.34;0;1
80003;NachArzt;24.47;0.25;0.25;1;1
80002;Ankunft;9.95;24.31;33.92;0;1
80002;NachRezeption;10.76;19.05;33.11;0;1
80002;VorSchwester;10.76;19.05;33.11;0;1
80002;NachSchwester;19.34;14.28;24.53;0;1
80002;VorArzt;27.31;8.22;16.56;0;1
80002;NachArzt;43.62;0.25;0.25;1;1
80004;Ankunft;49.10;18.82;20.04;1;1
80004;NachRezeption;53.28;14.28;15.87;1;1
80004;VorArzt;53.76;8.22;15.38;0;1
80004;NachArzt;67.91;2.25;1.23;0;1
80005;Ankunft;50.73;18.82;32.35;0;1
80005;NachRezeption;54.75;14.28;28.33;0;1
80005;VorArzt;60.32;8.22;22.75;0;1
80005;NachArzt;69.69;2.25;13.39;0;1
80008;Ankunft;68.59;24.31;24.95;1;1
80008;NachRezeption;71.02;14.28;22.53;0;1
80008;VorArzt;72.64;8.22;20.91;0;1
80008;NachArzt;75.39;2.25;18.15;0;1
80006;Ankunft;57.20;18.82;36.70;0;1
80006;NachRezeption;58.96;14.28;34.93;0;1
80006;VorArzt;60.79;8.22;33.10;0;1
80006;NachArzt;76.32;2.25;17.58;0;1
80007;Ankunft;61.25;18.82;39.09;0;1
80007;NachRezeption;62.51;14.28;37.83;0;1
80007;VorArzt;63.19;8.22;37.15;0;1
80007;NachArzt;85.30;2.25;15.04;0;1
80009;Ankunft;69.55;18.82;32.15;0;1
80009;NachRezeption;73.67;14.28;28.03;0;1
80009;VorArzt;74.22;8.22;27.48;0;1
80009;NachArzt;85.55;2.25;16.15;0;1
80014;Ankunft;88.09;18.82;21.95;1;1
80014;NachRezeption;106.12;14.28;3.92;0;1
80014;VorArzt;106.41;8.22;3.62;0;1
80014;NachArzt;109.78;0.25;0.25;1;1
80010;Ankunft;72.67;18.82;40.45;0;1
80010;NachRezeption;86.19;14.28;26.93;0;1
80010;VorArzt;87.61;8.22;25.52;0;1
80010;NachArzt;93.78;2.25;19.34;0;1
80017;Ankunft;92.19;18.82;34.74;0;1
80017;NachRezeption;112.19;19.05;14.74;0;1
80017;VorSchwester;112.19;19.05;14.74;0;1
80017;NachSchwester;117.27;14.28;9.67;0;1
80017;VorArzt;120.35;8.22;6.58;0;1
80017;NachArzt;126.68;0.25;0.25;1;1
80012;Ankunft;74.97;18.82;54.85;0;1
80012;NachRezeption;90.21;19.05;39.61;0;1
80012;VorSchwester;90.21;19.05;39.61;0;1
80012;NachSchwester;100.48;14.28;29.34;0;1
80012;VorArzt;101.02;8.22;28.79;0;1
80012;NachArzt;115.13;2.25;14.69;0;1
80015;Ankunft;88.78;18.82;43.52;0;1
80015;NachRezeption;108.46;14.28;23.85;0;1
80015;VorArzt;110.36;8.22;21.95;0;1
80015;NachArzt;116.71;2.25;15.59;0;1
80021;Ankunft;100.87;18.82;34.80;0;1
80021;NachRezeption;119.73;14.28;15.93;1;1
80021;VorArzt;127.53;8.22;8.13;1;1
80021;NachArzt;135.41;0.25;0.25;1;1
80016;Ankunft;89.47;24.31;51.41;0;1
80016;NachRezeption;111.54;19.05;29.34;0;1
80016;VorSchwester;111.54;19.05;29.34;0;1
80016;NachSchwester;118.35;14.28;22.54;0;1
80016;VorArzt;122.08;8.22;18.80;0;1
80016;NachArzt;140.63;0.25;0.25;1;1
80029;Ankunft;120.23;18.82;30.94;0;1
80029;NachRezeption;143.58;14.28;7.60;0;1
80029;VorArzt;143.88;8.22;7.29;1;1
80029;NachArzt;150.93;0.25;0.25;1;1
80011;Ankunft;73.77;24.31;78.19;0;1
80011;NachRezeption;88.22;19.05;63.74;0;1
80011;VorSchwester;88.22;19.05;63.74;0;1
80011;NachSchwester;97.25;14.28;54.72;0;1
80011;VorArzt;113.67;8.22;38.29;0;1
80011;NachArzt;131.22;2.25;20.74;0;1
80023;Ankunft;105.32;18.82;52.70;0;1
80023;NachRezeption;123.93;14.28;34.08;0;1
80023;VorArzt;126.13;8.22;31.89;0;1
80023;NachArzt;133.33;2.25;24.69;0;1
80028;Ankunft;116.83;18.82;55.97;0;1
80028;NachRezeption;142.70;19.05;30.10;0;1
80028;VorSchwester;142.70;19.05;30.10;0;1
80028;NachSchwester;146.48;14.28;26.32;0;1
80028;VorArzt;149.58;8.22;23.21;0;1
80028;NachArzt;172.55;0.25;0.25;1;1
80025;Ankunft;108.62;18.82;66.27;0;1
80025;NachRezeption;127.02;19.05;47.87;0;1
80025;VorSchwester;127.02;19.05;47.87;0;1
80025;NachSchwester;131.22;14.28;43.67;0;1
80025;VorArzt;132.08;8.22;42.81;0;1
80025;NachArzt;143.13;2.25;31.75;0;1
80013;Ankunft;77.31;24.31;103.69;0;1
80013;NachRezeption;96.20;19.05;84.80;0;1
80013;VorSchwester;96.20;19.05;84.80;0;1
80013;NachSchwester;99.18;14.28;81.83;0;1
80013;VorArzt;160.10;8.22;20.90;0;1
80013;NachArzt;180.75;0.25;0.25;1;1
80019;Ankunft;96.36;24.31;91.45;0;1
80019;NachRezeption;118.25;19.05;69.56;0;1
80019;VorSchwester;118.25;19.05;69.56;0;1
80019;NachSchwester;122.82;14.28;64.99;0;1
80019;VorArzt;134.59;8.22;53.22;0;1
80019;NachArzt;145.12;2.25;42.68;0;1
80026;Ankunft;114.69;24.31;74.33;0;1
80026;NachRezeption;127.64;19.05;61.38;0;1
80026;VorSchwester;127.64;19.05;61.38;0;1
80026;NachSchwester;129.66;14.28;59.36;0;1
80026;VorArzt;143.29;8.22;45.73;0;1
80026;NachArzt;146.56;2.25;42.46;0;1
80018;Ankunft;96.26;24.31;95.79;0;1
80018;NachRezeption;115.84;19.05;76.20;0;1
80018;VorSchwester;115.84;19.05;76.20;0;1
80018;NachSchwester;127.04;14.28;65.01;0;1
80018;VorArzt;150.35;8.22;41.69;0;1
80018;NachArzt;191.80;0.25;0.25;1;1
80020;Ankunft;97.93;24.31;96.63;0;1
80020;NachRezeption;119.08;14.28;75.49;0;1
80020;VorArzt;135.65;8.22;58.92;0;1
80020;NachArzt;153.87;2.25;40.70;0;1
80022;Ankunft;101.75;24.31;95.79;0;1
80022;NachRezeption;122.71;19.05;74.84;0;1
80022;VorSchwester;122.71;19.05;74.84;0;1
80022;NachSchwester;126.37;14.28;71.18;0;1
80022;VorArzt;143.96;8.22;53.58;0;1
80022;NachArzt;158.13;2.25;39.41;0;1
80036;Ankunft;138.26;18.82;61.42;0;1
80036;NachRezeption;163.22;14.28;36.46;0;1
80036;VorArzt;163.38;8.22;36.30;0;1
80036;NachArzt;199.43;0.25;0.25;1;1
80027;Ankunft;115.94;18.82;83.81;0;1
80027;NachRezeption;131.92;19.05;67.83;0;1
80027;VorSchwester;131.92;19.05;67.83;0;1
80027;NachSchwester;135.06;14.28;64.69;0;1
80027;VorArzt;141.70;8.22;58.05;0;1
80027;NachArzt;160.07;2.25;39.68;0;1
80024;Ankunft;106.49;24.31;95.59;0;1
80024;NachRezeption;124.87;14.28;77.21;0;1
80024;VorArzt;145.55;8.22;56.53;0;1
80024;NachArzt;169.59;2.25;32.49;0;1
80041;Ankunft;147.34;18.82;55.28;0;1
80041;NachRezeption;190.04;14.28;12.58;1;1
80041;VorArzt;190.22;8.22;12.40;0;1
80041;NachArzt;202.37;0.25;0.25;1;1
80031;Ankunft;124.97;18.82;78.04;0;1
80031;NachRezeption;148.40;14.28;54.61;0;1
80031;VorArzt;149.35;8.22;53.66;0;1
80031;NachArzt;170.19;2.25;32.82;0;1
80035;Ankunft;135.54;18.82;68.22;0;1
80035;NachRezeption;160.78;14.28;42.99;0;1
80035;VorArzt;163.43;8.22;40.33;0;1
80035;NachArzt;203.52;0.25;0.25;1;1
80032;Ankunft;127.22;18.82;81.49;0;1
80032;NachRezeption;149.32;14.28;59.40;0;1
80032;VorArzt;152.94;8.22;55.78;0;1
80032;NachArzt;175.87;2.25;32.84;0;1
80044;Ankunft;156.89;18.82;62.03;0;1
80044;NachRezeption;195.46;19.05;23.46;1;1
80044;VorSchwester;195.46;19.05;23.46;1;1
80044;NachSchwester;202.15;14.28;16.77;1;1
80044;VorArzt;202.90;8.22;16.02;0;1
80044;NachArzt;218.67;0.25;0.25;1;1
80047;Ankunft;173.41;18.82;52.26;0;1
80047;NachRezeption;205.35;19.05;20.32;1;1
80047;VorSchwester;205.35;19.05;20.32;1;1
80047;NachSchwester;209.07;14.28;16.60;1;1
80047;VorArzt;210.08;8.22;15.59;0;1
80047;NachArzt;225.42;0.25;0.25;1;1
80046;Ankunft;160.66;24.31;65.03;0;1
80046;NachRezeption;200.03;19.05;25.66;0;1
80046;VorSchwester;200.03;19.05;25.66;0;1
80046;NachSchwester;206.06;14.28;19.63;0;1
80046;VorArzt;211.57;8.22;14.12;0;1
80046;NachArzt;225.44;0.25;0.25;1;1
80039;Ankunft;141.39;24.31;96.49;0;1
80039;NachRezeption;168.42;14.28;69.46;0;1
80039;VorArzt;212.99;8.22;24.89;0;1
80039;NachArzt;237.63;0.25;0.25;1;1
80040;Ankunft;144.47;24.31;100.25;0;1
80040;NachRezeption;181.62;19.05;63.10;0;1
80040;VorSchwester;181.62;19.05;63.10;0;1
80040;NachSchwester;186.26;14.28;58.46;0;1
80040;VorArzt;186.86;8.22;57.86;0;1
80040;NachArzt;198.49;2.25;46.23;0;1
80055;Ankunft;180.36;18.82;67.77;0;1
80055;NachRezeption;219.93;19.05;28.21;0;1
80055;VorSchwester;219.93;19.05;28.21;0;1
80055;NachSchwester;222.83;14.28;25.31;0;1
80055;VorArzt;227.76;8.22;20.37;0;1
80055;NachArzt;247.88;0.25;0.25;1;1
80038;Ankunft;141.38;18.82;108.56;0;1
80038;NachRezeption;166.43;19.05;83.51;0;1
80038;VorSchwester;166.43;19.05;83.51;0;1
80038;NachSchwester;178.11;14.28;71.83;0;1
80038;VorArzt;181.64;8.22;68.30;0;1
80038;NachArzt;192.50;2.25;57.44;0;1
80030;Ankunft;122.22;18.82;130.10;0;1
80030;NachRezeption;145.79;14.28;106.53;0;1
80030;VorArzt;150.84;8.22;101.48;0;1
80030;NachArzt;194.39;2.25;57.93;0;1
80066;Ankunft;210.47;24.31;43.65;0;1
80066;NachRezeption;216.01;19.05;38.10;0;1
80066;VorSchwester;216.01;19.05;38.10;0;1
80066;NachSchwester;219.59;14.28;34.52;0;1
80066;VorArzt;239.30;8.22;14.81;0;1
80066;NachArzt;253.87;0.25;0.25;1;1
80034;Ankunft;134.07;18.82;121.72;0;1
80034;NachRezeption;159.26;14.28;96.53;0;1
80034;VorArzt;159.77;8.22;96.02;0;1
80034;NachArzt;196.39;2.25;59.40;0;1
80042;Ankunft;148.48;18.82;111.02;0;1
80042;NachRezeption;190.43;14.28;69.07;0;1
80042;VorArzt;191.05;8.22;68.46;0;1
80042;NachArzt;208.55;2.25;50.96;0;1
80033;Ankunft;129.51;24.31;135.21;0;1
80033;NachRezeption;150.76;19.05;113.96;0;1
80033;VorSchwester;150.76;19.05;113.96;0;1
80033;NachSchwester;158.28;14.28;106.44;0;1
80033;VorArzt;168.37;8.22;96.34;0;1
80033;NachArzt;210.14;2.25;54.57;0;1
80037;Ankunft;138.42;24.31;130.79;0;1
80037;NachRezeption;165.57;14.28;103.64;0;1
80037;VorArzt;180.44;8.22;88.76;0;1
80037;NachArzt;211.48;2.25;57.72;0;1
80061;Ankunft;199.30;18.82;72.77;0;1
80061;NachRezeption;250.58;19.05;21.49;1;1
80061;VorSchwester;250.58;19.05;21.49;1;1
80061;NachSchwester;256.73;14.28;15.35;1;1
80061;VorArzt;257.97;8.22;14.11;0;1
80061;NachArzt;271.83;0.25;0.25;1;1
80045;Ankunft;159.33;18.82;113.69;0;1
80045;NachRezeption;198.88;19.05;74.14;0;1
80045;VorSchwester;198.88;19.05;74.14;0;1
80045;NachSchwester;204.94;14.28;68.08;0;1
80045;VorArzt;205.79;8.22;67.23;0;1
80045;NachArzt;215.48;2.25;57.54;0;1
80065;Ankunft;206.60;18.82;74.67;0;1
80065;NachRezeption;258.09;14.28;23.18;0;1
80065;VorArzt;258.61;8.22;22.66;0;1
80065;NachArzt;281.02;0.25;0.25;1;1
80043;Ankunft;148.66;24.31;132.79;0;1
80043;NachRezeption;192.74;19.05;88.72;0;1
80043;VorSchwester;192.74;19.05;88.72;0;1
80043;NachSchwester;197.37;14.28;84.08;0;1
80043;VorArzt;207.98;8.22;73.47;0;1
80043;NachArzt;222.23;2.25;59.22;0;1
80063;Ankunft;204.83;18.82;85.32;0;1
80063;NachRezeption;262.66;19.05;27.49;0;1
80063;VorSchwester;262.66;19.05;27.49;0;1
80063;NachSchwester;266.33;14.28;23.82;0;1
80063;VorArzt;267.20;8.22;22.95;0;1
80063;NachArzt;289.90;0.25;0.25;1;1
80062;Ankunft;203.72;18.82;92.47;0;1
80062;NachRezeption;256.84;19.05;39.35;0;1
80062;VorSchwester;256.84;19.05;39.35;0;1
80062;NachSchwester;261.88;14.28;34.31;0;1
80062;VorArzt;262.43;8.22;33.75;0;1
80062;NachArzt;295.94;0.25;0.25;1;1
80070;Ankunft;217.88;18.82;79.38;0;1
80070;NachRezeption;274.02;14.28;23.24;0;1
80070;VorArzt;274.49;8.22;22.77;0;1
80070;NachArzt;297.01;0.25;0.25;1;1
80067;Ankunft;210.72;18.82;87.92;0;1
80067;NachRezeption;267.32;14.28;31.32;0;1
80067;VorArzt;267.76;8.22;30.88;0;1
80067;NachArzt;298.39;0.25;0.25;1;1
80068;Ankunft;210.81;18.82;93.22;0;1
80068;NachRezeption;268.57;14.28;35.46;0;1
80068;VorArzt;270.74;8.22;33.29;0;1
80068;NachArzt;303.78;0.25;0.25;1;1
80048;Ankunft;173.58;24.31;131.63;0;1
80048;NachRezeption;207.33;19.05;97.88;0;1
80048;VorSchwester;207.33;19.05;97.88;0;1
80048;NachSchwester;212.99;14.28;92.22;0;1
80048;VorArzt;216.43;8.22;88.78;0;1
80048;NachArzt;245.17;2.25;60.03;0;1
80051;Ankunft;178.37;18.82;127.75;0;1
80051;NachRezeption;211.87;14.28;94.25;0;1
80051;VorArzt;215.93;8.22;90.19;0;1
80051;NachArzt;233.05;2.25;73.07;0;1
80050;Ankunft;176.80;18.82;131.71;0;1
80050;NachRezeption;211.11;19.05;97.39;0;1
80050;VorSchwester;211.11;19.05;97.39;0;1
80050;NachSchwester;219.00;14.28;89.51;0;1
80050;VorArzt;221.16;8.22;87.35;0;1
80050;NachArzt;244.62;2.25;63.88;0;1
80053;Ankunft;179.80;18.82;135.45;0;1
80053;NachRezeption;216.61;14.28;98.64;0;1
80053;VorArzt;219.72;8.22;95.53;0;1
80053;NachArzt;249.92;2.25;65.33;0;1
80058;Ankunft;189.90;24.31;130.76;0;1
80058;NachRezeption;233.46;19.05;87.20;0;1
80058;VorSchwester;233.46;19.05;87.20;0;1
80058;NachSchwester;237.39;14.28;83.26;0;1
80058;VorArzt;246.55;8.22;74.11;0;1
80058;NachArzt;259.58;2.25;61.07;0;1
80049;Ankunft;176.36;18.82;150.28;0;1
80049;NachRezeption;210.06;19.05;116.58;0;1
80049;VorSchwester;210.06;19.05;116.58;0;1
80049;NachSchwester;215.20;14.28;111.44;0;1
80049;VorArzt;220.17;8.22;106.47;0;1
80049;NachArzt;259.71;2.25;66.93;0;1
80076;Ankunft;224.91;18.82;103.23;0;1
80076;NachRezeption;285.41;14.28;42.74;0;1
80076;VorArzt;288.39;8.22;39.76;0;1
80076;NachArzt;327.89;0.25;0.25;1;1
80054;Ankunft;179.80;18.82;151.13;0;1
80054;NachRezeption;219.46;19.05;111.48;0;1
80054;VorSchwester;219.46;19.05;111.48;0;1
80054;NachSchwester;222.14;14.28;108.80;0;1
80054;VorArzt;223.29;8.22;107.65;0;1
80054;NachArzt;261.50;2.25;69.43;0;1
80057;Ankunft;187.35;18.82;145.45;0;1
80057;NachRezeption;225.29;14.28;107.51;0;1
80057;VorArzt;232.06;8.22;100.74;0;1
80057;NachArzt;264.30;2.25;68.50;0;1
80064;Ankunft;204.95;18.82;132.90;0;1
80064;NachRezeption;251.31;14.28;86.54;0;1
80064;VorArzt;257.08;8.22;80.78;0;1
80064;NachArzt;267.53;2.25;70.33;0;1
80052;Ankunft;179.05;24.31;159.32;0;1
80052;NachRezeption;213.17;19.05;125.20;0;1
80052;VorSchwester;213.17;19.05;125.20;0;1
80052;NachSchwester;218.93;14.28;119.45;0;1
80052;VorArzt;241.97;8.22;96.41;0;1
80052;NachArzt;272.27;2.25;66.10;0;1
80084;Ankunft;241.66;18.82;97.39;0;1
80084;NachRezeption;303.62;19.05;35.44;0;1
80084;VorSchwester;303.62;19.05;35.44;0;1
80084;NachSchwester;308.70;14.28;30.35;0;1
80084;VorArzt;309.15;8.22;29.90;0;1
80084;NachArzt;338.80;0.25;0.25;1;1
80079;Ankunft;232.59;18.82;107.13;0;1
80079;NachRezeption;292.97;19.05;46.75;0;1
80079;VorSchwester;292.97;19.05;46.75;0;1
80079;NachSchwester;298.83;14.28;40.89;0;1
80079;VorArzt;301.66;8.22;38.06;0;1
80079;NachArzt;339.47;0.25;0.25;1;1
80059;Ankunft;192.78;18.82;147.65;0;1
80059;NachRezeption;250.07;19.05;90.36;0;1
80059;VorSchwester;250.07;19.05;90.36;0;1
80059;NachSchwester;251.20;14.28;89.24;0;1
80059;VorArzt;251.55;8.22;88.88;0;1
80059;NachArzt;274.60;2.25;65.83;0;1
80060;Ankunft;197.46;18.82;143.87;0;1
80060;NachRezeption;260.56;14.28;80.77;0;1
80060;VorArzt;261.67;8.22;79.67;0;1
80060;NachArzt;275.88;2.25;65.46;0;1
80086;Ankunft;245.78;18.82;104.58;0;1
80086;NachRezeption;309.26;14.28;41.10;0;1
80086;VorArzt;309.52;8.22;40.84;0;1
80086;NachArzt;350.11;0.25;0.25;1;1
80082;Ankunft;239.90;18.82;114.22;0;1
80082;NachRezeption;315.64;19.05;38.48;0;1
80082;VorSchwester;315.64;19.05;38.48;0;1
80082;NachSchwester;317.19;14.28;36.93;0;1
80082;VorArzt;319.46;8.22;34.65;0;1
80082;NachArzt;353.87;0.25;0.25;1;1
80089;Ankunft;255.36;24.31;99.89;0;1
80089;NachRezeption;318.41;19.05;36.84;0;1
80089;VorSchwester;318.41;19.05;36.84;0;1
80089;NachSchwester;319.97;14.28;35.28;0;1
80089;VorArzt;324.83;8.22;30.41;0;1
80089;NachArzt;355.00;0.25;0.25;1;1
80056;Ankunft;186.08;24.31;169.57;0;1
80056;NachRezeption;223.75;14.28;131.91;0;1
80056;VorArzt;259.99;8.22;95.67;0;1
80056;NachArzt;288.49;2.25;67.17;0;1
80080;Ankunft;232.89;24.31;125.95;0;1
80080;NachRezeption;302.24;19.05;56.60;0;1
80080;VorSchwester;302.24;19.05;56.60;0;1
80080;NachSchwester;305.16;14.28;53.68;0;1
80080;VorArzt;337.40;8.22;21.44;0;1
80080;NachArzt;358.59;0.25;0.25;1;1
80088;Ankunft;251.73;18.82;110.29;0;1
80088;NachRezeption;279.23;14.28;82.79;0;1
80088;VorArzt;281.11;8.22;80.91;0;1
80088;NachArzt;299.86;2.25;62.16;0;1
80074;Ankunft;221.68;24.31;142.21;0;1
80074;NachRezeption;280.79;19.05;83.10;0;1
80074;VorSchwester;280.79;19.05;83.10;0;1
80074;NachSchwester;282.40;14.28;81.49;0;1
80074;VorArzt;283.38;8.22;80.51;0;1
80074;NachArzt;303.23;2.25;60.66;0;1
80075;Ankunft;223.97;18.82;141.54;0;1
80075;NachRezeption;284.47;19.05;81.04;0;1
80075;VorSchwester;284.47;19.05;81.04;0;1
80075;NachSchwester;288.38;14.28;77.13;0;1
80075;VorArzt;290.02;8.22;75.49;0;1
80075;NachArzt;309.09;2.25;56.42;0;1
80069;Ankunft;213.52;18.82;152.59;0;1
80069;NachRezeption;271.68;14.28;94.43;0;1
80069;VorArzt;272.71;8.22;93.40;0;1
80069;NachArzt;312.17;2.25;53.94;0;1
80071;Ankunft;219.51;24.31;150.81;0;1
80071;NachRezeption;274.77;19.05;95.55;0;1
80071;VorSchwester;274.77;19.05;95.55;0;1
80071;NachSchwester;279.10;14.28;91.22;0;1
80071;VorArzt;292.62;8.22;77.70;0;1
80071;NachArzt;318.73;2.25;51.59;0;1
80072;Ankunft;220.02;24.31;152.39;0;1
80072;NachRezeption;276.97;14.28;95.43;0;1
80072;VorArzt;279.92;8.22;92.48;0;1
80072;NachArzt;322.62;2.25;49.78;0;1
80077;Ankunft;226.37;24.31;148.09;0;1
80077;NachRezeption;286.43;19.05;88.03;0;1
80077;VorSchwester;286.43;19.05;88.03;0;1
80077;NachSchwester;295.49;14.28;78.97;0;1
80077;VorArzt;300.82;8.22;73.64;0;1
80077;NachArzt;325.57;2.25;48.89;0;1
80073;Ankunft;220.55;24.31;156.72;0;1
80073;NachRezeption;277.84;14.28;99.43;0;1
80073;VorArzt;289.48;8.22;87.79;0;1
80073;NachArzt;334.76;2.25;42.51;0;1
80078;Ankunft;231.96;18.82;146.38;0;1
80078;NachRezeption;292.23;19.05;86.11;0;1
80078;VorSchwester;292.23;19.05;86.11;0;1
80078;NachSchwester;296.80;14.28;81.54;0;1
80078;VorArzt;304.57;8.22;73.78;0;1
80078;NachArzt;335.29;2.25;43.06;0;1
80083;Ankunft;240.50;18.82;138.37;0;1
80083;NachRezeption;300.85;14.28;78.02;0;1
80083;VorArzt;305.52;8.22;73.35;0;1
80083;NachArzt;347.14;2.25;31.73;0;1
80091;Ankunft;265.10;18.82;116.16;0;1
80091;NachRezeption;333.16;14.28;48.10;0;1
80091;VorArzt;342.69;8.22;38.56;0;1
80091;NachArzt;381.00;0.25;0.25;1;1
80081;Ankunft;238.00;24.31;145.81;0;1
80081;NachRezeption;306.90;19.05;76.91;0;1
80081;VorSchwester;306.90;19.05;76.91;0;1
80081;NachSchwester;308.72;14.28;75.09;0;1
80081;VorArzt;309.34;8.22;74.47;0;1
80081;NachArzt;349.51;2.25;34.30;0;1
80087;Ankunft;251.34;18.82;138.28;0;1
80087;NachRezeption;316.75;14.28;72.87;0;1
80087;VorArzt;319.79;8.22;69.83;0;1
80087;NachArzt;355.49;2.25;34.13;0;1
80090;Ankunft;260.34;18.82;129.65;0;1
80090;NachRezeption;326.84;14.28;63.15;0;1
80090;VorArzt;327.16;8.22;62.83;0;1
80090;NachArzt;362.57;2.25;27.43;0;1
80085;Ankunft;244.75;24.31;145.68;0;1
80085;NachRezeption;316.26;19.05;74.17;0;1
80085;VorSchwester;316.26;19.05;74.17;0;1
80085;NachSchwester;321.86;14.28;68.57;0;1
80085;VorArzt;330.79;8.22;59.64;0;1
80085;NachArzt;366.87;2.25;23.56;0;1
80092;Ankunft;266.12;18.82;125.26;0;1
80092;NachRezeption;333.68;19.05;57.69;0;1
80092;VorSchwester;333.68;19.05;57.69;0;1
80092;NachSchwester;339.81;14.28;51.56;0;1
80092;VorArzt;340.82;8.22;50.55;0;1
80092;NachArzt;373.66;2.25;17.71;0;1
80093;Ankunft;266.28;18.82;125.78;0;1
80093;NachRezeption;335.40;19.05;56.67;0;1
80093;VorSchwester;335.40;19.05;56.67;0;1
80093;NachSchwester;341.62;14.28;50.44;0;1
80093;VorArzt;342.11;8.22;49.95;0;1
80093;NachArzt;375.19;2.25;16.88;0;1
80100;Ankunft;291.70;18.82;101.37;0;1
80100;NachRezeption;357.28;14.28;35.80;0;1
80100;VorArzt;359.63;8.22;33.45;0;1
80100;NachArzt;378.04;2.25;15.04;0;1
80102;Ankunft;299.59;18.82;94.71;0;1
80102;NachRezeption;361.24;14.28;33.06;0;1
80102;VorArzt;363.62;8.22;30.68;0;1
80102;NachArzt;383.95;2.25;10.35;0;1
80094;Ankunft;276.97;24.31;119.10;0;1
80094;NachRezeption;343.02;19.05;53.05;0;1
80094;VorSchwester;343.02;19.05;53.05;0;1
80094;NachSchwester;344.23;14.28;51.84;0;1
80094;VorArzt;367.59;8.22;28.48;0;1
80094;NachArzt;395.82;0.25;0.25;1;1
80095;Ankunft;277.61;18.82;118.77;0;1
80095;NachRezeption;345.37;14.28;51.00;0;1
80095;VorArzt;347.87;8.22;48.50;0;1
80095;NachArzt;385.50;2.25;10.87;0;1
80098;Ankunft;286.03;24.31;111.29;0;1
80098;NachRezeption;352.11;19.05;45.21;0;1
80098;VorSchwester;352.11;19.05;45.21;0;1
80098;NachSchwester;357.04;14.28;40.28;0;1
80098;VorArzt;366.53;8.22;30.79;0;1
80098;NachArzt;392.19;2.25;5.13;0;1
80096;Ankunft;279.20;24.31;119.22;0;1
80096;NachRezeption;347.68;19.05;50.74;0;1
80096;VorSchwester;347.68;19.05;50.74;0;1
80096;NachSchwester;352.02;14.28;46.39;0;1
80096;VorArzt;363.66;8.22;34.75;0;1
80096;NachArzt;392.42;2.25;6.00;0;1
80104;Ankunft;327.56;18.82;76.15;0;1
80104;NachRezeption;375.21;14.28;28.50;0;1
80104;VorArzt;376.43;8.22;27.28;0;1
80104;NachArzt;398.59;2.25;5.13;0;1
80101;Ankunft;298.28;24.31;106.74;0;1
80101;NachRezeption;359.96;19.05;45.06;0;1
80101;VorSchwester;359.96;19.05;45.06;0;1
80101;NachSchwester;364.30;14.28;40.72;0;1
80101;VorArzt;381.83;8.22;23.19;0;1
80101;NachArzt;402.10;2.25;2.92;0;1
80103;Ankunft;316.77;18.82;95.50;0;1
80103;NachRezeption;369.86;19.05;42.42;0;1
80103;VorSchwester;369.86;19.05;42.42;0;1
80103;NachSchwester;380.66;14.28;31.62;0;1
80103;VorArzt;382.35;8.22;29.92;0;1
80103;NachArzt;412.03;0.25;0.25;1;1
80105;Ankunft;329.03;18.82;88.07;0;1
80105;NachRezeption;376.18;14.28;40.92;0;1
80105;VorArzt;378.96;8.22;38.13;0;1
80105;NachArzt;416.08;2.25;1.01;0;1
80097;Ankunft;283.83;24.31;137.74;0;1
80097;NachRezeption;351.24;19.05;70.34;0;1
80097;VorSchwester;351.24;19.05;70.34;0;1
80097;NachSchwester;356.44;14.28;65.13;0;1
80097;VorArzt;384.14;8.22;37.44;0;1
80097;NachArzt;421.33;0.25;0.25;1;1
80099;Ankunft;291.32;24.31;137.36;0;1
80099;NachRezeption;356.43;14.28;72.25;0;1
80099;VorArzt;411.52;8.22;17.16;0;1
80099;NachArzt;426.75;2.25;1.92;1;1
90002;Ankunft;9.42;18.82;26.97;0;1
90002;NachRezeption;11.66;19.05;24.73;0;1
90002;VorSchwester;11.66;19.05;24.73;0;1
90002;NachSchwester;18.68;14.28;17.71;1;1
90002;VorArzt;19.82;8.22;16.57;0;1
90002;NachArzt;24.69;2.25;11.70;0;1
90001;Ankunft;0.00;18.82;39.63;0;1
90001;NachRezeption;3.16;19.05;36.47;0;1
90001;VorSchwester;3.16;19.05;36.47;0;1
90001;NachSchwester;13.81;14.28;25.82;0;1
90001;VorArzt;20.62;8.22;19.01;0;1
90001;NachArzt;35.61;2.25;4.01;0;1
90003;Ankunft;26.10;18.82;20.30;1;1
90003;NachRezeption;38.82;14.28;7.59;0;1
90003;VorArzt;39.40;8.22;7.00;1;1
90003;NachArzt;43.93;2.25;2.47;1;1
90004;Ankunft;38.62;24.31;19.63;0;1
90004;NachRezeption;42.37;19.05;15.87;0;1
90004;VorSchwester;42.37;19.05;15.87;0;1
90004;NachSchwester;47.58;14.28;10.67;0;1
90004;VorArzt;51.22;8.22;7.02;1;1
90004;NachArzt;56.04;2.25;2.20;1;1
90005;Ankunft;42.82;18.82;19.36;1;1
90005;NachRezeption;45.15;14.28;17.03;1;1
90005;VorArzt;54.48;8.22;7.70;1;1
90005;NachArzt;61.52;2.25;0.66;0;1
90007;Ankunft;63.87;18.82;3.71;0;1
90007;NachRezeption;65.01;14.28;2.56;0;1
90007;VorArzt;65.71;8.22;1.86;0;1
90007;NachArzt;67.32;0.25;0.25;1;1
90008;Ankunft;73.70;18.82;14.14;0;1
90008;NachRezeption;76.20;14.28;11.64;0;1
90008;VorArzt;76.70;8.22;11.14;0;1
90008;NachArzt;87.59;0.25;0.25;1;1
90011;Ankunft;82.68;18.82;14.48;0;1
90011;NachRezeption;85.02;14.28;12.14;1;1
90011;VorArzt;87.66;8.22;9.50;1;1
90011;NachArzt;95.56;2.25;1.60;0;1
90006;Ankunft;57.17;24.31;40.63;0;1
90006;NachRezeption;60.25;19.05;37.55;0;1
90006;VorSchwester;60.25;19.05;37.55;0;1
90006;NachSchwester;67.49;14.28;30.31;0;1
90006;VorArzt;87.77;8.22;10.04;1;1
90006;NachArzt;96.40;2.25;1.40;0;1
90009;Ankunft;75.97;18.82;32.71;0;1
90009;NachRezeption;76.69;19.05;31.99;0;1
90009;VorSchwester;76.69;19.05;31.99;0;1
90009;NachSchwester;90.89;14.28;17.78;1;1
90009;VorArzt;95.39;8.22;13.28;0;1
90009;NachArzt;108.42;0.25;0.25;1;1
90010;Ankunft;80.96;24.31;33.61;0;1
90010;NachRezeption;83.73;14.28;30.84;0;1
90010;VorArzt;87.95;8.22;26.62;0;1
90010;NachArzt;103.54;2.25;11.03;0;1
90013;Ankunft;96.49;18.82;21.99;1;1
90013;NachRezeption;98.89;19.05;19.60;1;1
90013;VorSchwester;98.89;19.05;19.60;1;1
90013;NachSchwester;101.93;14.28;16.55;1;1
90013;VorArzt;106.07;8.22;12.42;0;1
90013;NachArzt;110.46;2.25;8.02;0;1
90015;Ankunft;97.56;18.82;30.86;0;1
90015;NachRezeption;105.26;14.28;23.15;0;1
90015;VorArzt;106.79;8.22;21.63;0;1
90015;NachArzt;123.53;2.25;4.89;0;1
90014;Ankunft;96.76;18.82;31.92;0;1
90014;NachRezeption;101.57;19.05;27.10;0;1
90014;VorSchwester;101.57;19.05;27.10;0;1
90014;NachSchwester;106.24;14.28;22.43;0;1
90014;VorArzt;107.51;8.22;21.16;0;1
90014;NachArzt;128.42;0.25;0.25;1;1
90017;Ankunft;103.17;24.31;26.21;1;1
90017;NachRezeption;112.06;19.05;17.32;1;1
90017;VorSchwester;112.06;19.05;17.32;1;1
90017;NachSchwester;115.44;14.28;13.94;1;1
90017;VorArzt;115.78;8.22;13.60;0;1
90017;NachArzt;129.13;0.25;0.25;1;1
90012;Ankunft;88.00;18.82;41.86;0;1
90012;NachRezeption;88.62;19.05;41.24;0;1
90012;VorSchwester;88.62;19.05;41.24;0;1
90012;NachSchwester;100.28;14.28;29.59;0;1
90012;VorArzt;101.58;8.22;28.28;0;1
90012;NachArzt;125.84;2.25;4.02;0;1
90019;Ankunft;108.58;18.82;24.74;0;1
90019;NachRezeption;117.25;14.28;16.07;1;1
90019;VorArzt;118.73;8.22;14.59;0;1
90019;NachArzt;133.07;0.25;0.25;1;1
90016;Ankunft;99.00;24.31;39.33;0;1
90016;NachRezeption;108.34;19.05;29.99;0;1
90016;VorSchwester;108.34;19.05;29.99;0;1
90016;NachSchwester;113.26;14.28;25.06;0;1
90016;VorArzt;120.57;8.22;17.75;0;1
90016;NachArzt;138.08;0.25;0.25;1;1
90020;Ankunft;114.16;24.31;26.40;1;1
90020;NachRezeption;119.10;19.05;21.45;1;1
90020;VorSchwester;119.10;19.05;21.45;1;1
90020;NachSchwester;130.92;14.28;9.64;0;1
90020;VorArzt;131.39;8.22;9.16;1;1
90020;NachArzt;140.30;0.25;0.25;1;1
90018;Ankunft;107.19;18.82;41.32;0;1
90018;NachRezeption;116.76;14.28;31.76;0;1
90018;VorArzt;122.07;8.22;26.45;0;1
90018;NachArzt;142.20;2.25;6.32;0;1
90022;Ankunft;126.22;18.82;26.11;0;1
90022;NachRezeption;131.45;14.28;20.87;0;1
90022;VorArzt;131.94;8.22;20.39;0;1
90022;NachArzt;152.07;0.25;0.25;1;1
90024;Ankunft;128.75;18.82;26.76;0;1
90024;NachRezeption;134.04;14.28;21.47;0;1
90024;VorArzt;137.53;8.22;17.98;0;1
90024;NachArzt;155.27;0.25;0.25;1;1
90021;Ankunft;122.77;18.82;37.67;0;1
90021;NachRezeption;125.39;19.05;35.05;0;1
90021;VorSchwester;125.39;19.05;35.05;0;1
90021;NachSchwester;129.54;14.28;30.90;0;1
90021;VorArzt;135.55;8.22;24.89;0;1
90021;NachArzt;153.13;2.25;7.31;0;1
90031;Ankunft;142.48;18.82;27.84;0;1
90031;NachRezeption;148.95;14.28;21.38;0;1
90031;VorArzt;153.21;8.22;17.11;0;1
90031;NachArzt;161.56;2.25;8.76;0;1
90023;Ankunft;126.73;18.82;46.67;0;1
90023;NachRezeption;132.69;19.05;40.71;0;1
90023;VorSchwester;132.69;19.05;40.71;0;1
90023;NachSchwester;138.91;14.28;34.48;0;1
90023;VorArzt;140.96;8.22;32.44;0;1
90023;NachArzt;163.26;2.25;10.13;0;1
90025;Ankunft;130.26;18.82;47.21;0;1
90025;NachRezeption;134.64;19.05;42.83;0;1
90025;VorSchwester;134.64;19.05;42.83;0;1
90025;NachSchwester;144.24;14.28;33.23;0;1
90025;VorArzt;147.33;8.22;30.14;0;1
90025;NachArzt;167.20;2.25;10.27;0;1
90033;Ankunft;147.73;18.82;35.82;0;1
90033;NachRezeption;154.00;14.28;29.55;0;1
90033;VorArzt;155.86;8.22;27.69;0;1
90033;NachArzt;183.30;0.25;0.25;1;1
90029;Ankunft;141.90;18.82;45.50;0;1
90029;NachRezeption;144.82;14.28;42.58;0;1
90029;VorArzt;157.05;8.22;30.35;0;1
90029;NachArzt;187.15;0.25;0.25;1;1
90026;Ankunft;137.58;24.31;51.85;0;1
90026;NachRezeption;140.77;19.05;48.66;0;1
90026;VorSchwester;140.77;19.05;48.66;0;1
90026;NachSchwester;143.31;14.28;46.12;0;1
90026;VorArzt;154.41;8.22;35.02;0;1
90026;NachArzt;169.81;2.25;19.62;0;1
90028;Ankunft;139.64;18.82;51.61;0;1
90028;NachRezeption;144.85;20.42;46.40;0;1
90028;VorSchwester;144.85;19.05;46.40;0;1
90028;NachSchwester;149.48;14.28;41.77;0;1
90028;VorArzt;149.76;8.22;41.49;0;1
90028;NachArzt;171.77;2.25;19.48;0;1
90030;Ankunft;142.07;24.31;58.11;0;1
90030;NachRezeption;147.54;19.05;52.64;0;1
90030;VorSchwester;147.54;19.05;52.64;0;1
90030;NachSchwester;152.77;14.28;47.40;0;1
90030;VorArzt;159.77;8.22;40.40;0;1
90030;NachArzt;177.73;2.25;22.45;0;1
90036;Ankunft;154.42;18.82;47.68;0;1
90036;NachRezeption;162.62;14.28;39.48;0;1
90036;VorArzt;162.97;8.22;39.13;0;1
90036;NachArzt;201.85;0.25;0.25;1;1
90027;Ankunft;137.92;24.31;68.97;0;1
90027;NachRezeption;142.42;19.05;64.47;0;1
90027;VorSchwester;142.42;19.05;64.47;0;1
90027;NachSchwester;146.00;14.28;60.89;0;1
90027;VorArzt;165.24;8.22;41.66;0;1
90027;NachArzt;206.64;0.25;0.25;1;1
90038;Ankunft;157.02;18.82;51.06;0;1
90038;NachRezeption;165.30;14.28;42.77;0;1
90038;VorArzt;166.10;8.22;41.98;0;1
90038;NachArzt;207.82;0.25;0.25;1;1
90037;Ankunft;156.37;18.82;52.45;0;1
90037;NachRezeption;163.67;19.05;45.15;0;1
90037;VorSchwester;163.67;19.05;45.15;0;1
90037;NachSchwester;165.42;14.28;43.39;0;1
90037;VorArzt;170.12;8.22;38.70;0;1
90037;NachArzt;208.57;0.25;0.25;1;1
90041;Ankunft;163.00;18.82;48.73;0;1
90041;NachRezeption;172.91;14.28;38.82;0;1
90041;VorArzt;173.14;8.22;38.59;0;1
90041;NachArzt;211.47;0.25;0.25;1;1
90034;Ankunft;150.62;18.82;63.52;0;1
90034;NachRezeption;157.64;14.28;56.50;0;1
90034;VorArzt;159.49;8.22;54.65;0;1
90034;NachArzt;192.57;2.25;21.57;0;1
90039;Ankunft;158.32;18.82;58.55;0;1
90039;NachRezeption;168.04;14.28;48.83;0;1
90039;VorArzt;174.46;8.22;42.41;0;1
90039;NachArzt;216.62;0.25;0.25;1;1
90032;Ankunft;146.79;18.82;74.94;0;1
90032;NachRezeption;151.08;19.05;70.64;0;1
90032;VorSchwester;151.08;19.05;70.64;0;1
90032;NachSchwester;161.76;14.28;59.96;0;1
90032;VorArzt;163.03;8.22;58.69;0;1
90032;NachArzt;203.26;2.25;18.47;0;1
90043;Ankunft;165.11;24.31;56.79;0;1
90043;NachRezeption;177.08;14.28;44.82;0;1
90043;VorArzt;177.49;8.22;44.42;0;1
90043;NachArzt;221.66;0.25;0.25;1;1
90040;Ankunft;161.43;18.82;64.30;0;1
90040;NachRezeption;169.23;19.05;56.51;0;1
90040;VorSchwester;169.23;19.05;56.51;0;1
90040;NachSchwester;176.18;14.28;49.56;0;1
90040;VorArzt;179.45;8.22;46.28;0;1
90040;NachArzt;225.48;0.25;0.25;1;1
90048;Ankunft;175.66;18.82;56.82;0;1
90048;NachRezeption;199.19;14.28;33.29;0;1
90048;VorArzt;200.40;8.22;32.08;0;1
90048;NachArzt;232.23;0.25;0.25;1;1
90053;Ankunft;185.83;18.82;47.71;0;1
90053;NachRezeption;206.32;14.28;27.22;0;1
90053;VorArzt;207.05;8.22;26.49;0;1
90053;NachArzt;233.29;0.25;0.25;1;1
90042;Ankunft;164.41;18.82;76.56;0;1
90042;NachRezeption;175.83;14.28;65.14;0;1
90042;VorArzt;176.44;8.22;64.53;0;1
90042;NachArzt;211.87;2.25;29.10;0;1
90054;Ankunft;185.87;18.82;60.84;0;1
90054;NachRezeption;207.20;14.28;39.50;0;1
90054;VorArzt;208.13;8.22;38.58;0;1
90054;NachArzt;246.45;0.25;0.25;1;1
90050;Ankunft;181.89;18.82;70.24;0;1
90050;NachRezeption;204.05;19.05;48.09;0;1
90050;VorSchwester;204.05;19.05;48.09;0;1
90050;NachSchwester;206.28;14.28;45.86;0;1
90050;VorArzt;206.82;8.22;45.32;0;1
90050;NachArzt;251.89;0.25;0.25;1;1
90046;Ankunft;173.69;24.31;81.02;0;1
90046;NachRezeption;191.32;19.05;63.40;0;1
90046;VorSchwester;191.32;19.05;63.40;0;1
90046;NachSchwester;192.53;14.28;62.18;0;1
90046;VorArzt;218.63;8.22;36.08;0;1
90046;NachArzt;254.46;0.25;0.25;1;1
90044;Ankunft;167.32;18.82;91.44;0;1
90044;NachRezeption;187.74;19.05;71.02;0;1
90044;VorSchwester;187.74;19.05;71.02;0;1
90044;NachSchwester;192.55;14.28;66.21;0;1
90044;VorArzt;193.03;8.22;65.73;0;1
90044;NachArzt;224.81;2.25;33.95;0;1
90049;Ankunft;178.16;18.82;88.28;0;1
90049;NachRezeption;201.65;14.28;64.79;0;1
90049;VorArzt;202.34;8.22;64.10;0;1
90049;NachArzt;237.73;2.25;28.71;0;1
90047;Ankunft;174.32;24.31;96.85;0;1
90047;NachRezeption;196.96;19.05;74.21;0;1
90047;VorSchwester;196.96;19.05;74.21;0;1
90047;NachSchwester;201.14;14.28;70.03;0;1
90047;VorArzt;203.97;8.22;67.19;0;1
90047;NachArzt;243.31;2.25;27.85;0;1
90058;Ankunft;195.94;18.82;76.42;0;1
90058;NachRezeption;214.68;19.05;57.68;0;1
90058;VorSchwester;214.68;19.05;57.68;0;1
90058;NachSchwester;216.35;14.28;56.01;0;1
90058;VorArzt;217.12;8.22;55.24;0;1
90058;NachArzt;272.11;0.25;0.25;1;1
90045;Ankunft;171.56;18.82;103.35;0;1
90045;NachRezeption;190.33;19.05;84.59;0;1
90045;VorSchwester;190.33;19.05;84.59;0;1
90045;NachSchwester;195.81;14.28;79.11;0;1
90045;VorArzt;204.47;8.22;70.44;0;1
90045;NachArzt;249.06;2.25;25.85;0;1
90035;Ankunft;152.55;24.31;125.96;0;1
90035;NachRezeption;159.02;19.05;119.49;0;1
90035;VorSchwester;159.02;19.05;119.49;0;1
90035;NachSchwester;161.20;14.28;117.31;0;1
90035;VorArzt;214.29;8.22;64.21;0;1
90035;NachArzt;250.44;2.25;28.07;0;1
90061;Ankunft;200.25;18.82;82.06;0;1
90061;NachRezeption;219.93;19.05;62.39;0;1
90061;VorSchwester;219.93;19.05;62.39;0;1
90061;NachSchwester;221.44;14.28;60.87;0;1
90061;VorArzt;223.70;8.22;58.61;0;1
90061;NachArzt;257.61;2.25;24.71;0;1
90051;Ankunft;182.85;18.82;99.69;0;1
90051;NachRezeption;205.50;19.05;77.04;0;1
90051;VorSchwester;205.50;19.05;77.04;0;1
90051;NachSchwester;207.61;14.28;74.93;0;1
90051;VorArzt;209.12;8.22;73.42;0;1
90051;NachArzt;258.28;2.25;24.26;0;1
90067;Ankunft;210.29;18.82;72.98;0;1
90067;NachRezeption;236.36;14.28;46.91;0;1
90067;VorArzt;237.16;8.22;46.11;0;1
90067;NachArzt;283.02;0.25;0.25;1;1
90052;Ankunft;185.32;24.31;104.16;0;1
90052;NachRezeption;205.89;19.05;83.60;0;1
90052;VorSchwester;205.89;19.05;83.60;0;1
90052;NachSchwester;212.23;14.28;77.25;0;1
90052;VorArzt;212.59;8.22;76.90;0;1
90052;NachArzt;263.85;2.25;25.63;0;1
90064;Ankunft;207.91;24.31;81.74;0;1
90064;NachRezeption;225.56;14.28;64.09;0;1
90064;VorArzt;229.52;8.22;60.12;0;1
90064;NachArzt;289.40;0.25;0.25;1;1
90055;Ankunft;185.99;18.82;106.53;0;1
90055;NachRezeption;209.12;19.05;83.39;0;1
90055;VorSchwester;209.12;19.05;83.39;0;1
90055;NachSchwester;213.96;14.28;78.55;0;1
90055;VorArzt;214.75;8.22;77.76;0;1
90055;NachArzt;266.28;2.25;26.24;0;1
90065;Ankunft;208.99;18.82;83.53;0;1
90065;NachRezeption;231.77;14.28;60.75;0;1
90065;VorArzt;232.51;8.22;60.02;0;1
90065;NachArzt;292.28;0.25;0.25;1;1
90060;Ankunft;198.30;18.82;100.52;0;1
90060;NachRezeption;218.95;19.05;79.87;0;1
90060;VorSchwester;218.95;19.05;79.87;0;1
90060;NachSchwester;223.19;14.28;75.63;0;1
90060;VorArzt;224.48;8.22;74.34;0;1
90060;NachArzt;268.40;2.25;30.42;0;1
90059;Ankunft;197.35;18.82;103.33;0;1
90059;NachRezeption;216.33;14.28;84.35;0;1
90059;VorArzt;216.66;8.22;84.02;0;1
90059;NachArzt;269.83;2.25;30.85;0;1
90079;Ankunft;231.60;18.82;70.82;0;1
90079;NachRezeption;266.16;19.05;36.26;0;1
90079;VorSchwester;266.16;19.05;36.26;0;1
90079;NachSchwester;267.12;14.28;35.30;0;1
90079;VorArzt;268.53;8.22;33.89;0;1
90079;NachArzt;302.17;0.25;0.25;1;1
90063;Ankunft;204.98;18.82;97.91;0;1
90063;NachRezeption;221.91;14.28;80.97;0;1
90063;VorArzt;227.15;8.22;75.73;0;1
90063;NachArzt;274.19;2.25;28.70;0;1
90056;Ankunft;187.24;24.31;125.06;0;1
90056;NachRezeption;211.35;19.05;100.95;0;1
90056;VorSchwester;211.35;19.05;100.95;0;1
90056;NachSchwester;215.38;14.28;96.92;0;1
90056;VorArzt;228.35;8.22;83.95;0;1
90056;NachArzt;279.08;2.25;33.22;0;1
90057;Ankunft;189.93;18.82;126.08;0;1
90057;NachRezeption;212.45;14.28;103.56;0;1
90057;VorArzt;217.22;8.22;98.80;0;1
90057;NachArzt;280.65;2.25;35.36;0;1
90081;Ankunft;243.95;18.82;76.74;0;1
90081;NachRezeption;271.83;14.28;48.87;0;1
90081;VorArzt;272.16;8.22;48.54;0;1
90081;NachArzt;320.45;0.25;0.25;1;1
90062;Ankunft;202.58;18.82;119.10;0;1
90062;NachRezeption;220.77;14.28;100.91;0;1
90062;VorArzt;227.40;8.22;94.28;0;1
90062;NachArzt;286.15;2.25;35.54;0;1
90066;Ankunft;209.13;18.82;116.46;0;1
90066;NachRezeption;233.93;19.05;91.66;0;1
90066;VorSchwester;233.93;19.05;91.66;0;1
90066;NachSchwester;238.91;14.28;86.68;0;1
90066;VorArzt;239.36;8.22;86.24;0;1
90066;NachArzt;289.37;2.25;36.23;0;1
90069;Ankunft;212.09;18.82;116.00;0;1
90069;NachRezeption;245.51;19.05;82.57;0;1
90069;VorSchwester;245.51;19.05;82.57;0;1
90069;NachSchwester;249.52;14.28;78.57;0;1
90069;VorArzt;250.33;8.22;77.76;0;1
90069;NachArzt;292.09;2.25;36.00;0;1
90068;Ankunft;210.38;18.82;119.05;0;1
90068;NachRezeption;237.65;19.05;91.78;0;1
90068;VorSchwester;237.65;19.05;91.78;0;1
90068;NachSchwester;241.05;14.28;88.38;0;1
90068;VorArzt;244.21;8.22;85.22;0;1
90068;NachArzt;294.59;2.25;34.84;0;1
90074;Ankunft;225.08;18.82;106.37;0;1
90074;NachRezeption;259.06;19.05;72.39;0;1
90074;VorSchwester;259.06;19.05;72.39;0;1
90074;NachSchwester;265.32;14.28;66.13;0;1
90074;VorArzt;267.98;8.22;63.47;0;1
90074;NachArzt;331.20;0.25;0.25;1;1
90071;Ankunft;217.46;18.82;114.81;0;1
90071;NachRezeption;256.02;14.28;76.26;0;1
90071;VorArzt;258.91;8.22;73.36;0;1
90071;NachArzt;296.53;2.25;35.75;0;1
90076;Ankunft;226.72;24.31;108.28;0;1
90076;NachRezeption;261.46;19.05;73.54;0;1
90076;VorSchwester;261.46;19.05;73.54;0;1
90076;NachSchwester;262.75;14.28;72.24;0;1
90076;VorArzt;267.57;8.22;67.42;0;1
90076;NachArzt;299.03;2.25;35.96;0;1
90070;Ankunft;212.51;18.82;123.97;0;1
90070;NachRezeption;255.51;14.28;80.97;0;1
90070;VorArzt;258.85;8.22;77.63;0;1
90070;NachArzt;306.09;2.25;30.39;0;1
90073;Ankunft;221.42;18.82;119.93;0;1
90073;NachRezeption;257.05;19.05;84.30;0;1
90073;VorSchwester;257.05;19.05;84.30;0;1
90073;NachSchwester;259.47;14.28;81.88;0;1
90073;VorArzt;259.90;8.22;81.45;0;1
90073;NachArzt;307.77;2.25;33.58;0;1
90080;Ankunft;240.57;18.82;101.74;0;1
90080;NachRezeption;267.71;14.28;74.60;0;1
90080;VorArzt;268.67;8.22;73.64;0;1
90080;NachArzt;308.14;2.25;34.17;0;1
90077;Ankunft;230.03;18.82;114.51;0;1
90077;NachRezeption;265.00;14.28;79.54;0;1
90077;VorArzt;267.91;8.22;76.63;0;1
90077;NachArzt;322.09;2.25;22.46;0;1
90075;Ankunft;225.31;24.31;120.88;0;1
90075;NachRezeption;259.89;19.05;86.30;0;1
90075;VorSchwester;259.89;19.05;86.30;0;1
90075;NachSchwester;265.10;14.28;81.10;0;1
90075;VorArzt;286.02;8.22;60.18;0;1
90075;NachArzt;345.95;0.25;0.25;1;1
90084;Ankunft;250.06;18.82;96.95;0;1
90084;NachRezeption;275.43;19.05;71.58;0;1
90084;VorSchwester;275.43;19.05;71.58;0;1
90084;NachSchwester;280.76;14.28;66.25;0;1
90084;VorArzt;283.99;8.22;63.03;0;1
90084;NachArzt;346.76;0.25;0.25;1;1
90083;Ankunft;247.32;18.82;103.83;0;1
90083;NachRezeption;273.46;14.28;77.69;0;1
90083;VorArzt;274.01;8.22;77.14;0;1
90083;NachArzt;335.51;2.25;15.64;0;1
90072;Ankunft;217.84;18.82;134.07;0;1
90072;NachRezeption;256.37;19.05;95.54;0;1
90072;VorSchwester;256.37;19.05;95.54;0;1
90072;NachSchwester;261.41;14.28;90.49;0;1
90072;VorArzt;270.42;8.22;81.49;0;1
90072;NachArzt;336.86;2.25;15.04;0;1
90078;Ankunft;230.42;24.31;122.39;0;1
90078;NachRezeption;263.82;19.05;88.99;0;1
90078;VorSchwester;263.82;19.05;88.99;0;1
90078;NachSchwester;271.89;14.28;80.92;0;1
90078;VorArzt;282.79;8.22;70.02;0;1
90078;NachArzt;340.91;2.25;11.90;0;1
90082;Ankunft;245.02;18.82;108.58;0;1
90082;NachRezeption;272.61;14.28;80.99;0;1
90082;VorArzt;277.86;8.22;75.74;0;1
90082;NachArzt;341.64;2.25;11.96;0;1
90086;Ankunft;253.42;18.82;100.89;0;1
90086;NachRezeption;280.61;14.28;73.70;0;1
90086;VorArzt;284.98;8.22;69.33;0;1
90086;NachArzt;354.06;0.25;0.25;1;1
90090;Ankunft;267.01;24.31;88.61;0;1
90090;NachRezeption;293.24;14.28;62.38;0;1
90090;VorArzt;301.47;8.22;54.16;0;1
90090;NachArzt;355.13;2.25;0.49;0;1
90096;Ankunft;279.87;18.82;77.97;0;1
90096;NachRezeption;314.14;14.28;43.70;0;1
90096;VorArzt;315.00;8.22;42.84;0;1
90096;NachArzt;357.59;0.25;0.25;1;1
90085;Ankunft;252.84;24.31;116.17;0;1
90085;NachRezeption;279.59;14.28;89.41;0;1
90085;VorArzt;287.86;8.22;81.14;0;1
90085;NachArzt;368.75;0.25;0.25;1;1
90089;Ankunft;260.73;18.82;109.52;0;1
90089;NachRezeption;286.88;14.28;83.36;0;1
90089;VorArzt;287.27;8.22;82.98;0;1
90089;NachArzt;360.34;2.25;9.91;0;1
90092;Ankunft;277.22;24.31;99.45;0;1
90092;NachRezeption;307.88;14.28;68.79;0;1
90092;VorArzt;315.62;8.22;61.05;0;1
90092;NachArzt;367.40;2.25;9.27;0;1
90097;Ankunft;282.66;24.31;98.33;0;1
90097;NachRezeption;318.34;19.05;62.65;0;1
90097;VorSchwester;318.34;19.05;62.65;0;1
90097;NachSchwester;327.88;14.28;53.11;0;1
90097;VorArzt;328.61;8.22;52.38;0;1
90097;NachArzt;380.36;2.25;0.63;0;1
90087;Ankunft;260.09;24.31;121.00;0;1
90087;NachRezeption;285.96;14.28;95.13;0;1
90087;VorArzt;292.16;8.22;88.92;0;1
90087;NachArzt;380.84;0.25;0.25;1;1
90102;Ankunft;329.48;18.82;55.62;0;1
90102;NachRezeption;345.92;19.05;39.18;0;1
90102;VorSchwester;345.92;19.05;39.18;0;1
90102;NachSchwester;347.26;14.28;37.84;0;1
90102;VorArzt;349.07;8.22;36.03;0;1
90102;NachArzt;383.33;2.25;1.77;0;1
90095;Ankunft;279.13;24.31;109.20;0;1
90095;NachRezeption;311.19;14.28;77.13;0;1
90095;VorArzt;318.22;8.22;70.10;0;1
90095;NachArzt;388.08;0.25;0.25;1;1
90101;Ankunft;308.45;24.31;82.91;0;1
90101;NachRezeption;342.52;14.28;48.84;0;1
90101;VorArzt;359.91;8.22;31.45;0;1
90101;NachArzt;389.02;2.25;2.34;1;1
90088;Ankunft;260.43;18.82;132.78;0;1
90088;NachRezeption;286.23;14.28;106.97;0;1
90088;VorArzt;294.67;8.22;98.53;0;1
90088;NachArzt;391.98;2.25;1.22;0;1
90103;Ankunft;334.79;24.31;59.01;0;1
90103;NachRezeption;347.99;19.05;45.81;0;1
90103;VorSchwester;347.99;19.05;45.81;0;1
90103;NachSchwester;350.03;14.28;43.77;0;1
90103;VorArzt;374.44;8.22;19.36;0;1
90103;NachArzt;392.70;2.25;1.10;0;1
90104;Ankunft;366.26;18.82;28.04;0;1
90104;NachRezeption;373.83;14.28;20.47;0;1
90104;VorArzt;376.92;8.22;17.38;0;1
90104;NachArzt;394.05;0.25;0.25;1;1
90094;Ankunft;278.17;18.82;119.61;0;1
90094;NachRezeption;310.79;14.28;86.99;0;1
90094;VorArzt;315.63;8.22;82.15;0;1
90094;NachArzt;396.30;2.25;1.48;0;1
90093;Ankunft;277.72;18.82;130.38;0;1
90093;NachRezeption;310.29;19.05;97.81;0;1
90093;VorSchwester;310.29;19.05;97.81;0;1
90093;NachSchwester;314.79;14.28;93.30;0;1
90093;VorArzt;316.62;8.22;91.47;0;1
90093;NachArzt;405.45;2.25;2.64;1;1
90091;Ankunft;274.57;24.31;134.28;0;1
90091;NachRezeption;307.42;19.05;101.43;0;1
90091;VorSchwester;307.42;19.05;101.43;0;1
90091;NachSchwester;310.76;14.28;98.09;0;1
90091;VorArzt;330.99;8.22;77.86;0;1
90091;NachArzt;408.60;0.25;0.25;1;1
90098;Ankunft;296.12;18.82;119.71;0;1
90098;NachRezeption;331.45;14.28;84.39;0;1
90098;VorArzt;333.71;8.22;82.12;0;1
90098;NachArzt;415.58;0.25;0.25;1;1
90099;Ankunft;298.69;18.82;124.64;0;1
90099;NachRezeption;333.99;14.28;89.34;0;1
90099;VorArzt;337.61;8.22;85.72;0;1
90099;NachArzt;421.86;2.25;1.47;0;1
90100;Ankunft;300.47;18.82;129.33;0;1
90100;NachRezeption;336.13;14.28;93.67;0;1
90100;VorArzt;341.27;8.22;88.53;0;1
90100;NachArzt;429.55;0.25;0.25;1;1
90105;Ankunft;379.35;18.82;51.79;0;1
90105;NachRezeption;380.30;19.05;50.84;0;1
90105;VorSchwester;380.30;19.05;50.84;0;1
90105;NachSchwester;383.43;14.28;47.71;0;1
90105;VorArzt;384.89;8.22;46.25;0;1
90105;NachArzt;430.89;0.25;0.25;1;1
